,Field Name,Input Transformation,Join Condition,Join Type,Lookup Join Condition,Lookup sql override,Port Type,Script Name,Transformation
0,INVOICE_ID,JNR_INVOICES_INTERFACE,VND_IVC_NO = INV_NO1,Full Outer Join,,NA,INPUT/OUTPUT/MASTER,m_acc0051_P100_staging_to_AP,Joiner
0,VND_IVC_NO,JNR_INVOICES_INTERFACE,VND_IVC_NO = INV_NO1,Full Outer Join,,NA,INPUT/OUTPUT/MASTER,m_acc0051_P100_staging_to_AP,Joiner
0,TYP_CD,JNR_INVOICES_INTERFACE,VND_IVC_NO = INV_NO1,Full Outer Join,,NA,INPUT/OUTPUT/MASTER,m_acc0051_P100_staging_to_AP,Joiner
0,BTC_REF_NO,JNR_INVOICES_INTERFACE,VND_IVC_NO = INV_NO1,Full Outer Join,,NA,INPUT/OUTPUT/MASTER,m_acc0051_P100_staging_to_AP,Joiner
0,MGT_DIV_NO,JNR_INVOICES_INTERFACE,VND_IVC_NO = INV_NO1,Full Outer Join,,NA,INPUT/OUTPUT/MASTER,m_acc0051_P100_staging_to_AP,Joiner
0,SYS_SRC_CD,JNR_INVOICES_INTERFACE,VND_IVC_NO = INV_NO1,Full Outer Join,,NA,INPUT/OUTPUT/MASTER,m_acc0051_P100_staging_to_AP,Joiner
0,RCD_ID,JNR_INVOICES_INTERFACE,VND_IVC_NO = INV_NO1,Full Outer Join,,NA,INPUT/OUTPUT/MASTER,m_acc0051_P100_staging_to_AP,Joiner
0,PCS_CD,JNR_INVOICES_INTERFACE,VND_IVC_NO = INV_NO1,Full Outer Join,,NA,INPUT/OUTPUT/MASTER,m_acc0051_P100_staging_to_AP,Joiner
0,MGT_DIV_NO1,JNR_INVOICES_INTERFACE,VND_IVC_NO = INV_NO1,Full Outer Join,,NA,INPUT/OUTPUT/MASTER,m_acc0051_P100_staging_to_AP,Joiner
0,BIL_DIV_NO,JNR_INVOICES_INTERFACE,VND_IVC_NO = INV_NO1,Full Outer Join,,NA,INPUT/OUTPUT/MASTER,m_acc0051_P100_staging_to_AP,Joiner
0,CCL_VND_NO,JNR_INVOICES_INTERFACE,VND_IVC_NO = INV_NO1,Full Outer Join,,NA,INPUT/OUTPUT/MASTER,m_acc0051_P100_staging_to_AP,Joiner
0,VND_SUF_NO,JNR_INVOICES_INTERFACE,VND_IVC_NO = INV_NO1,Full Outer Join,,NA,INPUT/OUTPUT/MASTER,m_acc0051_P100_staging_to_AP,Joiner
0,IVC_DT,JNR_INVOICES_INTERFACE,VND_IVC_NO = INV_NO1,Full Outer Join,,NA,INPUT/OUTPUT/MASTER,m_acc0051_P100_staging_to_AP,Joiner
0,IVC_DUE_DT,JNR_INVOICES_INTERFACE,VND_IVC_NO = INV_NO1,Full Outer Join,,NA,INPUT/OUTPUT/MASTER,m_acc0051_P100_staging_to_AP,Joiner
0,IVC_GRS_AM,JNR_INVOICES_INTERFACE,VND_IVC_NO = INV_NO1,Full Outer Join,,NA,INPUT/OUTPUT/MASTER,m_acc0051_P100_staging_to_AP,Joiner
0,IVC_DED_AM,JNR_INVOICES_INTERFACE,VND_IVC_NO = INV_NO1,Full Outer Join,,NA,INPUT/OUTPUT/MASTER,m_acc0051_P100_staging_to_AP,Joiner
0,SGN_CD,JNR_INVOICES_INTERFACE,VND_IVC_NO = INV_NO1,Full Outer Join,,NA,INPUT/OUTPUT/MASTER,m_acc0051_P100_staging_to_AP,Joiner
0,IVC_DIS_AM,JNR_INVOICES_INTERFACE,VND_IVC_NO = INV_NO1,Full Outer Join,,NA,INPUT/OUTPUT/MASTER,m_acc0051_P100_staging_to_AP,Joiner
0,IVC_SLS_TAX_AM,JNR_INVOICES_INTERFACE,VND_IVC_NO = INV_NO1,Full Outer Join,,NA,INPUT/OUTPUT/MASTER,m_acc0051_P100_staging_to_AP,Joiner
0,IVC_NET_AM,JNR_INVOICES_INTERFACE,VND_IVC_NO = INV_NO1,Full Outer Join,,NA,INPUT/OUTPUT/MASTER,m_acc0051_P100_staging_to_AP,Joiner
0,SGN_002_CD,JNR_INVOICES_INTERFACE,VND_IVC_NO = INV_NO1,Full Outer Join,,NA,INPUT/OUTPUT/MASTER,m_acc0051_P100_staging_to_AP,Joiner
0,CHK_RTN_CD,JNR_INVOICES_INTERFACE,VND_IVC_NO = INV_NO1,Full Outer Join,,NA,INPUT/OUTPUT/MASTER,m_acc0051_P100_staging_to_AP,Joiner
0,BTC_REF_NO1,JNR_INVOICES_INTERFACE,VND_IVC_NO = INV_NO1,Full Outer Join,,NA,INPUT/OUTPUT/MASTER,m_acc0051_P100_staging_to_AP,Joiner
0,POR_VND_NO,JNR_INVOICES_INTERFACE,VND_IVC_NO = INV_NO1,Full Outer Join,,NA,INPUT/OUTPUT/MASTER,m_acc0051_P100_staging_to_AP,Joiner
0,POR_VND_SUF_NO,JNR_INVOICES_INTERFACE,VND_IVC_NO = INV_NO1,Full Outer Join,,NA,INPUT/OUTPUT/MASTER,m_acc0051_P100_staging_to_AP,Joiner
0,POR_NO,JNR_INVOICES_INTERFACE,VND_IVC_NO = INV_NO1,Full Outer Join,,NA,INPUT/OUTPUT/MASTER,m_acc0051_P100_staging_to_AP,Joiner
0,STO_NO,JNR_INVOICES_INTERFACE,VND_IVC_NO = INV_NO1,Full Outer Join,,NA,INPUT/OUTPUT/MASTER,m_acc0051_P100_staging_to_AP,Joiner
0,SYS_SRC_CD1,JNR_INVOICES_INTERFACE,VND_IVC_NO = INV_NO1,Full Outer Join,,NA,INPUT/OUTPUT/MASTER,m_acc0051_P100_staging_to_AP,Joiner
0,TAX_SLF_FL,JNR_INVOICES_INTERFACE,VND_IVC_NO = INV_NO1,Full Outer Join,,NA,INPUT/OUTPUT/MASTER,m_acc0051_P100_staging_to_AP,Joiner
0,BAR_REF_NO,JNR_INVOICES_INTERFACE,VND_IVC_NO = INV_NO1,Full Outer Join,,NA,INPUT/OUTPUT/MASTER,m_acc0051_P100_staging_to_AP,Joiner
0,IVC_CTL_NO,JNR_INVOICES_INTERFACE,VND_IVC_NO = INV_NO1,Full Outer Join,,NA,INPUT/OUTPUT/MASTER,m_acc0051_P100_staging_to_AP,Joiner
0,VND_NAM_TX,JNR_INVOICES_INTERFACE,VND_IVC_NO = INV_NO1,Full Outer Join,,NA,INPUT/OUTPUT/MASTER,m_acc0051_P100_staging_to_AP,Joiner
0,DSC_TX,JNR_INVOICES_INTERFACE,VND_IVC_NO = INV_NO1,Full Outer Join,,NA,INPUT/OUTPUT/MASTER,m_acc0051_P100_staging_to_AP,Joiner
0,KASH,JNR_INVOICES_INTERFACE,VND_IVC_NO = INV_NO1,Full Outer Join,,NA,INPUT/OUTPUT/MASTER,m_acc0051_P100_staging_to_AP,Joiner
0,GL_DATE1,JNR_INVOICES_INTERFACE,VND_IVC_NO = INV_NO1,Full Outer Join,,NA,INPUT/OUTPUT/MASTER,m_acc0051_P100_staging_to_AP,Joiner
0,GROUP_ID,JNR_INVOICES_INTERFACE,VND_IVC_NO = INV_NO1,Full Outer Join,,NA,INPUT/OUTPUT/MASTER,m_acc0051_P100_staging_to_AP,Joiner
0,BATCH_ID,JNR_INVOICES_INTERFACE,VND_IVC_NO = INV_NO1,Full Outer Join,,NA,INPUT/OUTPUT/MASTER,m_acc0051_P100_staging_to_AP,Joiner
0,FILLER,JNR_INVOICES_INTERFACE,VND_IVC_NO = INV_NO1,Full Outer Join,,NA,INPUT/OUTPUT/MASTER,m_acc0051_P100_staging_to_AP,Joiner
0,BTC_REF_NO11,JNR_INVOICES_INTERFACE,VND_IVC_NO = INV_NO1,Full Outer Join,,NA,INPUT/OUTPUT,m_acc0051_P100_staging_to_AP,Joiner
0,MGT_DIV_NO11,JNR_INVOICES_INTERFACE,VND_IVC_NO = INV_NO1,Full Outer Join,,NA,INPUT/OUTPUT,m_acc0051_P100_staging_to_AP,Joiner
0,SYS_SRC_CD11,JNR_INVOICES_INTERFACE,VND_IVC_NO = INV_NO1,Full Outer Join,,NA,INPUT/OUTPUT,m_acc0051_P100_staging_to_AP,Joiner
0,KAS_PRJ_CD1,JNR_INVOICES_INTERFACE,VND_IVC_NO = INV_NO1,Full Outer Join,,NA,INPUT/OUTPUT,m_acc0051_P100_staging_to_AP,Joiner
0,KAS_DIV_NO1,JNR_INVOICES_INTERFACE,VND_IVC_NO = INV_NO1,Full Outer Join,,NA,INPUT/OUTPUT,m_acc0051_P100_staging_to_AP,Joiner
0,ACC_NO1,JNR_INVOICES_INTERFACE,VND_IVC_NO = INV_NO1,Full Outer Join,,NA,INPUT/OUTPUT,m_acc0051_P100_staging_to_AP,Joiner
0,DESC1,JNR_INVOICES_INTERFACE,VND_IVC_NO = INV_NO1,Full Outer Join,,NA,INPUT/OUTPUT,m_acc0051_P100_staging_to_AP,Joiner
0,IDN_NO1,JNR_INVOICES_INTERFACE,VND_IVC_NO = INV_NO1,Full Outer Join,,NA,INPUT/OUTPUT,m_acc0051_P100_staging_to_AP,Joiner
0,JRL_ENT_NO1,JNR_INVOICES_INTERFACE,VND_IVC_NO = INV_NO1,Full Outer Join,,NA,INPUT/OUTPUT,m_acc0051_P100_staging_to_AP,Joiner
0,VENDOR_NAME1,JNR_INVOICES_INTERFACE,VND_IVC_NO = INV_NO1,Full Outer Join,,NA,INPUT/OUTPUT,m_acc0051_P100_staging_to_AP,Joiner
0,OWNER1,JNR_INVOICES_INTERFACE,VND_IVC_NO = INV_NO1,Full Outer Join,,NA,INPUT/OUTPUT,m_acc0051_P100_staging_to_AP,Joiner
0,YEAR_PERIOD1,JNR_INVOICES_INTERFACE,VND_IVC_NO = INV_NO1,Full Outer Join,,NA,INPUT/OUTPUT,m_acc0051_P100_staging_to_AP,Joiner
0,STORE_NO1,JNR_INVOICES_INTERFACE,VND_IVC_NO = INV_NO1,Full Outer Join,,NA,INPUT/OUTPUT,m_acc0051_P100_staging_to_AP,Joiner
0,INV_NO1,JNR_INVOICES_INTERFACE,VND_IVC_NO = INV_NO1,Full Outer Join,,NA,INPUT/OUTPUT,m_acc0051_P100_staging_to_AP,Joiner
0,FISCAL_WEEK1,JNR_INVOICES_INTERFACE,VND_IVC_NO = INV_NO1,Full Outer Join,,NA,INPUT/OUTPUT,m_acc0051_P100_staging_to_AP,Joiner
0,PO_NUM1,JNR_INVOICES_INTERFACE,VND_IVC_NO = INV_NO1,Full Outer Join,,NA,INPUT/OUTPUT,m_acc0051_P100_staging_to_AP,Joiner
0,CA_NO1,JNR_INVOICES_INTERFACE,VND_IVC_NO = INV_NO1,Full Outer Join,,NA,INPUT/OUTPUT,m_acc0051_P100_staging_to_AP,Joiner
0,DOLLAR_AMT1,JNR_INVOICES_INTERFACE,VND_IVC_NO = INV_NO1,Full Outer Join,,NA,INPUT/OUTPUT,m_acc0051_P100_staging_to_AP,Joiner
0,DEPT_LOCATION1,JNR_INVOICES_INTERFACE,VND_IVC_NO = INV_NO1,Full Outer Join,,NA,INPUT/OUTPUT,m_acc0051_P100_staging_to_AP,Joiner
0,SUB_CLASS1,JNR_INVOICES_INTERFACE,VND_IVC_NO = INV_NO1,Full Outer Join,,NA,INPUT/OUTPUT,m_acc0051_P100_staging_to_AP,Joiner
0,RECEIVER_NUMBER1,JNR_INVOICES_INTERFACE,VND_IVC_NO = INV_NO1,Full Outer Join,,NA,INPUT/OUTPUT,m_acc0051_P100_staging_to_AP,Joiner
0,UNIQUE_NUMBER3,JNR_INVOICES_INTERFACE,VND_IVC_NO = INV_NO1,Full Outer Join,,NA,INPUT/OUTPUT,m_acc0051_P100_staging_to_AP,Joiner
0,FILLER1,JNR_INVOICES_INTERFACE,VND_IVC_NO = INV_NO1,Full Outer Join,,NA,INPUT/OUTPUT,m_acc0051_P100_staging_to_AP,Joiner
0,NA,LKP_LOCATION_RULE,,NA,LOCATION_TRANSLATION_TXT = in_LOCATION_TRANSLATION_TXT AND RULE_ID = in_RULE_ID,,NA,m_acc0051_P100_staging_to_AP,Lookup Procedure
0,NA,LKP_UNCONNECTED_DIVISION_RULE,,NA,DIVISION_ID = in_DIVISION_ID AND RULE_ID = in_RULE_ID,,NA,m_acc0051_P100_staging_to_AP,Lookup Procedure
0,NA,lkp_UNCONNECTED_TRANSLATION_RULE,,NA,RULE_DSC = in_RULE_DSC,,NA,m_acc0051_P100_staging_to_AP,Lookup Procedure
0,NA,LKP_UNCONNECTED_DIM_LOC_FAC,,NA,FAC_NO = in_STO_NO AND REM_DIV_NO = in_BIL_DIV_NO,"SELECT LTRIM(RTRIM(DLT_LOC_ID)) as DLT_LOC_ID, LTRIM(RTRIM(FAC_NO)) as FAC_NO, LTRIM(RTRIM(REM_DIV_NO)) as REM_DIV_NO FROM KCMS.DIM_LOC_FAC WHERE LTRIM(RTRIM(REC_CUR_FL))='Y'",NA,m_acc0051_P100_staging_to_AP,Lookup Procedure
0,NA,LKP_BATCH_CONTROL,,NA,BATCH_ID = in_BATCH_ID,,NA,m_acc0051_P100_staging_to_AP,Lookup Procedure
0,NA,LKP_DIM_CAL_LVL_DAY_PRD,,NA,DAY_DT = in_FILE_DATE,"SELECT DISTINCT YER_NO as YER_NO, PID_WEK_NO as PID_WEK_NO, YER_PID_NO as YER_PID_NO, DAY_DT as DAY_DT FROM KCMS.DIM_CAL_LVL_DAY WHERE BGN_WEK_DAY_ID=1",NA,m_acc0051_P100_staging_to_AP,Lookup Procedure
0,NA,LKP_DIM_CAL_LVL_DAY,,NA,YER_NO = in_YEAR_NO AND YER_PID_NO = in_KRG_PID_NO,"SELECT DISTINCT PID_END_DT as PID_END_DT, BGN_WEK_DAY_ID as BGN_WEK_DAY_ID, YER_NO as YER_NO, YER_PID_NO as YER_PID_NO FROM KCMS.DIM_CAL_LVL_DAY WHERE BGN_WEK_DAY_ID=1",NA,m_acc0051_P100_staging_to_AP,Lookup Procedure
0,NA,LKP_COA_MAPPING,,NA,KAS_DIVISION_NO = BIL_DIV_NO AND KAS_ACCOUNT_NO = ACT_NO,,NA,m_acc0051_P100_staging_to_AP,Lookup Procedure
0,agg_INVOICE_ID,JNR_KAS_ERROR_COUNTS,agg_GROUP_ID = GROUP_ID,Normal Join,,NA,INPUT/OUTPUT/MASTER,m_acc0051_P100_staging_to_AP,Joiner
0,agg_ORACLE_ACCOUNT_CNT,JNR_KAS_ERROR_COUNTS,agg_GROUP_ID = GROUP_ID,Normal Join,,NA,INPUT/OUTPUT/MASTER,m_acc0051_P100_staging_to_AP,Joiner
0,agg_DLT_LOC_CNT,JNR_KAS_ERROR_COUNTS,agg_GROUP_ID = GROUP_ID,Normal Join,,NA,INPUT/OUTPUT/MASTER,m_acc0051_P100_staging_to_AP,Joiner
0,agg_BATCH_ERROR_FLAG,JNR_KAS_ERROR_COUNTS,agg_GROUP_ID = GROUP_ID,Normal Join,,NA,INPUT/OUTPUT/MASTER,m_acc0051_P100_staging_to_AP,Joiner
0,agg_ERROR_CNT,JNR_KAS_ERROR_COUNTS,agg_GROUP_ID = GROUP_ID,Normal Join,,NA,INPUT/OUTPUT/MASTER,m_acc0051_P100_staging_to_AP,Joiner
0,agg_PROCESSED_CNT,JNR_KAS_ERROR_COUNTS,agg_GROUP_ID = GROUP_ID,Normal Join,,NA,INPUT/OUTPUT/MASTER,m_acc0051_P100_staging_to_AP,Joiner
0,agg_GROUP_ID,JNR_KAS_ERROR_COUNTS,agg_GROUP_ID = GROUP_ID,Normal Join,,NA,INPUT/OUTPUT/MASTER,m_acc0051_P100_staging_to_AP,Joiner
0,agg_CCN_CNT,JNR_KAS_ERROR_COUNTS,agg_GROUP_ID = GROUP_ID,Normal Join,,NA,INPUT/OUTPUT/MASTER,m_acc0051_P100_staging_to_AP,Joiner
0,INVOICE_ID,JNR_KAS_ERROR_COUNTS,agg_GROUP_ID = GROUP_ID,Normal Join,,NA,INPUT/OUTPUT,m_acc0051_P100_staging_to_AP,Joiner
0,STO_NO,JNR_KAS_ERROR_COUNTS,agg_GROUP_ID = GROUP_ID,Normal Join,,NA,INPUT/OUTPUT,m_acc0051_P100_staging_to_AP,Joiner
0,BIL_DIV_NO,JNR_KAS_ERROR_COUNTS,agg_GROUP_ID = GROUP_ID,Normal Join,,NA,INPUT/OUTPUT,m_acc0051_P100_staging_to_AP,Joiner
0,GROUP_ID,JNR_KAS_ERROR_COUNTS,agg_GROUP_ID = GROUP_ID,Normal Join,,NA,INPUT/OUTPUT,m_acc0051_P100_staging_to_AP,Joiner
0,TYPE2_ACC_NO,JNR_KAS_ERROR_COUNTS,agg_GROUP_ID = GROUP_ID,Normal Join,,NA,INPUT/OUTPUT,m_acc0051_P100_staging_to_AP,Joiner
0,OPERATING_UNIT,JNR_KAS_ERROR_COUNTS,agg_GROUP_ID = GROUP_ID,Normal Join,,NA,INPUT/OUTPUT,m_acc0051_P100_staging_to_AP,Joiner
0,SOURCE,JNR_KAS_ERROR_COUNTS,agg_GROUP_ID = GROUP_ID,Normal Join,,NA,INPUT/OUTPUT,m_acc0051_P100_staging_to_AP,Joiner
0,INVOICE_NUM,JNR_KAS_ERROR_COUNTS,agg_GROUP_ID = GROUP_ID,Normal Join,,NA,INPUT/OUTPUT,m_acc0051_P100_staging_to_AP,Joiner
0,INVOICE_AMOUNT,JNR_KAS_ERROR_COUNTS,agg_GROUP_ID = GROUP_ID,Normal Join,,NA,INPUT/OUTPUT,m_acc0051_P100_staging_to_AP,Joiner
0,INVOICE_DATE,JNR_KAS_ERROR_COUNTS,agg_GROUP_ID = GROUP_ID,Normal Join,,NA,INPUT/OUTPUT,m_acc0051_P100_staging_to_AP,Joiner
0,VENDOR_NAME,JNR_KAS_ERROR_COUNTS,agg_GROUP_ID = GROUP_ID,Normal Join,,NA,INPUT/OUTPUT,m_acc0051_P100_staging_to_AP,Joiner
0,VENDOR_NUM,JNR_KAS_ERROR_COUNTS,agg_GROUP_ID = GROUP_ID,Normal Join,,NA,INPUT/OUTPUT,m_acc0051_P100_staging_to_AP,Joiner
0,VENDOR_SITE_CODE,JNR_KAS_ERROR_COUNTS,agg_GROUP_ID = GROUP_ID,Normal Join,,NA,INPUT/OUTPUT,m_acc0051_P100_staging_to_AP,Joiner
0,INVOICE_CURRENCY_CODE,JNR_KAS_ERROR_COUNTS,agg_GROUP_ID = GROUP_ID,Normal Join,,NA,INPUT/OUTPUT,m_acc0051_P100_staging_to_AP,Joiner
0,PAYMENT_CURRENCY_CODE,JNR_KAS_ERROR_COUNTS,agg_GROUP_ID = GROUP_ID,Normal Join,,NA,INPUT/OUTPUT,m_acc0051_P100_staging_to_AP,Joiner
0,DESCRIPTION,JNR_KAS_ERROR_COUNTS,agg_GROUP_ID = GROUP_ID,Normal Join,,NA,INPUT/OUTPUT,m_acc0051_P100_staging_to_AP,Joiner
0,INVOICE_TYPE_LOOKUP_CODE,JNR_KAS_ERROR_COUNTS,agg_GROUP_ID = GROUP_ID,Normal Join,,NA,INPUT/OUTPUT,m_acc0051_P100_staging_to_AP,Joiner
0,LEGAL_ENTITY_NAME,JNR_KAS_ERROR_COUNTS,agg_GROUP_ID = GROUP_ID,Normal Join,,NA,INPUT/OUTPUT,m_acc0051_P100_staging_to_AP,Joiner
0,TERMS_NAME,JNR_KAS_ERROR_COUNTS,agg_GROUP_ID = GROUP_ID,Normal Join,,NA,INPUT/OUTPUT,m_acc0051_P100_staging_to_AP,Joiner
0,TERMS_DATE,JNR_KAS_ERROR_COUNTS,agg_GROUP_ID = GROUP_ID,Normal Join,,NA,INPUT/OUTPUT,m_acc0051_P100_staging_to_AP,Joiner
0,ACCOUNTING_DATE,JNR_KAS_ERROR_COUNTS,agg_GROUP_ID = GROUP_ID,Normal Join,,NA,INPUT/OUTPUT,m_acc0051_P100_staging_to_AP,Joiner
0,PAYMENT_METHOD_CODE,JNR_KAS_ERROR_COUNTS,agg_GROUP_ID = GROUP_ID,Normal Join,,NA,INPUT/OUTPUT,m_acc0051_P100_staging_to_AP,Joiner
0,REMIT_TO_SUPPLIER_NAME,JNR_KAS_ERROR_COUNTS,agg_GROUP_ID = GROUP_ID,Normal Join,,NA,INPUT/OUTPUT,m_acc0051_P100_staging_to_AP,Joiner
0,REMIT_TO_SUPPLIER_NUM,JNR_KAS_ERROR_COUNTS,agg_GROUP_ID = GROUP_ID,Normal Join,,NA,INPUT/OUTPUT,m_acc0051_P100_staging_to_AP,Joiner
0,REMIT_TO_ADDRESS_NAME,JNR_KAS_ERROR_COUNTS,agg_GROUP_ID = GROUP_ID,Normal Join,,NA,INPUT/OUTPUT,m_acc0051_P100_staging_to_AP,Joiner
0,ATTRIBUTE_CATEGORY,JNR_KAS_ERROR_COUNTS,agg_GROUP_ID = GROUP_ID,Normal Join,,NA,INPUT/OUTPUT,m_acc0051_P100_staging_to_AP,Joiner
0,ATTRIBUTE1,JNR_KAS_ERROR_COUNTS,agg_GROUP_ID = GROUP_ID,Normal Join,,NA,INPUT/OUTPUT,m_acc0051_P100_staging_to_AP,Joiner
0,ATTRIBUTE2,JNR_KAS_ERROR_COUNTS,agg_GROUP_ID = GROUP_ID,Normal Join,,NA,INPUT/OUTPUT,m_acc0051_P100_staging_to_AP,Joiner
0,ATTRIBUTE3,JNR_KAS_ERROR_COUNTS,agg_GROUP_ID = GROUP_ID,Normal Join,,NA,INPUT/OUTPUT,m_acc0051_P100_staging_to_AP,Joiner
0,ATTRIBUTE4,JNR_KAS_ERROR_COUNTS,agg_GROUP_ID = GROUP_ID,Normal Join,,NA,INPUT/OUTPUT,m_acc0051_P100_staging_to_AP,Joiner
0,ATTRIBUTE5,JNR_KAS_ERROR_COUNTS,agg_GROUP_ID = GROUP_ID,Normal Join,,NA,INPUT/OUTPUT,m_acc0051_P100_staging_to_AP,Joiner
0,ATTRIBUTE6,JNR_KAS_ERROR_COUNTS,agg_GROUP_ID = GROUP_ID,Normal Join,,NA,INPUT/OUTPUT,m_acc0051_P100_staging_to_AP,Joiner
0,ATTRIBUTE7,JNR_KAS_ERROR_COUNTS,agg_GROUP_ID = GROUP_ID,Normal Join,,NA,INPUT/OUTPUT,m_acc0051_P100_staging_to_AP,Joiner
0,ATTRIBUTE8,JNR_KAS_ERROR_COUNTS,agg_GROUP_ID = GROUP_ID,Normal Join,,NA,INPUT/OUTPUT,m_acc0051_P100_staging_to_AP,Joiner
0,ATTRIBUTE9,JNR_KAS_ERROR_COUNTS,agg_GROUP_ID = GROUP_ID,Normal Join,,NA,INPUT/OUTPUT,m_acc0051_P100_staging_to_AP,Joiner
0,ATTRIBUTE10,JNR_KAS_ERROR_COUNTS,agg_GROUP_ID = GROUP_ID,Normal Join,,NA,INPUT/OUTPUT,m_acc0051_P100_staging_to_AP,Joiner
0,ATTRIBUTE11,JNR_KAS_ERROR_COUNTS,agg_GROUP_ID = GROUP_ID,Normal Join,,NA,INPUT/OUTPUT,m_acc0051_P100_staging_to_AP,Joiner
0,ATTRIBUTE12,JNR_KAS_ERROR_COUNTS,agg_GROUP_ID = GROUP_ID,Normal Join,,NA,INPUT/OUTPUT,m_acc0051_P100_staging_to_AP,Joiner
0,ATTRIBUTE13,JNR_KAS_ERROR_COUNTS,agg_GROUP_ID = GROUP_ID,Normal Join,,NA,INPUT/OUTPUT,m_acc0051_P100_staging_to_AP,Joiner
0,ATTRIBUTE14,JNR_KAS_ERROR_COUNTS,agg_GROUP_ID = GROUP_ID,Normal Join,,NA,INPUT/OUTPUT,m_acc0051_P100_staging_to_AP,Joiner
0,ATTRIBUTE15,JNR_KAS_ERROR_COUNTS,agg_GROUP_ID = GROUP_ID,Normal Join,,NA,INPUT/OUTPUT,m_acc0051_P100_staging_to_AP,Joiner
0,ATTRIBUTE_NUMBER1,JNR_KAS_ERROR_COUNTS,agg_GROUP_ID = GROUP_ID,Normal Join,,NA,INPUT/OUTPUT,m_acc0051_P100_staging_to_AP,Joiner
0,ATTRIBUTE_NUMBER2,JNR_KAS_ERROR_COUNTS,agg_GROUP_ID = GROUP_ID,Normal Join,,NA,INPUT/OUTPUT,m_acc0051_P100_staging_to_AP,Joiner
0,ATTRIBUTE_NUMBER3,JNR_KAS_ERROR_COUNTS,agg_GROUP_ID = GROUP_ID,Normal Join,,NA,INPUT/OUTPUT,m_acc0051_P100_staging_to_AP,Joiner
0,LINE_TYPE_LOOKUP_CODE,JNR_KAS_ERROR_COUNTS,agg_GROUP_ID = GROUP_ID,Normal Join,,NA,INPUT/OUTPUT,m_acc0051_P100_staging_to_AP,Joiner
0,TYPE2_KAS_PRJ_CD,JNR_KAS_ERROR_COUNTS,agg_GROUP_ID = GROUP_ID,Normal Join,,NA,INPUT/OUTPUT,m_acc0051_P100_staging_to_AP,Joiner
0,TYPE2_KAS_DIV_NO,JNR_KAS_ERROR_COUNTS,agg_GROUP_ID = GROUP_ID,Normal Join,,NA,INPUT/OUTPUT,m_acc0051_P100_staging_to_AP,Joiner
0,TYPE2_DESC,JNR_KAS_ERROR_COUNTS,agg_GROUP_ID = GROUP_ID,Normal Join,,NA,INPUT/OUTPUT,m_acc0051_P100_staging_to_AP,Joiner
0,TYPE2_IDN_NO,JNR_KAS_ERROR_COUNTS,agg_GROUP_ID = GROUP_ID,Normal Join,,NA,INPUT/OUTPUT,m_acc0051_P100_staging_to_AP,Joiner
0,TYPE2_INV_NO,JNR_KAS_ERROR_COUNTS,agg_GROUP_ID = GROUP_ID,Normal Join,,NA,INPUT/OUTPUT,m_acc0051_P100_staging_to_AP,Joiner
0,TYPE2_JRL_ENT_NO,JNR_KAS_ERROR_COUNTS,agg_GROUP_ID = GROUP_ID,Normal Join,,NA,INPUT/OUTPUT,m_acc0051_P100_staging_to_AP,Joiner
0,TYPE2_VENDOR_NAME,JNR_KAS_ERROR_COUNTS,agg_GROUP_ID = GROUP_ID,Normal Join,,NA,INPUT/OUTPUT,m_acc0051_P100_staging_to_AP,Joiner
0,TYPE2_OWNER,JNR_KAS_ERROR_COUNTS,agg_GROUP_ID = GROUP_ID,Normal Join,,NA,INPUT/OUTPUT,m_acc0051_P100_staging_to_AP,Joiner
0,TYPE2_YEAR_PERIOD,JNR_KAS_ERROR_COUNTS,agg_GROUP_ID = GROUP_ID,Normal Join,,NA,INPUT/OUTPUT,m_acc0051_P100_staging_to_AP,Joiner
0,TYPE2_STORE_NO,JNR_KAS_ERROR_COUNTS,agg_GROUP_ID = GROUP_ID,Normal Join,,NA,INPUT/OUTPUT,m_acc0051_P100_staging_to_AP,Joiner
0,TYPE2_FISCAL_WEEK,JNR_KAS_ERROR_COUNTS,agg_GROUP_ID = GROUP_ID,Normal Join,,NA,INPUT/OUTPUT,m_acc0051_P100_staging_to_AP,Joiner
0,TYPE2_PO_NUM,JNR_KAS_ERROR_COUNTS,agg_GROUP_ID = GROUP_ID,Normal Join,,NA,INPUT/OUTPUT,m_acc0051_P100_staging_to_AP,Joiner
0,TYPE2_CA_NO,JNR_KAS_ERROR_COUNTS,agg_GROUP_ID = GROUP_ID,Normal Join,,NA,INPUT/OUTPUT,m_acc0051_P100_staging_to_AP,Joiner
0,TYPE2_DOLLAR_AMT,JNR_KAS_ERROR_COUNTS,agg_GROUP_ID = GROUP_ID,Normal Join,,NA,INPUT/OUTPUT,m_acc0051_P100_staging_to_AP,Joiner
0,TYPE2_DEPT_LOCATION,JNR_KAS_ERROR_COUNTS,agg_GROUP_ID = GROUP_ID,Normal Join,,NA,INPUT/OUTPUT,m_acc0051_P100_staging_to_AP,Joiner
0,TYPE2_SUB_CLASS,JNR_KAS_ERROR_COUNTS,agg_GROUP_ID = GROUP_ID,Normal Join,,NA,INPUT/OUTPUT,m_acc0051_P100_staging_to_AP,Joiner
0,TYPE2_RECEIVER_NUMBER,JNR_KAS_ERROR_COUNTS,agg_GROUP_ID = GROUP_ID,Normal Join,,NA,INPUT/OUTPUT,m_acc0051_P100_staging_to_AP,Joiner
0,ORACLE_COA_CODE_CONCATENATED,JNR_KAS_ERROR_COUNTS,agg_GROUP_ID = GROUP_ID,Normal Join,,NA,INPUT/OUTPUT,m_acc0051_P100_staging_to_AP,Joiner
0,o_BILL_DIV_ERROR,JNR_KAS_ERROR_COUNTS,agg_GROUP_ID = GROUP_ID,Normal Join,,NA,INPUT/OUTPUT,m_acc0051_P100_staging_to_AP,Joiner
0,o_ORACLE_ACC_ERROR_FLAG,JNR_KAS_ERROR_COUNTS,agg_GROUP_ID = GROUP_ID,Normal Join,,NA,INPUT/OUTPUT,m_acc0051_P100_staging_to_AP,Joiner
0,o_DLT_LOC_ERROR_FLAG,JNR_KAS_ERROR_COUNTS,agg_GROUP_ID = GROUP_ID,Normal Join,,NA,INPUT/OUTPUT,m_acc0051_P100_staging_to_AP,Joiner
0,MANUFACTURING_v1,JNR_KAS_ERROR_COUNTS,agg_GROUP_ID = GROUP_ID,Normal Join,,NA,INPUT/OUTPUT,m_acc0051_P100_staging_to_AP,Joiner
0,SEGMENT_11,JNR_KAS_ERROR_COUNTS,agg_GROUP_ID = GROUP_ID,Normal Join,,NA,INPUT/OUTPUT,m_acc0051_P100_staging_to_AP,Joiner
0,SEGMENT_21,JNR_KAS_ERROR_COUNTS,agg_GROUP_ID = GROUP_ID,Normal Join,,NA,INPUT/OUTPUT,m_acc0051_P100_staging_to_AP,Joiner
0,SEGMENT_31,JNR_KAS_ERROR_COUNTS,agg_GROUP_ID = GROUP_ID,Normal Join,,NA,INPUT/OUTPUT,m_acc0051_P100_staging_to_AP,Joiner
0,SEGMENT_41,JNR_KAS_ERROR_COUNTS,agg_GROUP_ID = GROUP_ID,Normal Join,,NA,INPUT/OUTPUT,m_acc0051_P100_staging_to_AP,Joiner
0,SEGMENT_51,JNR_KAS_ERROR_COUNTS,agg_GROUP_ID = GROUP_ID,Normal Join,,NA,INPUT/OUTPUT,m_acc0051_P100_staging_to_AP,Joiner
0,SEGMENT_61,JNR_KAS_ERROR_COUNTS,agg_GROUP_ID = GROUP_ID,Normal Join,,NA,INPUT/OUTPUT,m_acc0051_P100_staging_to_AP,Joiner
0,SEGMENT_71,JNR_KAS_ERROR_COUNTS,agg_GROUP_ID = GROUP_ID,Normal Join,,NA,INPUT/OUTPUT,m_acc0051_P100_staging_to_AP,Joiner
0,SEGMENT_81,JNR_KAS_ERROR_COUNTS,agg_GROUP_ID = GROUP_ID,Normal Join,,NA,INPUT/OUTPUT,m_acc0051_P100_staging_to_AP,Joiner
0,SEGMENT_91,JNR_KAS_ERROR_COUNTS,agg_GROUP_ID = GROUP_ID,Normal Join,,NA,INPUT/OUTPUT,m_acc0051_P100_staging_to_AP,Joiner
0,lkp_PYMTTERMS_POV_TX,JNR_KAS_ERROR_COUNTS,agg_GROUP_ID = GROUP_ID,Normal Join,,NA,INPUT/OUTPUT,m_acc0051_P100_staging_to_AP,Joiner
0,lkp_PYMTTERMS_BDIV_TX,JNR_KAS_ERROR_COUNTS,agg_GROUP_ID = GROUP_ID,Normal Join,,NA,INPUT/OUTPUT,m_acc0051_P100_staging_to_AP,Joiner
0,o_CCN_ERROR_FLAG,JNR_KAS_ERROR_COUNTS,agg_GROUP_ID = GROUP_ID,Normal Join,,NA,INPUT/OUTPUT,m_acc0051_P100_staging_to_AP,Joiner
0,o_MGT_DIV_ERROR_FLAG,JNR_KAS_ERROR_COUNTS,agg_GROUP_ID = GROUP_ID,Normal Join,,NA,INPUT/OUTPUT,m_acc0051_P100_staging_to_AP,Joiner
0,NA,LKP_UNCONNECTED_SUB_LEDGER_TYPE,,NA,SUB_LEDGER_TYPE_NME = in_FEED_NAME,,NA,m_acc0051_P100_staging_to_AP,Lookup Procedure
0,NA,LKP_SUP_LVL_SUP,,NA,SUP_ID = in_SUP_ID,,NA,m_acc0051_P100_staging_to_AP,Lookup Procedure
0,NA,LKP_SUP_LVL_VND_SIT,,NA,SUP_ID = in_SUP_ID,,NA,m_acc0051_P100_staging_to_AP,Lookup Procedure
0,NA,LKP_SUPPLIER_HUB,,NA,CSH_CTL_VND_NO = ATTRIBUTE12 AND MGT_DIV_ID = ATTRIBUTE_NUMBER2,,NA,m_acc0051_P100_staging_to_AP,Lookup Procedure
0,NA,LKP_ERROR_TYPE1,,NA,ERROR_ATTRIBUTE_TXT = in_ERROR_ATTRIBUTE AND SUB_LEDGER_TYPE_ID = in_FEED_ID,,NA,m_acc0051_P100_staging_to_AP,Lookup Procedure
