<?xml version="1.0" encoding="Windows-1252"?>
<!DOCTYPE POWERMART SYSTEM "powrmart.dtd">
<POWERMART CREATION_DATE="03/28/2018 16:42:16" REPOSITORY_VERSION="184.93">
<REPOSITORY NAME="REP_ODW" VERSION="184" CODEPAGE="MS1252" DATABASETYPE="Oracle">
<FOLDER NAME="DW2_SHARED_ORA_DEV" GROUP="" OWNER="Administrator" SHARED="SHARED" DESCRIPTION="DW2_SHARED_ORA_TEST" PERMISSIONS="rwx---r--" UUID="d6d1fae2-6028-465a-a989-aa9a7b12cd27">
    <TRANSFORMATION DESCRIPTION ="Reusable Lookup to fetch Revenue category as well as Matrix Description for a Infinium GL Code" NAME ="LKP_MATCH_MATRIXCODEMASTER" OBJECTVERSION ="1" REUSABLE ="YES" TYPE ="Lookup Procedure" VERSIONNUMBER ="3">
        <TRANSFORMFIELD DATATYPE ="string" DEFAULTVALUE ="" DESCRIPTION ="" NAME ="MATRIX_CD" PICTURETEXT ="" PORTTYPE ="LOOKUP" PRECISION ="3" SCALE ="0"/>
        <TRANSFORMFIELD DATATYPE ="string" DEFAULTVALUE ="" DESCRIPTION ="" NAME ="MATRIX_DESC" PICTURETEXT ="" PORTTYPE ="LOOKUP/OUTPUT" PRECISION ="200" SCALE ="0"/>
        <TRANSFORMFIELD DATATYPE ="string" DEFAULTVALUE ="" DESCRIPTION ="" NAME ="REVENUE_CTGRY" PICTURETEXT ="" PORTTYPE ="LOOKUP/OUTPUT" PRECISION ="100" SCALE ="0"/>
        <TRANSFORMFIELD DATATYPE ="string" DEFAULTVALUE ="" DESCRIPTION ="" NAME ="i_INFINIUM_GL_CODE_PART" PICTURETEXT ="" PORTTYPE ="INPUT" PRECISION ="3" SCALE ="0"/>
        <TABLEATTRIBUTE NAME ="Lookup Sql Override" VALUE ="SELECT A.MATRIX_DESC as MATRIX_DESC, &#xD;&#xA;A.REVENUE_CTGRY as REVENUE_CTGRY, &#xD;&#xA;A.MATRIX_CD as MATRIX_CD &#xD;&#xA;FROM &#xD;&#xA;$$STG_SCHEMA.S_MST_MATRIXCODEMASTER A&#xD;&#xA;WHERE A.CURRENT_FLAG=&apos;$$RECORD_ACTV_FLG&apos;"/>
        <TABLEATTRIBUTE NAME ="Lookup table name" VALUE ="S_MST_MATRIXCODEMASTER"/>
        <TABLEATTRIBUTE NAME ="Lookup Source Filter" VALUE =""/>
        <TABLEATTRIBUTE NAME ="Lookup caching enabled" VALUE ="YES"/>
        <TABLEATTRIBUTE NAME ="Lookup policy on multiple match" VALUE ="Use First Value"/>
        <TABLEATTRIBUTE NAME ="Lookup condition" VALUE ="MATRIX_CD = i_INFINIUM_GL_CODE_PART"/>
        <TABLEATTRIBUTE NAME ="Connection Information" VALUE ="$DBConnectionSTG"/>
        <TABLEATTRIBUTE NAME ="Source Type" VALUE ="Database"/>
        <TABLEATTRIBUTE NAME ="Recache if Stale" VALUE ="NO"/>
        <TABLEATTRIBUTE NAME ="Tracing Level" VALUE ="Normal"/>
        <TABLEATTRIBUTE NAME ="Lookup cache directory name" VALUE ="$PMCacheDir"/>
        <TABLEATTRIBUTE NAME ="Lookup cache initialize" VALUE ="NO"/>
        <TABLEATTRIBUTE NAME ="Lookup cache persistent" VALUE ="NO"/>
        <TABLEATTRIBUTE NAME ="Lookup Data Cache Size" VALUE ="Auto"/>
        <TABLEATTRIBUTE NAME ="Lookup Index Cache Size" VALUE ="Auto"/>
        <TABLEATTRIBUTE NAME ="Dynamic Lookup Cache" VALUE ="NO"/>
        <TABLEATTRIBUTE NAME ="Synchronize Dynamic Cache" VALUE ="NO"/>
        <TABLEATTRIBUTE NAME ="Output Old Value On Update" VALUE ="NO"/>
        <TABLEATTRIBUTE NAME ="Update Dynamic Cache Condition" VALUE ="TRUE"/>
        <TABLEATTRIBUTE NAME ="Cache File Name Prefix" VALUE =""/>
        <TABLEATTRIBUTE NAME ="Re-cache from lookup source" VALUE ="NO"/>
        <TABLEATTRIBUTE NAME ="Insert Else Update" VALUE ="NO"/>
        <TABLEATTRIBUTE NAME ="Update Else Insert" VALUE ="NO"/>
        <TABLEATTRIBUTE NAME ="Datetime Format" VALUE =""/>
        <TABLEATTRIBUTE NAME ="Thousand Separator" VALUE ="None"/>
        <TABLEATTRIBUTE NAME ="Decimal Separator" VALUE ="."/>
        <TABLEATTRIBUTE NAME ="Case Sensitive String Comparison" VALUE ="NO"/>
        <TABLEATTRIBUTE NAME ="Null ordering" VALUE ="Null Is Highest Value"/>
        <TABLEATTRIBUTE NAME ="Sorted Input" VALUE ="NO"/>
        <TABLEATTRIBUTE NAME ="Lookup source is static" VALUE ="NO"/>
        <TABLEATTRIBUTE NAME ="Pre-build lookup cache" VALUE ="Auto"/>
        <TABLEATTRIBUTE NAME ="Subsecond Precision" VALUE ="6"/>
    </TRANSFORMATION>
    <SOURCE BUSINESSNAME ="" DATABASETYPE ="Oracle" DBDNAME ="RAESTG" DESCRIPTION ="" NAME ="S_TXN_CONTRACT_PROMOTION" OBJECTVERSION ="1" OWNERNAME ="RAESTG" VERSIONNUMBER ="6">
        <SOURCEFIELD BUSINESSNAME ="" DATATYPE ="number(p,s)" DESCRIPTION ="" FIELDNUMBER ="1" FIELDPROPERTY ="0" FIELDTYPE ="ELEMITEM" HIDDEN ="NO" KEYTYPE ="PRIMARY KEY" LENGTH ="40" LEVEL ="0" NAME ="DPI_CONTRACT_KEY" NULLABLE ="NOTNULL" OCCURS ="0" OFFSET ="0" PHYSICALLENGTH ="38" PHYSICALOFFSET ="0" PICTURETEXT ="" PRECISION ="38" SCALE ="0" USAGE_FLAGS =""/>
        <SOURCEFIELD BUSINESSNAME ="" DATATYPE ="varchar2" DESCRIPTION ="" FIELDNUMBER ="2" FIELDPROPERTY ="0" FIELDTYPE ="ELEMITEM" HIDDEN ="NO" KEYTYPE ="PRIMARY KEY" LENGTH ="0" LEVEL ="0" NAME ="CONTRACT_PROMOTION_ID" NULLABLE ="NOTNULL" OCCURS ="0" OFFSET ="40" PHYSICALLENGTH ="15" PHYSICALOFFSET ="38" PICTURETEXT ="" PRECISION ="15" SCALE ="0" USAGE_FLAGS =""/>
        <SOURCEFIELD BUSINESSNAME ="" DATATYPE ="date" DESCRIPTION ="" FIELDNUMBER ="3" FIELDPROPERTY ="0" FIELDTYPE ="ELEMITEM" HIDDEN ="NO" KEYTYPE ="PRIMARY KEY" LENGTH ="19" LEVEL ="0" NAME ="EFFEC_STRT_DT" NULLABLE ="NOTNULL" OCCURS ="0" OFFSET ="40" PHYSICALLENGTH ="19" PHYSICALOFFSET ="53" PICTURETEXT ="" PRECISION ="19" SCALE ="0" USAGE_FLAGS =""/>
        <SOURCEFIELD BUSINESSNAME ="" DATATYPE ="varchar2" DESCRIPTION ="" FIELDNUMBER ="4" FIELDPROPERTY ="0" FIELDTYPE ="ELEMITEM" HIDDEN ="NO" KEYTYPE ="NOT A KEY" LENGTH ="0" LEVEL ="0" NAME ="QUALIFYING_PRODUCT" NULLABLE ="NULL" OCCURS ="0" OFFSET ="59" PHYSICALLENGTH ="5" PHYSICALOFFSET ="72" PICTURETEXT ="" PRECISION ="5" SCALE ="0" USAGE_FLAGS =""/>
        <SOURCEFIELD BUSINESSNAME ="" DATATYPE ="number(p,s)" DESCRIPTION ="" FIELDNUMBER ="5" FIELDPROPERTY ="0" FIELDTYPE ="ELEMITEM" HIDDEN ="NO" KEYTYPE ="NOT A KEY" LENGTH ="40" LEVEL ="0" NAME ="QUALIFYING_PRODUCT_KEY" NULLABLE ="NULL" OCCURS ="0" OFFSET ="59" PHYSICALLENGTH ="38" PHYSICALOFFSET ="77" PICTURETEXT ="" PRECISION ="38" SCALE ="0" USAGE_FLAGS =""/>
        <SOURCEFIELD BUSINESSNAME ="" DATATYPE ="varchar2" DESCRIPTION ="" FIELDNUMBER ="6" FIELDPROPERTY ="0" FIELDTYPE ="ELEMITEM" HIDDEN ="NO" KEYTYPE ="NOT A KEY" LENGTH ="0" LEVEL ="0" NAME ="ORDERED_PRODUCT" NULLABLE ="NULL" OCCURS ="0" OFFSET ="99" PHYSICALLENGTH ="8" PHYSICALOFFSET ="115" PICTURETEXT ="" PRECISION ="8" SCALE ="0" USAGE_FLAGS =""/>
        <SOURCEFIELD BUSINESSNAME ="" DATATYPE ="number(p,s)" DESCRIPTION ="" FIELDNUMBER ="7" FIELDPROPERTY ="0" FIELDTYPE ="ELEMITEM" HIDDEN ="NO" KEYTYPE ="NOT A KEY" LENGTH ="40" LEVEL ="0" NAME ="ORDERED_PRODUCT_KEY" NULLABLE ="NULL" OCCURS ="0" OFFSET ="99" PHYSICALLENGTH ="38" PHYSICALOFFSET ="123" PICTURETEXT ="" PRECISION ="38" SCALE ="0" USAGE_FLAGS =""/>
        <SOURCEFIELD BUSINESSNAME ="" DATATYPE ="varchar2" DESCRIPTION ="" FIELDNUMBER ="8" FIELDPROPERTY ="0" FIELDTYPE ="ELEMITEM" HIDDEN ="NO" KEYTYPE ="NOT A KEY" LENGTH ="0" LEVEL ="0" NAME ="ACTIVITY_FLAG" NULLABLE ="NULL" OCCURS ="0" OFFSET ="139" PHYSICALLENGTH ="1" PHYSICALOFFSET ="161" PICTURETEXT ="" PRECISION ="1" SCALE ="0" USAGE_FLAGS =""/>
        <SOURCEFIELD BUSINESSNAME ="" DATATYPE ="number(p,s)" DESCRIPTION ="" FIELDNUMBER ="9" FIELDPROPERTY ="0" FIELDTYPE ="ELEMITEM" HIDDEN ="NO" KEYTYPE ="NOT A KEY" LENGTH ="4" LEVEL ="0" NAME ="DURATION_MONTHS" NULLABLE ="NULL" OCCURS ="0" OFFSET ="139" PHYSICALLENGTH ="2" PHYSICALOFFSET ="162" PICTURETEXT ="" PRECISION ="2" SCALE ="0" USAGE_FLAGS =""/>
        <SOURCEFIELD BUSINESSNAME ="" DATATYPE ="number(p,s)" DESCRIPTION ="" FIELDNUMBER ="10" FIELDPROPERTY ="0" FIELDTYPE ="ELEMITEM" HIDDEN ="NO" KEYTYPE ="NOT A KEY" LENGTH ="9" LEVEL ="0" NAME ="ETF_AMOUNT" NULLABLE ="NULL" OCCURS ="0" OFFSET ="143" PHYSICALLENGTH ="7" PHYSICALOFFSET ="164" PICTURETEXT ="" PRECISION ="7" SCALE ="2" USAGE_FLAGS =""/>
        <SOURCEFIELD BUSINESSNAME ="" DATATYPE ="number(p,s)" DESCRIPTION ="" FIELDNUMBER ="11" FIELDPROPERTY ="0" FIELDTYPE ="ELEMITEM" HIDDEN ="NO" KEYTYPE ="NOT A KEY" LENGTH ="9" LEVEL ="0" NAME ="DISCOUNT_AMOUNT" NULLABLE ="NULL" OCCURS ="0" OFFSET ="152" PHYSICALLENGTH ="7" PHYSICALOFFSET ="171" PICTURETEXT ="" PRECISION ="7" SCALE ="2" USAGE_FLAGS =""/>
        <SOURCEFIELD BUSINESSNAME ="" DATATYPE ="date" DESCRIPTION ="" FIELDNUMBER ="12" FIELDPROPERTY ="0" FIELDTYPE ="ELEMITEM" HIDDEN ="NO" KEYTYPE ="NOT A KEY" LENGTH ="19" LEVEL ="0" NAME ="START_DATE" NULLABLE ="NOTNULL" OCCURS ="0" OFFSET ="161" PHYSICALLENGTH ="19" PHYSICALOFFSET ="178" PICTURETEXT ="" PRECISION ="19" SCALE ="0" USAGE_FLAGS =""/>
        <SOURCEFIELD BUSINESSNAME ="" DATATYPE ="date" DESCRIPTION ="" FIELDNUMBER ="13" FIELDPROPERTY ="0" FIELDTYPE ="ELEMITEM" HIDDEN ="NO" KEYTYPE ="NOT A KEY" LENGTH ="19" LEVEL ="0" NAME ="END_DATE" NULLABLE ="NOTNULL" OCCURS ="0" OFFSET ="180" PHYSICALLENGTH ="19" PHYSICALOFFSET ="197" PICTURETEXT ="" PRECISION ="19" SCALE ="0" USAGE_FLAGS =""/>
        <SOURCEFIELD BUSINESSNAME ="" DATATYPE ="number(p,s)" DESCRIPTION ="" FIELDNUMBER ="14" FIELDPROPERTY ="0" FIELDTYPE ="ELEMITEM" HIDDEN ="NO" KEYTYPE ="NOT A KEY" LENGTH ="4" LEVEL ="0" NAME ="DISCOUNT_START_DELAY" NULLABLE ="NULL" OCCURS ="0" OFFSET ="199" PHYSICALLENGTH ="2" PHYSICALOFFSET ="216" PICTURETEXT ="" PRECISION ="2" SCALE ="0" USAGE_FLAGS =""/>
        <SOURCEFIELD BUSINESSNAME ="" DATATYPE ="number(p,s)" DESCRIPTION ="" FIELDNUMBER ="15" FIELDPROPERTY ="0" FIELDTYPE ="ELEMITEM" HIDDEN ="NO" KEYTYPE ="NOT A KEY" LENGTH ="13" LEVEL ="0" NAME ="CUSTOMER_BTN" NULLABLE ="NULL" OCCURS ="0" OFFSET ="203" PHYSICALLENGTH ="11" PHYSICALOFFSET ="218" PICTURETEXT ="" PRECISION ="11" SCALE ="0" USAGE_FLAGS =""/>
        <SOURCEFIELD BUSINESSNAME ="" DATATYPE ="date" DESCRIPTION ="" FIELDNUMBER ="16" FIELDPROPERTY ="0" FIELDTYPE ="ELEMITEM" HIDDEN ="NO" KEYTYPE ="NOT A KEY" LENGTH ="19" LEVEL ="0" NAME ="CREATE_DATE" NULLABLE ="NOTNULL" OCCURS ="0" OFFSET ="216" PHYSICALLENGTH ="19" PHYSICALOFFSET ="229" PICTURETEXT ="" PRECISION ="19" SCALE ="0" USAGE_FLAGS =""/>
        <SOURCEFIELD BUSINESSNAME ="" DATATYPE ="date" DESCRIPTION ="" FIELDNUMBER ="17" FIELDPROPERTY ="0" FIELDTYPE ="ELEMITEM" HIDDEN ="NO" KEYTYPE ="NOT A KEY" LENGTH ="19" LEVEL ="0" NAME ="EFFEC_END_DT" NULLABLE ="NOTNULL" OCCURS ="0" OFFSET ="235" PHYSICALLENGTH ="19" PHYSICALOFFSET ="248" PICTURETEXT ="" PRECISION ="19" SCALE ="0" USAGE_FLAGS =""/>
        <SOURCEFIELD BUSINESSNAME ="" DATATYPE ="char" DESCRIPTION ="" FIELDNUMBER ="18" FIELDPROPERTY ="0" FIELDTYPE ="ELEMITEM" HIDDEN ="NO" KEYTYPE ="NOT A KEY" LENGTH ="0" LEVEL ="0" NAME ="CURRENT_FLAG" NULLABLE ="NOTNULL" OCCURS ="0" OFFSET ="254" PHYSICALLENGTH ="1" PHYSICALOFFSET ="267" PICTURETEXT ="" PRECISION ="1" SCALE ="0" USAGE_FLAGS =""/>
        <SOURCEFIELD BUSINESSNAME ="" DATATYPE ="date" DESCRIPTION ="" FIELDNUMBER ="19" FIELDPROPERTY ="0" FIELDTYPE ="ELEMITEM" HIDDEN ="NO" KEYTYPE ="NOT A KEY" LENGTH ="19" LEVEL ="0" NAME ="CREATED_DATE" NULLABLE ="NOTNULL" OCCURS ="0" OFFSET ="254" PHYSICALLENGTH ="19" PHYSICALOFFSET ="268" PICTURETEXT ="" PRECISION ="19" SCALE ="0" USAGE_FLAGS =""/>
        <SOURCEFIELD BUSINESSNAME ="" DATATYPE ="date" DESCRIPTION ="" FIELDNUMBER ="20" FIELDPROPERTY ="0" FIELDTYPE ="ELEMITEM" HIDDEN ="NO" KEYTYPE ="NOT A KEY" LENGTH ="19" LEVEL ="0" NAME ="LAST_UPDATED_DATE" NULLABLE ="NULL" OCCURS ="0" OFFSET ="273" PHYSICALLENGTH ="19" PHYSICALOFFSET ="287" PICTURETEXT ="" PRECISION ="19" SCALE ="0" USAGE_FLAGS =""/>
        <SOURCEFIELD BUSINESSNAME ="" DATATYPE ="varchar2" DESCRIPTION ="" FIELDNUMBER ="21" FIELDPROPERTY ="0" FIELDTYPE ="ELEMITEM" HIDDEN ="NO" KEYTYPE ="NOT A KEY" LENGTH ="0" LEVEL ="0" NAME ="CREATED_BY" NULLABLE ="NOTNULL" OCCURS ="0" OFFSET ="292" PHYSICALLENGTH ="20" PHYSICALOFFSET ="306" PICTURETEXT ="" PRECISION ="20" SCALE ="0" USAGE_FLAGS =""/>
        <SOURCEFIELD BUSINESSNAME ="" DATATYPE ="varchar2" DESCRIPTION ="" FIELDNUMBER ="22" FIELDPROPERTY ="0" FIELDTYPE ="ELEMITEM" HIDDEN ="NO" KEYTYPE ="NOT A KEY" LENGTH ="0" LEVEL ="0" NAME ="UPDATED_BY" NULLABLE ="NULL" OCCURS ="0" OFFSET ="292" PHYSICALLENGTH ="20" PHYSICALOFFSET ="326" PICTURETEXT ="" PRECISION ="20" SCALE ="0" USAGE_FLAGS =""/>
        <SOURCEFIELD BUSINESSNAME ="" DATATYPE ="number" DESCRIPTION ="" FIELDNUMBER ="23" FIELDPROPERTY ="0" FIELDTYPE ="ELEMITEM" HIDDEN ="NO" KEYTYPE ="NOT A KEY" LENGTH ="24" LEVEL ="0" NAME ="ETL_CYCLE_ID" NULLABLE ="NOTNULL" OCCURS ="0" OFFSET ="292" PHYSICALLENGTH ="15" PHYSICALOFFSET ="346" PICTURETEXT ="" PRECISION ="15" SCALE ="0" USAGE_FLAGS =""/>
        <SOURCEFIELD BUSINESSNAME ="" DATATYPE ="varchar2" DESCRIPTION ="" FIELDNUMBER ="24" FIELDPROPERTY ="0" FIELDTYPE ="ELEMITEM" HIDDEN ="NO" KEYTYPE ="NOT A KEY" LENGTH ="0" LEVEL ="0" NAME ="ROW_HASH" NULLABLE ="NOTNULL" OCCURS ="0" OFFSET ="316" PHYSICALLENGTH ="100" PHYSICALOFFSET ="361" PICTURETEXT ="" PRECISION ="100" SCALE ="0" USAGE_FLAGS =""/>
        <SOURCEFIELD BUSINESSNAME ="" DATATYPE ="varchar2" DESCRIPTION ="" FIELDNUMBER ="25" FIELDPROPERTY ="0" FIELDTYPE ="ELEMITEM" HIDDEN ="NO" KEYTYPE ="PRIMARY KEY" LENGTH ="0" LEVEL ="0" NAME ="PROMO_ID" NULLABLE ="NOTNULL" OCCURS ="0" OFFSET ="316" PHYSICALLENGTH ="20" PHYSICALOFFSET ="461" PICTURETEXT ="" PRECISION ="20" SCALE ="0" USAGE_FLAGS =""/>
        <SOURCEFIELD BUSINESSNAME ="" DATATYPE ="varchar2" DESCRIPTION ="" FIELDNUMBER ="26" FIELDPROPERTY ="0" FIELDTYPE ="ELEMITEM" HIDDEN ="NO" KEYTYPE ="NOT A KEY" LENGTH ="0" LEVEL ="0" NAME ="RENEWAL_OPTION" NULLABLE ="NULL" OCCURS ="0" OFFSET ="316" PHYSICALLENGTH ="1" PHYSICALOFFSET ="481" PICTURETEXT ="" PRECISION ="1" SCALE ="0" USAGE_FLAGS =""/>
        <SOURCEFIELD BUSINESSNAME ="" DATATYPE ="varchar2" DESCRIPTION ="" FIELDNUMBER ="27" FIELDPROPERTY ="0" FIELDTYPE ="ELEMITEM" HIDDEN ="NO" KEYTYPE ="NOT A KEY" LENGTH ="0" LEVEL ="0" NAME ="RENEWAL_ACCEPTED" NULLABLE ="NULL" OCCURS ="0" OFFSET ="316" PHYSICALLENGTH ="1" PHYSICALOFFSET ="482" PICTURETEXT ="" PRECISION ="1" SCALE ="0" USAGE_FLAGS =""/>
        <SOURCEFIELD BUSINESSNAME ="" DATATYPE ="varchar2" DESCRIPTION ="" FIELDNUMBER ="28" FIELDPROPERTY ="0" FIELDTYPE ="ELEMITEM" HIDDEN ="NO" KEYTYPE ="NOT A KEY" LENGTH ="0" LEVEL ="0" NAME ="IS_RENEWAL" NULLABLE ="NULL" OCCURS ="0" OFFSET ="316" PHYSICALLENGTH ="1" PHYSICALOFFSET ="483" PICTURETEXT ="" PRECISION ="1" SCALE ="0" USAGE_FLAGS =""/>
        <SOURCEFIELD BUSINESSNAME ="" DATATYPE ="number" DESCRIPTION ="" FIELDNUMBER ="29" FIELDPROPERTY ="0" FIELDTYPE ="ELEMITEM" HIDDEN ="NO" KEYTYPE ="NOT A KEY" LENGTH ="24" LEVEL ="0" NAME ="FEATURE_TRANSACTION_ID" NULLABLE ="NOTNULL" OCCURS ="0" OFFSET ="316" PHYSICALLENGTH ="15" PHYSICALOFFSET ="484" PICTURETEXT ="" PRECISION ="15" SCALE ="0" USAGE_FLAGS =""/>
        <SOURCEFIELD BUSINESSNAME ="" DATATYPE ="number" DESCRIPTION ="" FIELDNUMBER ="30" FIELDPROPERTY ="0" FIELDTYPE ="ELEMITEM" HIDDEN ="NO" KEYTYPE ="NOT A KEY" LENGTH ="24" LEVEL ="0" NAME ="PROMOTION_TRANSACTION_ID" NULLABLE ="NOTNULL" OCCURS ="0" OFFSET ="340" PHYSICALLENGTH ="15" PHYSICALOFFSET ="499" PICTURETEXT ="" PRECISION ="15" SCALE ="0" USAGE_FLAGS =""/>
        <SOURCEFIELD BUSINESSNAME ="" DATATYPE ="number(p,s)" DESCRIPTION ="" FIELDNUMBER ="31" FIELDPROPERTY ="0" FIELDTYPE ="ELEMITEM" HIDDEN ="NO" KEYTYPE ="NOT A KEY" LENGTH ="9" LEVEL ="0" NAME ="DPI_GL_CODE" NULLABLE ="NULL" OCCURS ="0" OFFSET ="364" PHYSICALLENGTH ="7" PHYSICALOFFSET ="514" PICTURETEXT ="" PRECISION ="7" SCALE ="0" USAGE_FLAGS =""/>
        <SOURCEFIELD BUSINESSNAME ="" DATATYPE ="varchar2" DESCRIPTION ="" FIELDNUMBER ="32" FIELDPROPERTY ="0" FIELDTYPE ="ELEMITEM" HIDDEN ="NO" KEYTYPE ="NOT A KEY" LENGTH ="0" LEVEL ="0" NAME ="INFINIUM_GL_CODE" NULLABLE ="NULL" OCCURS ="0" OFFSET ="373" PHYSICALLENGTH ="24" PHYSICALOFFSET ="521" PICTURETEXT ="" PRECISION ="24" SCALE ="0" USAGE_FLAGS =""/>
        <SOURCEFIELD BUSINESSNAME ="" DATATYPE ="varchar2" DESCRIPTION ="" FIELDNUMBER ="33" FIELDPROPERTY ="0" FIELDTYPE ="ELEMITEM" HIDDEN ="NO" KEYTYPE ="NOT A KEY" LENGTH ="0" LEVEL ="0" NAME ="TAX_DISTRICT" NULLABLE ="NULL" OCCURS ="0" OFFSET ="373" PHYSICALLENGTH ="5" PHYSICALOFFSET ="545" PICTURETEXT ="" PRECISION ="5" SCALE ="0" USAGE_FLAGS =""/>
        <SOURCEFIELD BUSINESSNAME ="" DATATYPE ="varchar2" DESCRIPTION ="" FIELDNUMBER ="34" FIELDPROPERTY ="0" FIELDTYPE ="ELEMITEM" HIDDEN ="NO" KEYTYPE ="NOT A KEY" LENGTH ="0" LEVEL ="0" NAME ="GEO_CODE" NULLABLE ="NULL" OCCURS ="0" OFFSET ="373" PHYSICALLENGTH ="9" PHYSICALOFFSET ="550" PICTURETEXT ="" PRECISION ="9" SCALE ="0" USAGE_FLAGS =""/>
        <SOURCEFIELD BUSINESSNAME ="" DATATYPE ="varchar2" DESCRIPTION ="" FIELDNUMBER ="35" FIELDPROPERTY ="0" FIELDTYPE ="ELEMITEM" HIDDEN ="NO" KEYTYPE ="NOT A KEY" LENGTH ="0" LEVEL ="0" NAME ="WIRE_CENTER" NULLABLE ="NULL" OCCURS ="0" OFFSET ="373" PHYSICALLENGTH ="6" PHYSICALOFFSET ="559" PICTURETEXT ="" PRECISION ="6" SCALE ="0" USAGE_FLAGS =""/>
        <SOURCEFIELD BUSINESSNAME ="" DATATYPE ="varchar2" DESCRIPTION ="" FIELDNUMBER ="36" FIELDPROPERTY ="0" FIELDTYPE ="ELEMITEM" HIDDEN ="NO" KEYTYPE ="NOT A KEY" LENGTH ="0" LEVEL ="0" NAME ="TARIFF" NULLABLE ="NULL" OCCURS ="0" OFFSET ="373" PHYSICALLENGTH ="3" PHYSICALOFFSET ="565" PICTURETEXT ="" PRECISION ="3" SCALE ="0" USAGE_FLAGS =""/>
        <SOURCEFIELD BUSINESSNAME ="" DATATYPE ="date" DESCRIPTION ="" FIELDNUMBER ="37" FIELDPROPERTY ="0" FIELDTYPE ="ELEMITEM" HIDDEN ="NO" KEYTYPE ="NOT A KEY" LENGTH ="19" LEVEL ="0" NAME ="FIRST_BILL_DATE" NULLABLE ="NULL" OCCURS ="0" OFFSET ="373" PHYSICALLENGTH ="19" PHYSICALOFFSET ="568" PICTURETEXT ="" PRECISION ="19" SCALE ="0" USAGE_FLAGS =""/>
        <SOURCEFIELD BUSINESSNAME ="" DATATYPE ="number(p,s)" DESCRIPTION ="" FIELDNUMBER ="38" FIELDPROPERTY ="0" FIELDTYPE ="ELEMITEM" HIDDEN ="NO" KEYTYPE ="PRIMARY KEY" LENGTH ="14" LEVEL ="0" NAME ="USI" NULLABLE ="NOTNULL" OCCURS ="0" OFFSET ="392" PHYSICALLENGTH ="12" PHYSICALOFFSET ="587" PICTURETEXT ="" PRECISION ="12" SCALE ="0" USAGE_FLAGS =""/>
        <SOURCEFIELD BUSINESSNAME ="" DATATYPE ="varchar2" DESCRIPTION ="" FIELDNUMBER ="39" FIELDPROPERTY ="0" FIELDTYPE ="ELEMITEM" HIDDEN ="NO" KEYTYPE ="PRIMARY KEY" LENGTH ="0" LEVEL ="0" NAME ="PROMO_KEY" NULLABLE ="NOTNULL" OCCURS ="0" OFFSET ="406" PHYSICALLENGTH ="20" PHYSICALOFFSET ="599" PICTURETEXT ="" PRECISION ="20" SCALE ="0" USAGE_FLAGS =""/>
        <SOURCEFIELD BUSINESSNAME ="" DATATYPE ="number(p,s)" DESCRIPTION ="" FIELDNUMBER ="40" FIELDPROPERTY ="0" FIELDTYPE ="ELEMITEM" HIDDEN ="NO" KEYTYPE ="PRIMARY KEY" LENGTH ="5" LEVEL ="0" NAME ="PROMO_SEQUENCE" NULLABLE ="NOTNULL" OCCURS ="0" OFFSET ="406" PHYSICALLENGTH ="3" PHYSICALOFFSET ="619" PICTURETEXT ="" PRECISION ="3" SCALE ="0" USAGE_FLAGS =""/>
        <SOURCEFIELD BUSINESSNAME ="" DATATYPE ="number(p,s)" DESCRIPTION ="" FIELDNUMBER ="41" FIELDPROPERTY ="0" FIELDTYPE ="ELEMITEM" HIDDEN ="NO" KEYTYPE ="NOT A KEY" LENGTH ="17" LEVEL ="0" NAME ="CA_GENERATED" NULLABLE ="NULL" OCCURS ="0" OFFSET ="411" PHYSICALLENGTH ="15" PHYSICALOFFSET ="622" PICTURETEXT ="" PRECISION ="15" SCALE ="0" USAGE_FLAGS =""/>
        <SOURCEFIELD BUSINESSNAME ="" DATATYPE ="varchar2" DESCRIPTION ="" FIELDNUMBER ="42" FIELDPROPERTY ="0" FIELDTYPE ="ELEMITEM" HIDDEN ="NO" KEYTYPE ="NOT A KEY" LENGTH ="0" LEVEL ="0" NAME ="DPI_ENVIRONMENT" NULLABLE ="NULL" OCCURS ="0" OFFSET ="428" PHYSICALLENGTH ="2" PHYSICALOFFSET ="637" PICTURETEXT ="" PRECISION ="2" SCALE ="0" USAGE_FLAGS =""/>
        <SOURCEFIELD BUSINESSNAME ="" DATATYPE ="varchar2" DESCRIPTION ="" FIELDNUMBER ="43" FIELDPROPERTY ="0" FIELDTYPE ="ELEMITEM" HIDDEN ="NO" KEYTYPE ="NOT A KEY" LENGTH ="0" LEVEL ="0" NAME ="SERVICE_TYPE" NULLABLE ="NULL" OCCURS ="0" OFFSET ="428" PHYSICALLENGTH ="2" PHYSICALOFFSET ="639" PICTURETEXT ="" PRECISION ="2" SCALE ="0" USAGE_FLAGS =""/>
        <SOURCEFIELD BUSINESSNAME ="" DATATYPE ="varchar2" DESCRIPTION ="" FIELDNUMBER ="44" FIELDPROPERTY ="0" FIELDTYPE ="ELEMITEM" HIDDEN ="NO" KEYTYPE ="NOT A KEY" LENGTH ="0" LEVEL ="0" NAME ="ACCOUNT_SEGMENT" NULLABLE ="NULL" OCCURS ="0" OFFSET ="428" PHYSICALLENGTH ="25" PHYSICALOFFSET ="641" PICTURETEXT ="" PRECISION ="25" SCALE ="0" USAGE_FLAGS =""/>
        <SOURCEFIELD BUSINESSNAME ="" DATATYPE ="date" DESCRIPTION ="" FIELDNUMBER ="45" FIELDPROPERTY ="0" FIELDTYPE ="ELEMITEM" HIDDEN ="NO" KEYTYPE ="NOT A KEY" LENGTH ="19" LEVEL ="0" NAME ="CPPH_FIRST_RECUR_PER_ST_DT" NULLABLE ="NULL" OCCURS ="0" OFFSET ="428" PHYSICALLENGTH ="19" PHYSICALOFFSET ="666" PICTURETEXT ="" PRECISION ="19" SCALE ="0" USAGE_FLAGS =""/>
    </SOURCE>
    <TARGET BUSINESSNAME ="" CONSTRAINT ="" DATABASETYPE ="Oracle" DESCRIPTION ="" NAME ="S_TXN_CPPH_HIST" OBJECTVERSION ="1" TABLEOPTIONS ="" VERSIONNUMBER ="5">
        <TARGETFIELD BUSINESSNAME ="" DATATYPE ="number(p,s)" DESCRIPTION ="" FIELDNUMBER ="1" KEYTYPE ="NOT A KEY" NAME ="CPPH_ID" NULLABLE ="NOTNULL" PICTURETEXT ="" PRECISION ="12" SCALE ="0"/>
        <TARGETFIELD BUSINESSNAME ="" DATATYPE ="varchar2" DESCRIPTION ="" FIELDNUMBER ="2" KEYTYPE ="NOT A KEY" NAME ="CPPH_STAGING_TABLE_ID" NULLABLE ="NOTNULL" PICTURETEXT ="" PRECISION ="40" SCALE ="0"/>
        <TARGETFIELD BUSINESSNAME ="" DATATYPE ="number(p,s)" DESCRIPTION ="" FIELDNUMBER ="3" KEYTYPE ="NOT A KEY" NAME ="CPPH_LPG_ID" NULLABLE ="NULL" PICTURETEXT ="" PRECISION ="10" SCALE ="0"/>
        <TARGETFIELD BUSINESSNAME ="" DATATYPE ="varchar2" DESCRIPTION ="" FIELDNUMBER ="4" KEYTYPE ="NOT A KEY" NAME ="CPPH_CONTRACT_NUMBER" NULLABLE ="NOTNULL" PICTURETEXT ="" PRECISION ="80" SCALE ="0"/>
        <TARGETFIELD BUSINESSNAME ="" DATATYPE ="varchar2" DESCRIPTION ="" FIELDNUMBER ="5" KEYTYPE ="NOT A KEY" NAME ="CPPH_CON_PROD_PART_NUMBER" NULLABLE ="NOTNULL" PICTURETEXT ="" PRECISION ="80" SCALE ="0"/>
        <TARGETFIELD BUSINESSNAME ="" DATATYPE ="varchar2" DESCRIPTION ="" FIELDNUMBER ="6" KEYTYPE ="NOT A KEY" NAME ="CPPH_PRORATION_GROUP_ID" NULLABLE ="NULL" PICTURETEXT ="" PRECISION ="80" SCALE ="0"/>
        <TARGETFIELD BUSINESSNAME ="" DATATYPE ="varchar2" DESCRIPTION ="" FIELDNUMBER ="7" KEYTYPE ="NOT A KEY" NAME ="CPPH_PRODUCT_PART_CODE" NULLABLE ="NULL" PICTURETEXT ="" PRECISION ="40" SCALE ="0"/>
        <TARGETFIELD BUSINESSNAME ="" DATATYPE ="varchar2" DESCRIPTION ="" FIELDNUMBER ="8" KEYTYPE ="NOT A KEY" NAME ="CPPH_PROFILE_MAP_CODE" NULLABLE ="NULL" PICTURETEXT ="" PRECISION ="40" SCALE ="0"/>
        <TARGETFIELD BUSINESSNAME ="" DATATYPE ="date" DESCRIPTION ="" FIELDNUMBER ="9" KEYTYPE ="NOT A KEY" NAME ="CPPH_START_DATE" NULLABLE ="NOTNULL" PICTURETEXT ="" PRECISION ="19" SCALE ="0"/>
        <TARGETFIELD BUSINESSNAME ="" DATATYPE ="date" DESCRIPTION ="" FIELDNUMBER ="10" KEYTYPE ="NOT A KEY" NAME ="CPPH_END_DATE" NULLABLE ="NOTNULL" PICTURETEXT ="" PRECISION ="19" SCALE ="0"/>
        <TARGETFIELD BUSINESSNAME ="" DATATYPE ="date" DESCRIPTION ="" FIELDNUMBER ="11" KEYTYPE ="NOT A KEY" NAME ="CPPH_FIRST_RECUR_PER_ST_DT" NULLABLE ="NULL" PICTURETEXT ="" PRECISION ="19" SCALE ="0"/>
        <TARGETFIELD BUSINESSNAME ="" DATATYPE ="number(p,s)" DESCRIPTION ="" FIELDNUMBER ="12" KEYTYPE ="NOT A KEY" NAME ="CPPH_RECUR_PER_ST_DAY" NULLABLE ="NULL" PICTURETEXT ="" PRECISION ="2" SCALE ="0"/>
        <TARGETFIELD BUSINESSNAME ="" DATATYPE ="date" DESCRIPTION ="" FIELDNUMBER ="13" KEYTYPE ="NOT A KEY" NAME ="CPPH_INIT_PRORATED_BILL_DATE" NULLABLE ="NULL" PICTURETEXT ="" PRECISION ="19" SCALE ="0"/>
        <TARGETFIELD BUSINESSNAME ="" DATATYPE ="date" DESCRIPTION ="" FIELDNUMBER ="14" KEYTYPE ="NOT A KEY" NAME ="CPPH_FIRST_BILLING_DATE" NULLABLE ="NULL" PICTURETEXT ="" PRECISION ="19" SCALE ="0"/>
        <TARGETFIELD BUSINESSNAME ="" DATATYPE ="number(p,s)" DESCRIPTION ="" FIELDNUMBER ="15" KEYTYPE ="NOT A KEY" NAME ="CPPH_BILLING_DAY" NULLABLE ="NULL" PICTURETEXT ="" PRECISION ="2" SCALE ="0"/>
        <TARGETFIELD BUSINESSNAME ="" DATATYPE ="number(p,s)" DESCRIPTION ="" FIELDNUMBER ="16" KEYTYPE ="NOT A KEY" NAME ="CPPH_QUANTITY" NULLABLE ="NULL" PICTURETEXT ="" PRECISION ="10" SCALE ="0"/>
        <TARGETFIELD BUSINESSNAME ="" DATATYPE ="number(p,s)" DESCRIPTION ="" FIELDNUMBER ="17" KEYTYPE ="NOT A KEY" NAME ="CPPH_UNITS" NULLABLE ="NULL" PICTURETEXT ="" PRECISION ="28" SCALE ="8"/>
        <TARGETFIELD BUSINESSNAME ="" DATATYPE ="varchar2" DESCRIPTION ="" FIELDNUMBER ="18" KEYTYPE ="NOT A KEY" NAME ="CPPH_UNIT_TYPE" NULLABLE ="NULL" PICTURETEXT ="" PRECISION ="3" SCALE ="0"/>
        <TARGETFIELD BUSINESSNAME ="" DATATYPE ="varchar2" DESCRIPTION ="" FIELDNUMBER ="19" KEYTYPE ="NOT A KEY" NAME ="CPPH_ACCR_ACCT_TYPE" NULLABLE ="NULL" PICTURETEXT ="" PRECISION ="40" SCALE ="0"/>
        <TARGETFIELD BUSINESSNAME ="" DATATYPE ="number(p,s)" DESCRIPTION ="" FIELDNUMBER ="20" KEYTYPE ="NOT A KEY" NAME ="CPPH_FREQUENCY" NULLABLE ="NULL" PICTURETEXT ="" PRECISION ="4" SCALE ="0"/>
        <TARGETFIELD BUSINESSNAME ="" DATATYPE ="varchar2" DESCRIPTION ="" FIELDNUMBER ="21" KEYTYPE ="NOT A KEY" NAME ="CPPH_PRICE_CLASS_CODE" NULLABLE ="NULL" PICTURETEXT ="" PRECISION ="255" SCALE ="0"/>
        <TARGETFIELD BUSINESSNAME ="" DATATYPE ="number(p,s)" DESCRIPTION ="" FIELDNUMBER ="22" KEYTYPE ="NOT A KEY" NAME ="CPPH_MONTHLY_CHARGE" NULLABLE ="NULL" PICTURETEXT ="" PRECISION ="28" SCALE ="8"/>
        <TARGETFIELD BUSINESSNAME ="" DATATYPE ="number(p,s)" DESCRIPTION ="" FIELDNUMBER ="23" KEYTYPE ="NOT A KEY" NAME ="CPPH_MONTHLY_FV" NULLABLE ="NULL" PICTURETEXT ="" PRECISION ="28" SCALE ="8"/>
        <TARGETFIELD BUSINESSNAME ="" DATATYPE ="number(p,s)" DESCRIPTION ="" FIELDNUMBER ="24" KEYTYPE ="NOT A KEY" NAME ="CPPH_HOPPER_STATUS" NULLABLE ="NOTNULL" PICTURETEXT ="" PRECISION ="2" SCALE ="0"/>
        <TARGETFIELD BUSINESSNAME ="" DATATYPE ="date" DESCRIPTION ="" FIELDNUMBER ="25" KEYTYPE ="NOT A KEY" NAME ="CPPH_TERMINATION_DATE" NULLABLE ="NULL" PICTURETEXT ="" PRECISION ="19" SCALE ="0"/>
        <TARGETFIELD BUSINESSNAME ="" DATATYPE ="varchar2" DESCRIPTION ="" FIELDNUMBER ="26" KEYTYPE ="NOT A KEY" NAME ="CPPH_UNIQUE_INSTANCE_ID" NULLABLE ="NULL" PICTURETEXT ="" PRECISION ="90" SCALE ="0"/>
        <TARGETFIELD BUSINESSNAME ="" DATATYPE ="varchar2" DESCRIPTION ="" FIELDNUMBER ="27" KEYTYPE ="NOT A KEY" NAME ="CPPH_SPAN_ID" NULLABLE ="NULL" PICTURETEXT ="" PRECISION ="40" SCALE ="0"/>
        <TARGETFIELD BUSINESSNAME ="" DATATYPE ="varchar2" DESCRIPTION ="" FIELDNUMBER ="28" KEYTYPE ="NOT A KEY" NAME ="CPPH_FINANCE_TYPE" NULLABLE ="NULL" PICTURETEXT ="" PRECISION ="40" SCALE ="0"/>
        <TARGETFIELD BUSINESSNAME ="" DATATYPE ="number(p,s)" DESCRIPTION ="" FIELDNUMBER ="29" KEYTYPE ="NOT A KEY" NAME ="CPPH_FINANCE_PERIOD" NULLABLE ="NULL" PICTURETEXT ="" PRECISION ="2" SCALE ="0"/>
        <TARGETFIELD BUSINESSNAME ="" DATATYPE ="number(p,s)" DESCRIPTION ="" FIELDNUMBER ="30" KEYTYPE ="NOT A KEY" NAME ="CPPH_FINANCE_TOTAL_INTEREST" NULLABLE ="NULL" PICTURETEXT ="" PRECISION ="28" SCALE ="8"/>
        <TARGETFIELD BUSINESSNAME ="" DATATYPE ="number(p,s)" DESCRIPTION ="" FIELDNUMBER ="31" KEYTYPE ="NOT A KEY" NAME ="CPPH_FINANCE_INTEREST_RATE" NULLABLE ="NULL" PICTURETEXT ="" PRECISION ="7" SCALE ="5"/>
        <TARGETFIELD BUSINESSNAME ="" DATATYPE ="number(p,s)" DESCRIPTION ="" FIELDNUMBER ="32" KEYTYPE ="NOT A KEY" NAME ="CPPH_FINANCE_DOWN_PAYMENT" NULLABLE ="NULL" PICTURETEXT ="" PRECISION ="28" SCALE ="8"/>
        <TARGETFIELD BUSINESSNAME ="" DATATYPE ="number(p,s)" DESCRIPTION ="" FIELDNUMBER ="33" KEYTYPE ="NOT A KEY" NAME ="CPPH_FINANCE_PAYMENT_AMOUNT" NULLABLE ="NULL" PICTURETEXT ="" PRECISION ="28" SCALE ="8"/>
        <TARGETFIELD BUSINESSNAME ="" DATATYPE ="char" DESCRIPTION ="" FIELDNUMBER ="34" KEYTYPE ="NOT A KEY" NAME ="CPPH_FINANCING_LIABILITY" NULLABLE ="NULL" PICTURETEXT ="" PRECISION ="1" SCALE ="0"/>
        <TARGETFIELD BUSINESSNAME ="" DATATYPE ="number(p,s)" DESCRIPTION ="" FIELDNUMBER ="35" KEYTYPE ="NOT A KEY" NAME ="CPPH_EXPECTED_LIFE" NULLABLE ="NULL" PICTURETEXT ="" PRECISION ="4" SCALE ="0"/>
        <TARGETFIELD BUSINESSNAME ="" DATATYPE ="char" DESCRIPTION ="" FIELDNUMBER ="36" KEYTYPE ="NOT A KEY" NAME ="CPPH_COLLECTIBILITY" NULLABLE ="NULL" PICTURETEXT ="" PRECISION ="1" SCALE ="0"/>
        <TARGETFIELD BUSINESSNAME ="" DATATYPE ="number(p,s)" DESCRIPTION ="" FIELDNUMBER ="37" KEYTYPE ="NOT A KEY" NAME ="CPPH_ALLOCATION_GROUPS" NULLABLE ="NULL" PICTURETEXT ="" PRECISION ="10" SCALE ="0"/>
        <TARGETFIELD BUSINESSNAME ="" DATATYPE ="varchar2" DESCRIPTION ="" FIELDNUMBER ="38" KEYTYPE ="NOT A KEY" NAME ="CPPH_ACTION_TYPE" NULLABLE ="NULL" PICTURETEXT ="" PRECISION ="20" SCALE ="0"/>
        <TARGETFIELD BUSINESSNAME ="" DATATYPE ="varchar2" DESCRIPTION ="" FIELDNUMBER ="39" KEYTYPE ="NOT A KEY" NAME ="CPPH_RELATED_CPP_NUMBER" NULLABLE ="NULL" PICTURETEXT ="" PRECISION ="80" SCALE ="0"/>
        <TARGETFIELD BUSINESSNAME ="" DATATYPE ="varchar2" DESCRIPTION ="" FIELDNUMBER ="40" KEYTYPE ="NOT A KEY" NAME ="CPPH_FACILITY_CAPTURE_NO" NULLABLE ="NULL" PICTURETEXT ="" PRECISION ="40" SCALE ="0"/>
        <TARGETFIELD BUSINESSNAME ="" DATATYPE ="varchar2" DESCRIPTION ="" FIELDNUMBER ="41" KEYTYPE ="NOT A KEY" NAME ="CPPH_FACILITY_RELEASE_NO" NULLABLE ="NULL" PICTURETEXT ="" PRECISION ="40" SCALE ="0"/>
        <TARGETFIELD BUSINESSNAME ="" DATATYPE ="varchar2" DESCRIPTION ="" FIELDNUMBER ="42" KEYTYPE ="NOT A KEY" NAME ="CPPH_RELEASE_TYPE" NULLABLE ="NULL" PICTURETEXT ="" PRECISION ="20" SCALE ="0"/>
        <TARGETFIELD BUSINESSNAME ="" DATATYPE ="number(p,s)" DESCRIPTION ="" FIELDNUMBER ="43" KEYTYPE ="NOT A KEY" NAME ="CPPH_FACILITY_ORDER" NULLABLE ="NULL" PICTURETEXT ="" PRECISION ="10" SCALE ="0"/>
        <TARGETFIELD BUSINESSNAME ="" DATATYPE ="date" DESCRIPTION ="" FIELDNUMBER ="44" KEYTYPE ="NOT A KEY" NAME ="CPPH_CREATION_DATE" NULLABLE ="NOTNULL" PICTURETEXT ="" PRECISION ="19" SCALE ="0"/>
        <TARGETFIELD BUSINESSNAME ="" DATATYPE ="varchar2" DESCRIPTION ="" FIELDNUMBER ="45" KEYTYPE ="NOT A KEY" NAME ="CPPH_EX_ATTR_TEXT_1" NULLABLE ="NULL" PICTURETEXT ="" PRECISION ="250" SCALE ="0"/>
        <TARGETFIELD BUSINESSNAME ="" DATATYPE ="varchar2" DESCRIPTION ="" FIELDNUMBER ="46" KEYTYPE ="NOT A KEY" NAME ="CPPH_EX_ATTR_TEXT_2" NULLABLE ="NULL" PICTURETEXT ="" PRECISION ="250" SCALE ="0"/>
        <TARGETFIELD BUSINESSNAME ="" DATATYPE ="varchar2" DESCRIPTION ="" FIELDNUMBER ="47" KEYTYPE ="NOT A KEY" NAME ="CPPH_EX_ATTR_TEXT_3" NULLABLE ="NULL" PICTURETEXT ="" PRECISION ="250" SCALE ="0"/>
        <TARGETFIELD BUSINESSNAME ="" DATATYPE ="varchar2" DESCRIPTION ="" FIELDNUMBER ="48" KEYTYPE ="NOT A KEY" NAME ="CPPH_EX_ATTR_TEXT_4" NULLABLE ="NULL" PICTURETEXT ="" PRECISION ="250" SCALE ="0"/>
        <TARGETFIELD BUSINESSNAME ="" DATATYPE ="varchar2" DESCRIPTION ="" FIELDNUMBER ="49" KEYTYPE ="NOT A KEY" NAME ="CPPH_EX_ATTR_TEXT_5" NULLABLE ="NULL" PICTURETEXT ="" PRECISION ="250" SCALE ="0"/>
        <TARGETFIELD BUSINESSNAME ="" DATATYPE ="varchar2" DESCRIPTION ="" FIELDNUMBER ="50" KEYTYPE ="NOT A KEY" NAME ="CPPH_EX_ATTR_TEXT_6" NULLABLE ="NULL" PICTURETEXT ="" PRECISION ="250" SCALE ="0"/>
        <TARGETFIELD BUSINESSNAME ="" DATATYPE ="varchar2" DESCRIPTION ="" FIELDNUMBER ="51" KEYTYPE ="NOT A KEY" NAME ="CPPH_EX_ATTR_TEXT_7" NULLABLE ="NULL" PICTURETEXT ="" PRECISION ="250" SCALE ="0"/>
        <TARGETFIELD BUSINESSNAME ="" DATATYPE ="varchar2" DESCRIPTION ="" FIELDNUMBER ="52" KEYTYPE ="NOT A KEY" NAME ="CPPH_EX_ATTR_TEXT_8" NULLABLE ="NULL" PICTURETEXT ="" PRECISION ="250" SCALE ="0"/>
        <TARGETFIELD BUSINESSNAME ="" DATATYPE ="varchar2" DESCRIPTION ="" FIELDNUMBER ="53" KEYTYPE ="NOT A KEY" NAME ="CPPH_EX_ATTR_TEXT_9" NULLABLE ="NULL" PICTURETEXT ="" PRECISION ="250" SCALE ="0"/>
        <TARGETFIELD BUSINESSNAME ="" DATATYPE ="varchar2" DESCRIPTION ="" FIELDNUMBER ="54" KEYTYPE ="NOT A KEY" NAME ="CPPH_EX_ATTR_TEXT_10" NULLABLE ="NULL" PICTURETEXT ="" PRECISION ="250" SCALE ="0"/>
        <TARGETFIELD BUSINESSNAME ="" DATATYPE ="date" DESCRIPTION ="" FIELDNUMBER ="55" KEYTYPE ="NOT A KEY" NAME ="CPPH_INPUT_DATE" NULLABLE ="NOTNULL" PICTURETEXT ="" PRECISION ="19" SCALE ="0"/>
        <TARGETFIELD BUSINESSNAME ="" DATATYPE ="date" DESCRIPTION ="" FIELDNUMBER ="56" KEYTYPE ="NOT A KEY" NAME ="CREATED_DATE" NULLABLE ="NOTNULL" PICTURETEXT ="" PRECISION ="19" SCALE ="0"/>
        <TARGETFIELD BUSINESSNAME ="" DATATYPE ="date" DESCRIPTION ="" FIELDNUMBER ="57" KEYTYPE ="NOT A KEY" NAME ="LAST_UPDATED_DATE" NULLABLE ="NULL" PICTURETEXT ="" PRECISION ="19" SCALE ="0"/>
        <TARGETFIELD BUSINESSNAME ="" DATATYPE ="varchar2" DESCRIPTION ="" FIELDNUMBER ="58" KEYTYPE ="NOT A KEY" NAME ="CREATED_BY" NULLABLE ="NOTNULL" PICTURETEXT ="" PRECISION ="20" SCALE ="0"/>
        <TARGETFIELD BUSINESSNAME ="" DATATYPE ="varchar2" DESCRIPTION ="" FIELDNUMBER ="59" KEYTYPE ="NOT A KEY" NAME ="UPDATED_BY" NULLABLE ="NULL" PICTURETEXT ="" PRECISION ="20" SCALE ="0"/>
        <TARGETFIELD BUSINESSNAME ="" DATATYPE ="number" DESCRIPTION ="" FIELDNUMBER ="60" KEYTYPE ="NOT A KEY" NAME ="ETL_CYCLE_ID" NULLABLE ="NOTNULL" PICTURETEXT ="" PRECISION ="15" SCALE ="0"/>
        <TARGETFIELD BUSINESSNAME ="" DATATYPE ="varchar2" DESCRIPTION ="" FIELDNUMBER ="61" KEYTYPE ="NOT A KEY" NAME ="STG_TABLE_NAME" NULLABLE ="NULL" PICTURETEXT ="" PRECISION ="100" SCALE ="0"/>
        <TARGETFIELD BUSINESSNAME ="" DATATYPE ="varchar2" DESCRIPTION ="" FIELDNUMBER ="62" KEYTYPE ="NOT A KEY" NAME ="DELTA_OR_MONTHLY" NULLABLE ="NULL" PICTURETEXT ="" PRECISION ="100" SCALE ="0"/>
        <TARGETFIELD BUSINESSNAME ="" DATATYPE ="varchar2" DESCRIPTION ="" FIELDNUMBER ="63" KEYTYPE ="NOT A KEY" NAME ="ACTIVITY_FLAG" NULLABLE ="NULL" PICTURETEXT ="" PRECISION ="1" SCALE ="0"/>
        <TARGETFIELD BUSINESSNAME ="" DATATYPE ="char" DESCRIPTION ="" FIELDNUMBER ="64" KEYTYPE ="NOT A KEY" NAME ="ERROR_CODE" NULLABLE ="NULL" PICTURETEXT ="" PRECISION ="4" SCALE ="0"/>
        <TARGETFIELD BUSINESSNAME ="" DATATYPE ="date" DESCRIPTION ="" FIELDNUMBER ="65" KEYTYPE ="NOT A KEY" NAME ="CONH_EFFECTIVE_FROM" NULLABLE ="NULL" PICTURETEXT ="" PRECISION ="19" SCALE ="0"/>
    </TARGET>
</FOLDER>
<FOLDER NAME="RAE_REVREC_DEV" GROUP="" OWNER="Administrator" SHARED="NOTSHARED" DESCRIPTION="RAE_REVREC_TEST" PERMISSIONS="rwx---r--" UUID="7dc178f9-f8d5-42f3-8195-46216461bdcb">
    <MAPPING DESCRIPTION ="This Mapping will load all the contract promotion data to CPPH_HIST table for all the Month to Month Contract data." ISVALID ="YES" NAME ="m_STG_TO_HOPM_S_TXN_CPPH_HIST_LOAD_MONTHLY_PROMOTION" OBJECTVERSION ="1" VERSIONNUMBER ="18">
        <TRANSFORMATION DESCRIPTION ="This Expression transformation populates the common columns as well as does the transformations required for the records flowing in from the S_TXN_CONTRACT_PROMOTION to the S_TXN_CPPH_HIST for the Month to Month contract data." NAME ="EXP_S_TXN_CONTRACT_PROMOTION" OBJECTVERSION ="1" REUSABLE ="NO" TYPE ="Expression" VERSIONNUMBER ="14">
            <TRANSFORMFIELD DATATYPE ="decimal" DEFAULTVALUE ="" DESCRIPTION ="" NAME ="i_CPPH_ID" PICTURETEXT ="" PORTTYPE ="INPUT" PRECISION ="38" SCALE ="0"/>
            <TRANSFORMFIELD DATATYPE ="decimal" DEFAULTVALUE ="" DESCRIPTION ="" NAME ="i_DPI_CONTRACT_KEY" PICTURETEXT ="" PORTTYPE ="INPUT" PRECISION ="38" SCALE ="0"/>
            <TRANSFORMFIELD DATATYPE ="decimal" DEFAULTVALUE ="" DESCRIPTION ="" NAME ="i_QUALIFYING_PRODUCT_KEY" PICTURETEXT ="" PORTTYPE ="INPUT" PRECISION ="38" SCALE ="0"/>
            <TRANSFORMFIELD DATATYPE ="string" DEFAULTVALUE ="" DESCRIPTION ="" NAME ="i_QUALIFYING_PRODUCT" PICTURETEXT ="" PORTTYPE ="INPUT" PRECISION ="5" SCALE ="0"/>
            <TRANSFORMFIELD DATATYPE ="date/time" DEFAULTVALUE ="" DESCRIPTION ="" NAME ="i_START_DATE" PICTURETEXT ="" PORTTYPE ="INPUT" PRECISION ="29" SCALE ="9"/>
            <TRANSFORMFIELD DATATYPE ="date/time" DEFAULTVALUE ="" DESCRIPTION ="" NAME ="i_END_DATE" PICTURETEXT ="" PORTTYPE ="INPUT" PRECISION ="29" SCALE ="9"/>
            <TRANSFORMFIELD DATATYPE ="decimal" DEFAULTVALUE ="" DESCRIPTION ="" NAME ="i_DISCOUNT_AMOUNT" PICTURETEXT ="" PORTTYPE ="INPUT" PRECISION ="7" SCALE ="2"/>
            <TRANSFORMFIELD DATATYPE ="string" DEFAULTVALUE ="" DESCRIPTION ="" NAME ="i_INFINIUM_GL_CODE" PICTURETEXT ="" PORTTYPE ="INPUT" PRECISION ="24" SCALE ="0"/>
            <TRANSFORMFIELD DATATYPE ="string" DEFAULTVALUE ="" DESCRIPTION ="" NAME ="i_PROF_MAP_CD" PICTURETEXT ="" PORTTYPE ="INPUT" PRECISION ="40" SCALE ="0"/>
            <TRANSFORMFIELD DATATYPE ="string" DEFAULTVALUE ="" DESCRIPTION ="" NAME ="i_ACTIVITY_FLAG" PICTURETEXT ="" PORTTYPE ="INPUT" PRECISION ="10" SCALE ="0"/>
            <TRANSFORMFIELD DATATYPE ="date/time" DEFAULTVALUE ="" DESCRIPTION ="" NAME ="i_CYCLE_BEGIN" PICTURETEXT ="" PORTTYPE ="INPUT" PRECISION ="29" SCALE ="9"/>
            <TRANSFORMFIELD DATATYPE ="date/time" DEFAULTVALUE ="" DESCRIPTION ="" NAME ="i_CYCLE_END" PICTURETEXT ="" PORTTYPE ="INPUT" PRECISION ="29" SCALE ="9"/>
            <TRANSFORMFIELD DATATYPE ="date/time" DEFAULTVALUE ="" DESCRIPTION ="" NAME ="i_BILL_DATE" PICTURETEXT ="" PORTTYPE ="INPUT" PRECISION ="29" SCALE ="9"/>
            <TRANSFORMFIELD DATATYPE ="decimal" DEFAULTVALUE ="" DESCRIPTION ="" NAME ="i_BILLING_CYCLE" PICTURETEXT ="" PORTTYPE ="INPUT" PRECISION ="2" SCALE ="0"/>
            <TRANSFORMFIELD DATATYPE ="string" DEFAULTVALUE ="" DESCRIPTION ="" NAME ="i_CPPH_PRODUCT_PART_CODE" PICTURETEXT ="" PORTTYPE ="INPUT" PRECISION ="40" SCALE ="0"/>
            <TRANSFORMFIELD DATATYPE ="decimal" DEFAULTVALUE ="" DESCRIPTION ="" NAME ="i_USI" PICTURETEXT ="" PORTTYPE ="INPUT" PRECISION ="12" SCALE ="0"/>
            <TRANSFORMFIELD DATATYPE ="string" DEFAULTVALUE ="" DESCRIPTION ="" NAME ="i_CONTRACT_PROMOTION_ID" PICTURETEXT ="" PORTTYPE ="INPUT" PRECISION ="15" SCALE ="0"/>
            <TRANSFORMFIELD DATATYPE ="string" DEFAULTVALUE ="" DESCRIPTION ="" NAME ="i_PROMO_KEY" PICTURETEXT ="" PORTTYPE ="INPUT" PRECISION ="20" SCALE ="0"/>
            <TRANSFORMFIELD DATATYPE ="decimal" DEFAULTVALUE ="" DESCRIPTION ="" NAME ="i_REDMPT_PCT" PICTURETEXT ="" PORTTYPE ="INPUT" PRECISION ="4" SCALE ="2"/>
            <TRANSFORMFIELD DATATYPE ="string" DEFAULTVALUE ="" DESCRIPTION ="" NAME ="i_CORE_PRD" PICTURETEXT ="" PORTTYPE ="INPUT" PRECISION ="40" SCALE ="0"/>
            <TRANSFORMFIELD DATATYPE ="string" DEFAULTVALUE ="" DESCRIPTION ="" NAME ="i_PROMO_ID" PICTURETEXT ="" PORTTYPE ="INPUT" PRECISION ="20" SCALE ="0"/>
            <TRANSFORMFIELD DATATYPE ="decimal" DEFAULTVALUE ="" DESCRIPTION ="" NAME ="i_PROMO_SEQUENCE" PICTURETEXT ="" PORTTYPE ="INPUT" PRECISION ="3" SCALE ="0"/>
            <TRANSFORMFIELD DATATYPE ="string" DEFAULTVALUE ="" DESCRIPTION ="" NAME ="i_MATRIX_DESC" PICTURETEXT ="" PORTTYPE ="INPUT" PRECISION ="200" SCALE ="0"/>
            <TRANSFORMFIELD DATATYPE ="string" DEFAULTVALUE ="" DESCRIPTION ="" NAME ="i_REVENUE_CTGRY" PICTURETEXT ="" PORTTYPE ="INPUT" PRECISION ="100" SCALE ="0"/>
            <TRANSFORMFIELD DATATYPE ="decimal" DEFAULTVALUE ="" DESCRIPTION ="" EXPRESSION ="i_CPPH_ID" EXPRESSIONTYPE ="GENERAL" NAME ="o_CPPH_ID" PICTURETEXT ="" PORTTYPE ="OUTPUT" PRECISION ="38" SCALE ="0"/>
            <TRANSFORMFIELD DATATYPE ="string" DEFAULTVALUE ="" DESCRIPTION ="" EXPRESSION ="TO_CHAR(i_DPI_CONTRACT_KEY)" EXPRESSIONTYPE ="GENERAL" NAME ="o_CPPH_STAGING_TABLE_ID" PICTURETEXT ="" PORTTYPE ="OUTPUT" PRECISION ="40" SCALE ="0"/>
            <TRANSFORMFIELD DATATYPE ="integer" DEFAULTVALUE ="" DESCRIPTION ="" EXPRESSION ="$$LPG_ID" EXPRESSIONTYPE ="GENERAL" NAME ="o_CPPH_LPG_ID" PICTURETEXT ="" PORTTYPE ="OUTPUT" PRECISION ="10" SCALE ="0"/>
            <TRANSFORMFIELD DATATYPE ="string" DEFAULTVALUE ="" DESCRIPTION ="" EXPRESSION ="TO_CHAR(i_DPI_CONTRACT_KEY) || &apos;-&apos; || to_Char(i_BILL_DATE, &apos;YYYYMM&apos;)" EXPRESSIONTYPE ="GENERAL" NAME ="o_CPPH_CONTRACT_NUMBER" PICTURETEXT ="" PORTTYPE ="OUTPUT" PRECISION ="80" SCALE ="0"/>
            <TRANSFORMFIELD DATATYPE ="string" DEFAULTVALUE ="" DESCRIPTION ="" EXPRESSION ="TO_CHAR(i_DPI_CONTRACT_KEY)&#xD;&#xA;|| &apos;-&apos; ||&#xD;&#xA;TO_CHAR(i_CONTRACT_PROMOTION_ID)&#xD;&#xA;|| &apos;-&apos; ||&#xD;&#xA;TO_CHAR(i_USI)&#xD;&#xA;|| &apos;-&apos; ||&#xD;&#xA;TO_CHAR(i_PROMO_ID)&#xD;&#xA;|| &apos;-&apos; ||&#xD;&#xA;TO_CHAR(i_PROMO_KEY)&#xD;&#xA;|| &apos;-&apos; ||&#xD;&#xA;TO_CHAR(i_PROMO_SEQUENCE)&#xD;&#xA;&#xD;&#xA;&#xD;&#xA;--TO_CHAR(i_DPI_CONTRACT_KEY)|| &apos;-&apos; ||TO_CHAR(i_CONTRACT_PROMOTION_ID)|| &apos;-&apos; ||TO_CHAR(i_USI)|| &apos;-&apos; ||TO_CHAR(i_PROMO_KEY) &#xD;&#xA;&#xD;&#xA;&#xD;&#xA;--TO_CHAR(i_DPI_CONTRACT_KEY) || &apos;-&apos; || TO_CHAR(i_QUALIFYING_PRODUCT_KEY)" EXPRESSIONTYPE ="GENERAL" NAME ="o_CPPH_CON_PROD_PART_NUMBER" PICTURETEXT ="" PORTTYPE ="OUTPUT" PRECISION ="80" SCALE ="0"/>
            <TRANSFORMFIELD DATATYPE ="string" DEFAULTVALUE ="" DESCRIPTION ="" EXPRESSION ="&apos;&apos;" EXPRESSIONTYPE ="GENERAL" NAME ="o_CPPH_PRORATION_GROUP_ID" PICTURETEXT ="" PORTTYPE ="OUTPUT" PRECISION ="80" SCALE ="0"/>
            <TRANSFORMFIELD DATATYPE ="string" DEFAULTVALUE ="" DESCRIPTION ="" EXPRESSION ="i_CPPH_PRODUCT_PART_CODE" EXPRESSIONTYPE ="GENERAL" NAME ="o_CPPH_PRODUCT_PART_CODE" PICTURETEXT ="" PORTTYPE ="OUTPUT" PRECISION ="40" SCALE ="0"/>
            <TRANSFORMFIELD DATATYPE ="string" DEFAULTVALUE ="" DESCRIPTION ="" EXPRESSION ="i_PROF_MAP_CD" EXPRESSIONTYPE ="GENERAL" NAME ="o_CPPH_PROFILE_MAP_CODE" PICTURETEXT ="" PORTTYPE ="OUTPUT" PRECISION ="40" SCALE ="0"/>
            <TRANSFORMFIELD DATATYPE ="date/time" DEFAULTVALUE ="" DESCRIPTION ="" EXPRESSION ="i_CYCLE_BEGIN" EXPRESSIONTYPE ="GENERAL" NAME ="v_CPPH_START_DATE" PICTURETEXT ="" PORTTYPE ="LOCAL VARIABLE" PRECISION ="29" SCALE ="9"/>
            <TRANSFORMFIELD DATATYPE ="date/time" DEFAULTVALUE ="" DESCRIPTION ="" EXPRESSION ="v_CPPH_START_DATE" EXPRESSIONTYPE ="GENERAL" NAME ="o_CPPH_START_DATE" PICTURETEXT ="" PORTTYPE ="OUTPUT" PRECISION ="29" SCALE ="9"/>
            <TRANSFORMFIELD DATATYPE ="date/time" DEFAULTVALUE ="" DESCRIPTION ="" EXPRESSION ="i_CYCLE_END" EXPRESSIONTYPE ="GENERAL" NAME ="o_CPPH_END_DATE" PICTURETEXT ="" PORTTYPE ="OUTPUT" PRECISION ="29" SCALE ="9"/>
            <TRANSFORMFIELD DATATYPE ="date/time" DEFAULTVALUE ="" DESCRIPTION ="" EXPRESSION ="LEAST(v_CPPH_START_DATE, i_CYCLE_BEGIN)" EXPRESSIONTYPE ="GENERAL" NAME ="v_CPPH_FIRST_RECUR_PER_ST_DT" PICTURETEXT ="" PORTTYPE ="LOCAL VARIABLE" PRECISION ="29" SCALE ="9"/>
            <TRANSFORMFIELD DATATYPE ="date/time" DEFAULTVALUE ="ERROR(&apos;transformation error&apos;)" DESCRIPTION ="" EXPRESSION ="v_CPPH_FIRST_RECUR_PER_ST_DT" EXPRESSIONTYPE ="GENERAL" NAME ="o_CPPH_FIRST_RECUR_PER_ST_DT" PICTURETEXT ="" PORTTYPE ="OUTPUT" PRECISION ="29" SCALE ="9"/>
            <TRANSFORMFIELD DATATYPE ="decimal" DEFAULTVALUE ="" DESCRIPTION ="" EXPRESSION ="GET_DATE_PART(v_CPPH_FIRST_RECUR_PER_ST_DT,&apos;DAY&apos;)&#xD;&#xA;--GET_DATE_PART(i_CYCLE_BEGIN,&apos;DAY&apos;)&#xD;&#xA;&#xD;&#xA;" EXPRESSIONTYPE ="GENERAL" NAME ="o_CPPH_RECUR_PER_ST_DAY" PICTURETEXT ="" PORTTYPE ="OUTPUT" PRECISION ="2" SCALE ="0"/>
            <TRANSFORMFIELD DATATYPE ="date/time" DEFAULTVALUE ="" DESCRIPTION ="" EXPRESSION ="i_CYCLE_BEGIN" EXPRESSIONTYPE ="GENERAL" NAME ="o_CPPH_INIT_PRORATED_BILL_DATE" PICTURETEXT ="" PORTTYPE ="OUTPUT" PRECISION ="29" SCALE ="9"/>
            <TRANSFORMFIELD DATATYPE ="date/time" DEFAULTVALUE ="" DESCRIPTION ="" EXPRESSION ="v_CPPH_FIRST_RECUR_PER_ST_DT&#xD;&#xA;--i_CYCLE_BEGIN" EXPRESSIONTYPE ="GENERAL" NAME ="v_CPPH_FIRST_BILLING_DATE" PICTURETEXT ="" PORTTYPE ="LOCAL VARIABLE" PRECISION ="29" SCALE ="9"/>
            <TRANSFORMFIELD DATATYPE ="date/time" DEFAULTVALUE ="" DESCRIPTION ="" EXPRESSION ="v_CPPH_FIRST_BILLING_DATE" EXPRESSIONTYPE ="GENERAL" NAME ="o_CPPH_FIRST_BILLING_DATE" PICTURETEXT ="" PORTTYPE ="OUTPUT" PRECISION ="29" SCALE ="9"/>
            <TRANSFORMFIELD DATATYPE ="decimal" DEFAULTVALUE ="" DESCRIPTION ="" EXPRESSION ="GET_DATE_PART(v_CPPH_FIRST_BILLING_DATE,&apos;DAY&apos;)" EXPRESSIONTYPE ="GENERAL" NAME ="o_CPPH_BILLING_DAY" PICTURETEXT ="" PORTTYPE ="OUTPUT" PRECISION ="2" SCALE ="0"/>
            <TRANSFORMFIELD DATATYPE ="decimal" DEFAULTVALUE ="" DESCRIPTION ="" EXPRESSION ="1" EXPRESSIONTYPE ="GENERAL" NAME ="o_CPPH_QUANTITY" PICTURETEXT ="" PORTTYPE ="OUTPUT" PRECISION ="10" SCALE ="0"/>
            <TRANSFORMFIELD DATATYPE ="decimal" DEFAULTVALUE ="" DESCRIPTION ="" EXPRESSION ="0" EXPRESSIONTYPE ="GENERAL" NAME ="o_CPPH_UNITS" PICTURETEXT ="" PORTTYPE ="OUTPUT" PRECISION ="28" SCALE ="8"/>
            <TRANSFORMFIELD DATATYPE ="string" DEFAULTVALUE ="" DESCRIPTION ="" EXPRESSION ="&apos;&apos;" EXPRESSIONTYPE ="GENERAL" NAME ="o_CPPH_UNIT_TYPE" PICTURETEXT ="" PORTTYPE ="OUTPUT" PRECISION ="3" SCALE ="0"/>
            <TRANSFORMFIELD DATATYPE ="string" DEFAULTVALUE ="" DESCRIPTION ="" EXPRESSION ="&apos;OFF&apos;" EXPRESSIONTYPE ="GENERAL" NAME ="o_CPPH_ACCR_ACCT_TYPE" PICTURETEXT ="" PORTTYPE ="OUTPUT" PRECISION ="40" SCALE ="0"/>
            <TRANSFORMFIELD DATATYPE ="decimal" DEFAULTVALUE ="" DESCRIPTION ="" EXPRESSION ="1" EXPRESSIONTYPE ="GENERAL" NAME ="o_CPPH_FREQUENCY" PICTURETEXT ="" PORTTYPE ="OUTPUT" PRECISION ="4" SCALE ="0"/>
            <TRANSFORMFIELD DATATYPE ="string" DEFAULTVALUE ="" DESCRIPTION ="" EXPRESSION ="&apos;&apos;" EXPRESSIONTYPE ="GENERAL" NAME ="o_CPPH_PRICE_CLASS_CODE" PICTURETEXT ="" PORTTYPE ="OUTPUT" PRECISION ="255" SCALE ="0"/>
            <TRANSFORMFIELD DATATYPE ="decimal" DEFAULTVALUE ="" DESCRIPTION ="" EXPRESSION ="i_DISCOUNT_AMOUNT&#xD;&#xA;&#xD;&#xA;&#xD;&#xA;---1&#xD;&#xA;--*&#xD;&#xA;--ABS(&#xD;&#xA;--IIF(i_PROF_MAP_CD=&apos;CASH_EQUIVALENT_CAPTURE&apos; AND NOT ISNULL(i_REDMPT_PCT),&#xD;&#xA;--i_REDMPT_PCT*i_DISCOUNT_AMOUNT,&#xD;&#xA;--i_DISCOUNT_AMOUNT)&#xD;&#xA;--)&#xD;&#xA;" EXPRESSIONTYPE ="GENERAL" NAME ="o_CPPH_MONTHLY_CHARGE" PICTURETEXT ="" PORTTYPE ="OUTPUT" PRECISION ="28" SCALE ="8"/>
            <TRANSFORMFIELD DATATYPE ="decimal" DEFAULTVALUE ="" DESCRIPTION ="" EXPRESSION ="0" EXPRESSIONTYPE ="GENERAL" NAME ="o_CPPH_MONTHLY_FV" PICTURETEXT ="" PORTTYPE ="OUTPUT" PRECISION ="28" SCALE ="8"/>
            <TRANSFORMFIELD DATATYPE ="decimal" DEFAULTVALUE ="" DESCRIPTION ="" EXPRESSION ="$$REPLICA_HOPPER_STATUS" EXPRESSIONTYPE ="GENERAL" NAME ="o_CPPH_HOPPER_STATUS" PICTURETEXT ="" PORTTYPE ="OUTPUT" PRECISION ="2" SCALE ="0"/>
            <TRANSFORMFIELD DATATYPE ="date/time" DEFAULTVALUE ="" DESCRIPTION ="" EXPRESSION ="" EXPRESSIONTYPE ="GENERAL" NAME ="o_CPPH_TERMINATION_DATE" PICTURETEXT ="" PORTTYPE ="OUTPUT" PRECISION ="29" SCALE ="9"/>
            <TRANSFORMFIELD DATATYPE ="string" DEFAULTVALUE ="" DESCRIPTION ="" EXPRESSION ="TO_CHAR(i_DPI_CONTRACT_KEY) || &apos;_&apos; || to_Char(i_BILL_DATE, &apos;YYYYMM&apos;)" EXPRESSIONTYPE ="GENERAL" NAME ="o_CPPH_UNIQUE_INSTANCE_ID" PICTURETEXT ="" PORTTYPE ="OUTPUT" PRECISION ="90" SCALE ="0"/>
            <TRANSFORMFIELD DATATYPE ="string" DEFAULTVALUE ="" DESCRIPTION ="" EXPRESSION ="&apos;&apos;" EXPRESSIONTYPE ="GENERAL" NAME ="o_CPPH_SPAN_ID" PICTURETEXT ="" PORTTYPE ="OUTPUT" PRECISION ="40" SCALE ="0"/>
            <TRANSFORMFIELD DATATYPE ="string" DEFAULTVALUE ="" DESCRIPTION ="" EXPRESSION ="&apos;&apos;" EXPRESSIONTYPE ="GENERAL" NAME ="o_CPPH_FINANCE_TYPE" PICTURETEXT ="" PORTTYPE ="OUTPUT" PRECISION ="40" SCALE ="0"/>
            <TRANSFORMFIELD DATATYPE ="decimal" DEFAULTVALUE ="" DESCRIPTION ="" EXPRESSION ="" EXPRESSIONTYPE ="GENERAL" NAME ="o_CPPH_FINANCE_PERIOD" PICTURETEXT ="" PORTTYPE ="OUTPUT" PRECISION ="2" SCALE ="0"/>
            <TRANSFORMFIELD DATATYPE ="decimal" DEFAULTVALUE ="" DESCRIPTION ="" EXPRESSION ="" EXPRESSIONTYPE ="GENERAL" NAME ="o_CPPH_FINANCE_TOTAL_INTEREST" PICTURETEXT ="" PORTTYPE ="OUTPUT" PRECISION ="28" SCALE ="8"/>
            <TRANSFORMFIELD DATATYPE ="decimal" DEFAULTVALUE ="" DESCRIPTION ="" EXPRESSION ="" EXPRESSIONTYPE ="GENERAL" NAME ="o_CPPH_FINANCE_INTEREST_RATE" PICTURETEXT ="" PORTTYPE ="OUTPUT" PRECISION ="7" SCALE ="5"/>
            <TRANSFORMFIELD DATATYPE ="decimal" DEFAULTVALUE ="" DESCRIPTION ="" EXPRESSION ="" EXPRESSIONTYPE ="GENERAL" NAME ="o_CPPH_FINANCE_DOWN_PAYMENT" PICTURETEXT ="" PORTTYPE ="OUTPUT" PRECISION ="28" SCALE ="8"/>
            <TRANSFORMFIELD DATATYPE ="decimal" DEFAULTVALUE ="" DESCRIPTION ="" EXPRESSION ="" EXPRESSIONTYPE ="GENERAL" NAME ="o_CPPH_FINANCE_PAYMENT_AMOUNT" PICTURETEXT ="" PORTTYPE ="OUTPUT" PRECISION ="28" SCALE ="8"/>
            <TRANSFORMFIELD DATATYPE ="string" DEFAULTVALUE ="" DESCRIPTION ="" EXPRESSION ="&apos;&apos;" EXPRESSIONTYPE ="GENERAL" NAME ="o_CPPH_FINANCING_LIABILITY" PICTURETEXT ="" PORTTYPE ="OUTPUT" PRECISION ="1" SCALE ="0"/>
            <TRANSFORMFIELD DATATYPE ="decimal" DEFAULTVALUE ="" DESCRIPTION ="" EXPRESSION ="" EXPRESSIONTYPE ="GENERAL" NAME ="o_CPPH_EXPECTED_LIFE" PICTURETEXT ="" PORTTYPE ="OUTPUT" PRECISION ="4" SCALE ="0"/>
            <TRANSFORMFIELD DATATYPE ="string" DEFAULTVALUE ="" DESCRIPTION ="" EXPRESSION ="&apos;&apos;" EXPRESSIONTYPE ="GENERAL" NAME ="o_CPPH_COLLECTIBILITY" PICTURETEXT ="" PORTTYPE ="OUTPUT" PRECISION ="1" SCALE ="0"/>
            <TRANSFORMFIELD DATATYPE ="decimal" DEFAULTVALUE ="" DESCRIPTION ="" EXPRESSION ="" EXPRESSIONTYPE ="GENERAL" NAME ="o_CPPH_ALLOCATION_GROUPS" PICTURETEXT ="" PORTTYPE ="OUTPUT" PRECISION ="10" SCALE ="0"/>
            <TRANSFORMFIELD DATATYPE ="string" DEFAULTVALUE ="" DESCRIPTION ="" EXPRESSION ="--IIF (i_PROF_MAP_CD = &apos;CASH_EQUIVALENT_CAPTURE&apos; OR &#xD;&#xA;--i_PROF_MAP_CD=&apos;THIRD_PARTY_CAPTURE&apos; ,  &#xD;&#xA;--&apos;FACILITY_ACTION&apos; , &apos;&apos;)&#xD;&#xA;&apos;&apos;" EXPRESSIONTYPE ="GENERAL" NAME ="o_CPPH_ACTION_TYPE" PICTURETEXT ="" PORTTYPE ="OUTPUT" PRECISION ="20" SCALE ="0"/>
            <TRANSFORMFIELD DATATYPE ="string" DEFAULTVALUE ="" DESCRIPTION ="" EXPRESSION ="&apos;&apos;" EXPRESSIONTYPE ="GENERAL" NAME ="o_CPPH_RELATED_CPP_NUMBER" PICTURETEXT ="" PORTTYPE ="OUTPUT" PRECISION ="80" SCALE ="0"/>
            <TRANSFORMFIELD DATATYPE ="string" DEFAULTVALUE ="" DESCRIPTION ="" EXPRESSION ="--IIF (i_PROF_MAP_CD = &apos;CASH_EQUIVALENT_CAPTURE&apos; OR &#xD;&#xA;--i_PROF_MAP_CD = &apos;THIRD_PARTY_CAPTURE&apos; , &#xD;&#xA;--TO_CHAR(i_DPI_CONTRACT_KEY) || i_QUALIFYING_PRODUCT_KEY, NULL)&#xD;&#xA;&apos;&apos;" EXPRESSIONTYPE ="GENERAL" NAME ="o_CPPH_FACILITY_CAPTURE_NO" PICTURETEXT ="" PORTTYPE ="OUTPUT" PRECISION ="40" SCALE ="0"/>
            <TRANSFORMFIELD DATATYPE ="string" DEFAULTVALUE ="" DESCRIPTION ="" EXPRESSION ="&apos;&apos;" EXPRESSIONTYPE ="GENERAL" NAME ="o_CPPH_FACILITY_RELEASE_NO" PICTURETEXT ="" PORTTYPE ="OUTPUT" PRECISION ="40" SCALE ="0"/>
            <TRANSFORMFIELD DATATYPE ="string" DEFAULTVALUE ="" DESCRIPTION ="" EXPRESSION ="&apos;&apos;" EXPRESSIONTYPE ="GENERAL" NAME ="o_CPPH_RELEASE_TYPE" PICTURETEXT ="" PORTTYPE ="OUTPUT" PRECISION ="20" SCALE ="0"/>
            <TRANSFORMFIELD DATATYPE ="decimal" DEFAULTVALUE ="" DESCRIPTION ="" EXPRESSION ="--IIF (i_PROF_MAP_CD = &apos;CASH_EQUIVALENT_CAPTURE&apos; OR &#xD;&#xA;--i_PROF_MAP_CD = &apos;THIRD_PARTY_CAPTURE&apos; ,  1 , NULL)&#xD;&#xA;NULL&#xD;&#xA;" EXPRESSIONTYPE ="GENERAL" NAME ="o_CPPH_FACILITY_ORDER" PICTURETEXT ="" PORTTYPE ="OUTPUT" PRECISION ="10" SCALE ="0"/>
            <TRANSFORMFIELD DATATYPE ="date/time" DEFAULTVALUE ="" DESCRIPTION ="" EXPRESSION ="SESSSTARTTIME" EXPRESSIONTYPE ="GENERAL" NAME ="o_CPPH_CREATION_DATE" PICTURETEXT ="" PORTTYPE ="OUTPUT" PRECISION ="29" SCALE ="9"/>
            <TRANSFORMFIELD DATATYPE ="string" DEFAULTVALUE ="" DESCRIPTION ="" EXPRESSION ="i_INFINIUM_GL_CODE" EXPRESSIONTYPE ="GENERAL" NAME ="o_CPPH_EX_ATTR_TEXT_1" PICTURETEXT ="" PORTTYPE ="OUTPUT" PRECISION ="250" SCALE ="0"/>
            <TRANSFORMFIELD DATATYPE ="string" DEFAULTVALUE ="" DESCRIPTION ="" EXPRESSION ="i_REVENUE_CTGRY" EXPRESSIONTYPE ="GENERAL" NAME ="o_CPPH_EX_ATTR_TEXT_2" PICTURETEXT ="" PORTTYPE ="OUTPUT" PRECISION ="250" SCALE ="0"/>
            <TRANSFORMFIELD DATATYPE ="string" DEFAULTVALUE ="" DESCRIPTION ="" EXPRESSION ="i_CORE_PRD" EXPRESSIONTYPE ="GENERAL" NAME ="o_CPPH_EX_ATTR_TEXT_3" PICTURETEXT ="" PORTTYPE ="OUTPUT" PRECISION ="250" SCALE ="0"/>
            <TRANSFORMFIELD DATATYPE ="string" DEFAULTVALUE ="" DESCRIPTION ="" EXPRESSION ="i_MATRIX_DESC" EXPRESSIONTYPE ="GENERAL" NAME ="o_CPPH_EX_ATTR_TEXT_4" PICTURETEXT ="" PORTTYPE ="OUTPUT" PRECISION ="250" SCALE ="0"/>
            <TRANSFORMFIELD DATATYPE ="string" DEFAULTVALUE ="" DESCRIPTION ="" EXPRESSION ="&apos;&apos;" EXPRESSIONTYPE ="GENERAL" NAME ="o_CPPH_EX_ATTR_TEXT_5" PICTURETEXT ="" PORTTYPE ="OUTPUT" PRECISION ="250" SCALE ="0"/>
            <TRANSFORMFIELD DATATYPE ="string" DEFAULTVALUE ="" DESCRIPTION ="" EXPRESSION ="&apos;&apos;" EXPRESSIONTYPE ="GENERAL" NAME ="o_CPPH_EX_ATTR_TEXT_6" PICTURETEXT ="" PORTTYPE ="OUTPUT" PRECISION ="250" SCALE ="0"/>
            <TRANSFORMFIELD DATATYPE ="string" DEFAULTVALUE ="" DESCRIPTION ="" EXPRESSION ="&apos;&apos;" EXPRESSIONTYPE ="GENERAL" NAME ="o_CPPH_EX_ATTR_TEXT_7" PICTURETEXT ="" PORTTYPE ="OUTPUT" PRECISION ="250" SCALE ="0"/>
            <TRANSFORMFIELD DATATYPE ="string" DEFAULTVALUE ="" DESCRIPTION ="" EXPRESSION ="&apos;&apos;" EXPRESSIONTYPE ="GENERAL" NAME ="o_CPPH_EX_ATTR_TEXT_8" PICTURETEXT ="" PORTTYPE ="OUTPUT" PRECISION ="249" SCALE ="0"/>
            <TRANSFORMFIELD DATATYPE ="string" DEFAULTVALUE ="" DESCRIPTION ="" EXPRESSION ="&apos;&apos;" EXPRESSIONTYPE ="GENERAL" NAME ="o_CPPH_EX_ATTR_TEXT_9" PICTURETEXT ="" PORTTYPE ="OUTPUT" PRECISION ="250" SCALE ="0"/>
            <TRANSFORMFIELD DATATYPE ="string" DEFAULTVALUE ="" DESCRIPTION ="" EXPRESSION ="&apos;&apos;" EXPRESSIONTYPE ="GENERAL" NAME ="o_CPPH_EX_ATTR_TEXT_10" PICTURETEXT ="" PORTTYPE ="OUTPUT" PRECISION ="250" SCALE ="0"/>
            <TRANSFORMFIELD DATATYPE ="date/time" DEFAULTVALUE ="" DESCRIPTION ="" EXPRESSION ="SESSSTARTTIME" EXPRESSIONTYPE ="GENERAL" NAME ="o_CPPH_INPUT_DATE" PICTURETEXT ="" PORTTYPE ="OUTPUT" PRECISION ="29" SCALE ="9"/>
            <TRANSFORMFIELD DATATYPE ="date/time" DEFAULTVALUE ="" DESCRIPTION ="" EXPRESSION ="SESSSTARTTIME" EXPRESSIONTYPE ="GENERAL" NAME ="o_CREATED_DATE" PICTURETEXT ="" PORTTYPE ="OUTPUT" PRECISION ="29" SCALE ="9"/>
            <TRANSFORMFIELD DATATYPE ="date/time" DEFAULTVALUE ="" DESCRIPTION ="" EXPRESSION ="SESSSTARTTIME" EXPRESSIONTYPE ="GENERAL" NAME ="o_LAST_UPDATED_DATE" PICTURETEXT ="" PORTTYPE ="OUTPUT" PRECISION ="29" SCALE ="9"/>
            <TRANSFORMFIELD DATATYPE ="string" DEFAULTVALUE ="" DESCRIPTION ="" EXPRESSION ="$$ETL_LOAD_USER" EXPRESSIONTYPE ="GENERAL" NAME ="o_CREATED_BY" PICTURETEXT ="" PORTTYPE ="OUTPUT" PRECISION ="20" SCALE ="0"/>
            <TRANSFORMFIELD DATATYPE ="string" DEFAULTVALUE ="" DESCRIPTION ="" EXPRESSION ="$$ETL_LOAD_USER" EXPRESSIONTYPE ="GENERAL" NAME ="o_UPDATED_BY" PICTURETEXT ="" PORTTYPE ="OUTPUT" PRECISION ="20" SCALE ="0"/>
            <TRANSFORMFIELD DATATYPE ="integer" DEFAULTVALUE ="" DESCRIPTION ="" EXPRESSION ="$$ETL_CYCLE_ID" EXPRESSIONTYPE ="GENERAL" NAME ="o_ETL_CYCLE_ID" PICTURETEXT ="" PORTTYPE ="OUTPUT" PRECISION ="10" SCALE ="0"/>
            <TRANSFORMFIELD DATATYPE ="string" DEFAULTVALUE ="" DESCRIPTION ="" EXPRESSION ="&apos;S_TXN_CONTRACT_PROMOTION&apos;" EXPRESSIONTYPE ="GENERAL" NAME ="o_STG_TABLE_NAME" PICTURETEXT ="" PORTTYPE ="OUTPUT" PRECISION ="100" SCALE ="0"/>
            <TRANSFORMFIELD DATATYPE ="string" DEFAULTVALUE ="" DESCRIPTION ="" EXPRESSION ="&apos;MONTHLY&apos;" EXPRESSIONTYPE ="GENERAL" NAME ="o_DELTA_OR_MONTHLY" PICTURETEXT ="" PORTTYPE ="OUTPUT" PRECISION ="100" SCALE ="0"/>
            <TABLEATTRIBUTE NAME ="Tracing Level" VALUE ="Normal"/>
        </TRANSFORMATION>
        <TRANSFORMATION DESCRIPTION ="This has a SQL oevrride for fetching the records from Staging Table Contract Promotion that need to be loaded to Contract Product part Hopper for Month to Month contract data." NAME ="SQ_SC_S_TXN_CONTRACT_PROMOTION" OBJECTVERSION ="1" REUSABLE ="NO" TYPE ="Source Qualifier" VERSIONNUMBER ="9">
            <TRANSFORMFIELD DATATYPE ="decimal" DEFAULTVALUE ="" DESCRIPTION ="" NAME ="CPPH_ID" PICTURETEXT ="" PORTTYPE ="INPUT/OUTPUT" PRECISION ="38" SCALE ="0"/>
            <TRANSFORMFIELD DATATYPE ="decimal" DEFAULTVALUE ="" DESCRIPTION ="" NAME ="DPI_CONTRACT_KEY" PICTURETEXT ="" PORTTYPE ="INPUT/OUTPUT" PRECISION ="38" SCALE ="0"/>
            <TRANSFORMFIELD DATATYPE ="decimal" DEFAULTVALUE ="" DESCRIPTION ="" NAME ="QUALIFYING_PRODUCT_KEY" PICTURETEXT ="" PORTTYPE ="INPUT/OUTPUT" PRECISION ="38" SCALE ="0"/>
            <TRANSFORMFIELD DATATYPE ="string" DEFAULTVALUE ="" DESCRIPTION ="" NAME ="QUALIFYING_PRODUCT" PICTURETEXT ="" PORTTYPE ="INPUT/OUTPUT" PRECISION ="5" SCALE ="0"/>
            <TRANSFORMFIELD DATATYPE ="date/time" DEFAULTVALUE ="" DESCRIPTION ="" NAME ="START_DATE" PICTURETEXT ="" PORTTYPE ="INPUT/OUTPUT" PRECISION ="29" SCALE ="9"/>
            <TRANSFORMFIELD DATATYPE ="date/time" DEFAULTVALUE ="" DESCRIPTION ="" NAME ="END_DATE" PICTURETEXT ="" PORTTYPE ="INPUT/OUTPUT" PRECISION ="29" SCALE ="9"/>
            <TRANSFORMFIELD DATATYPE ="decimal" DEFAULTVALUE ="" DESCRIPTION ="" NAME ="DISCOUNT_AMOUNT" PICTURETEXT ="" PORTTYPE ="INPUT/OUTPUT" PRECISION ="7" SCALE ="2"/>
            <TRANSFORMFIELD DATATYPE ="string" DEFAULTVALUE ="" DESCRIPTION ="" NAME ="INFINIUM_GL_CODE" PICTURETEXT ="" PORTTYPE ="INPUT/OUTPUT" PRECISION ="24" SCALE ="0"/>
            <TRANSFORMFIELD DATATYPE ="string" DEFAULTVALUE ="" DESCRIPTION ="" NAME ="PROF_MAP_CD" PICTURETEXT ="" PORTTYPE ="INPUT/OUTPUT" PRECISION ="40" SCALE ="0"/>
            <TRANSFORMFIELD DATATYPE ="string" DEFAULTVALUE ="" DESCRIPTION ="" NAME ="ACTIVITY_FLAG" PICTURETEXT ="" PORTTYPE ="INPUT/OUTPUT" PRECISION ="10" SCALE ="0"/>
            <TRANSFORMFIELD DATATYPE ="date/time" DEFAULTVALUE ="" DESCRIPTION ="" NAME ="CYCLE_BEGIN" PICTURETEXT ="" PORTTYPE ="INPUT/OUTPUT" PRECISION ="29" SCALE ="9"/>
            <TRANSFORMFIELD DATATYPE ="date/time" DEFAULTVALUE ="" DESCRIPTION ="" NAME ="CYCLE_END" PICTURETEXT ="" PORTTYPE ="INPUT/OUTPUT" PRECISION ="29" SCALE ="9"/>
            <TRANSFORMFIELD DATATYPE ="date/time" DEFAULTVALUE ="" DESCRIPTION ="" NAME ="BILL_DATE" PICTURETEXT ="" PORTTYPE ="INPUT/OUTPUT" PRECISION ="29" SCALE ="9"/>
            <TRANSFORMFIELD DATATYPE ="decimal" DEFAULTVALUE ="" DESCRIPTION ="" NAME ="BILLING_CYCLE" PICTURETEXT ="" PORTTYPE ="INPUT/OUTPUT" PRECISION ="2" SCALE ="0"/>
            <TRANSFORMFIELD DATATYPE ="string" DEFAULTVALUE ="" DESCRIPTION ="" NAME ="CPPH_PRODUCT_PART_CODE" PICTURETEXT ="" PORTTYPE ="INPUT/OUTPUT" PRECISION ="40" SCALE ="0"/>
            <TRANSFORMFIELD DATATYPE ="decimal" DEFAULTVALUE ="" DESCRIPTION ="" NAME ="USI" PICTURETEXT ="" PORTTYPE ="INPUT/OUTPUT" PRECISION ="12" SCALE ="0"/>
            <TRANSFORMFIELD DATATYPE ="string" DEFAULTVALUE ="" DESCRIPTION ="" NAME ="CONTRACT_PROMOTION_ID" PICTURETEXT ="" PORTTYPE ="INPUT/OUTPUT" PRECISION ="15" SCALE ="0"/>
            <TRANSFORMFIELD DATATYPE ="string" DEFAULTVALUE ="" DESCRIPTION ="" NAME ="PROMO_KEY" PICTURETEXT ="" PORTTYPE ="INPUT/OUTPUT" PRECISION ="20" SCALE ="0"/>
            <TRANSFORMFIELD DATATYPE ="decimal" DEFAULTVALUE ="" DESCRIPTION ="" NAME ="REDMPT_PCT" PICTURETEXT ="" PORTTYPE ="INPUT/OUTPUT" PRECISION ="4" SCALE ="2"/>
            <TRANSFORMFIELD DATATYPE ="string" DEFAULTVALUE ="" DESCRIPTION ="" NAME ="CORE_PRD" PICTURETEXT ="" PORTTYPE ="INPUT/OUTPUT" PRECISION ="40" SCALE ="0"/>
            <TRANSFORMFIELD DATATYPE ="string" DEFAULTVALUE ="" DESCRIPTION ="" NAME ="PROMO_ID" PICTURETEXT ="" PORTTYPE ="INPUT/OUTPUT" PRECISION ="20" SCALE ="0"/>
            <TRANSFORMFIELD DATATYPE ="decimal" DEFAULTVALUE ="" DESCRIPTION ="" NAME ="PROMO_SEQUENCE" PICTURETEXT ="" PORTTYPE ="INPUT/OUTPUT" PRECISION ="3" SCALE ="0"/>
            <TABLEATTRIBUTE NAME ="Sql Query" VALUE ="SELECT &#xD;&#xA;$$STG_SCHEMA.S_TXN_CPPH_HIST_CPPH_ID_SEQ.NEXTVAL,&#xD;&#xA;A.DPI_CONTRACT_KEY,&#xD;&#xA;A.QUALIFYING_PRODUCT_KEY,&#xD;&#xA;A.QUALIFYING_PRODUCT,&#xD;&#xA;A.START_DATE,&#xD;&#xA;A.END_DATE,&#xD;&#xA;A.DISCOUNT_AMOUNT,&#xD;&#xA;A.INFINIUM_GL_CODE,&#xD;&#xA;C.PROF_MAP_CD,&#xD;&#xA;D.ACTIVITY_FLAG,&#xD;&#xA;F.CYCLE_BEGIN,&#xD;&#xA;F.CYCLE_END,&#xD;&#xA;F.BILL_DATE,&#xD;&#xA;E.BILLING_CYCLE,&#xD;&#xA;(C.DPI_ENVRN || &apos;|&apos; || C.TARIF_CD || &apos;|&apos; ||  &#xD;&#xA;C.SVC_TYPE || &apos;|&apos; ||  C.PRD_CD) as CPPH_PRODUCT_PART_CODE,&#xD;&#xA;A.USI,&#xD;&#xA;A.CONTRACT_PROMOTION_ID,&#xD;&#xA;A.PROMO_KEY,&#xD;&#xA;C.REDMPT_PCT,&#xD;&#xA;C.CORE_PRD,&#xD;&#xA;A.PROMO_ID,&#xD;&#xA;A.PROMO_SEQUENCE&#xD;&#xA;&#xD;&#xA;FROM &#xD;&#xA;&#xD;&#xA;(SELECT DISTINCT&#xD;&#xA;CYCLE_BEGIN,&#xD;&#xA;CYCLE_END,&#xD;&#xA;BILL_DATE,&#xD;&#xA;ENVIRONMENT,&#xD;&#xA;BILLING_CYCLE,&#xD;&#xA;ETL_CYCLE_ID&#xD;&#xA;FROM $$STG_SCHEMA.S_PROCESSED_BILLING_CYCLE&#xD;&#xA;WHERE ETL_CYCLE_ID= $$ETL_CYCLE_ID) F&#x9;&#xD;&#xA;&#xD;&#xA;INNER JOIN  $$STG_SCHEMA.S_TXN_CUSTOMER E&#xD;&#xA;ON E.CURRENT_FLAG = &apos;$$RECORD_ACTV_FLG&apos;&#xD;&#xA;AND F.BILLING_CYCLE = E.BILLING_CYCLE&#xD;&#xA;--F.ID = E.BILL_CYCLE_ID AND &#xD;&#xA;&#xD;&#xA;INNER JOIN $$STG_SCHEMA.S_TXN_CONTRACT D&#xD;&#xA;ON D.CURRENT_FLAG = &apos;$$RECORD_ACTV_FLG&apos;&#xD;&#xA;AND D.END_DATE &lt; F.BILL_DATE&#xD;&#xA;AND D.DPI_CUSTOMER_KEY = E.DPI_CUSTOMER_KEY&#xD;&#xA;&#xD;&#xA;INNER JOIN &#xD;&#xA;(SELECT &#xD;&#xA;DPI_CONTRACT_KEY,&#xD;&#xA;QUALIFYING_PRODUCT_KEY,&#xD;&#xA;QUALIFYING_PRODUCT,&#xD;&#xA;START_DATE,&#xD;&#xA;END_DATE,&#xD;&#xA;DISCOUNT_AMOUNT,&#xD;&#xA;INFINIUM_GL_CODE,&#xD;&#xA;USI,&#xD;&#xA;CONTRACT_PROMOTION_ID,&#xD;&#xA;PROMO_KEY,&#xD;&#xA;PROMO_ID,&#xD;&#xA;PROMO_SEQUENCE,&#xD;&#xA;DPI_ENVIRONMENT&#xD;&#xA;FROM $$STG_SCHEMA.S_TXN_CONTRACT_PROMOTION &#xD;&#xA;WHERE CURRENT_FLAG = &apos;$$RECORD_ACTV_FLG&apos;&#xD;&#xA;AND ETL_CYCLE_ID &lt;&gt; $$ETL_CYCLE_ID&#xD;&#xA;AND ETL_CYCLE_ID &gt;0&#xD;&#xA;AND ACTIVITY_FLAG &lt;&gt; &apos;O&apos;&#xD;&#xA;AND NVL(DISCOUNT_AMOUNT,0)!=0) A&#xD;&#xA;ON A.DPI_ENVIRONMENT = F.ENVIRONMENT&#xD;&#xA;AND A.END_DATE &gt; F.BILL_DATE&#xD;&#xA;AND A.DPI_CONTRACT_KEY = D.DPI_CONTRACT_KEY&#xD;&#xA;&#xD;&#xA;--INNER JOIN $$STG_SCHEMA.S_TXN_CONTRACT_PRODUCT B&#xD;&#xA;--ON A.DPI_CONTRACT_KEY = B.DPI_CONTRACT_KEY&#xD;&#xA;--AND A.QUALIFYING_PRODUCT_KEY = B.PRD_CATLG_KEY&#xD;&#xA;&#xD;&#xA;INNER JOIN $$STG_SCHEMA.S_MST_PRD_CATLG C&#xD;&#xA;ON A.QUALIFYING_PRODUCT_KEY = C.PRD_CATLG_KEY&#xD;&#xA;AND F.BILL_DATE BETWEEN C.EFFEC_STRT_DATE AND C.EFFEC_END_DATE&#xD;&#xA;&#xD;&#xA;--ON B.PRD_CATLG_KEY = C.PRD_CATLG_KEY&#xD;&#xA;--AND A.START_DATE BETWEEN C.EFFEC_STRT_DATE AND C.EFFEC_END_DATE&#xD;&#xA;&#xD;&#xA;--WHERE A.CURRENT_FLAG = &apos;$$RECORD_ACTV_FLG&apos;&#xD;&#xA;--AND A.ETL_CYCLE_ID &lt;&gt; $$ETL_CYCLE_ID&#xD;&#xA;--AND A.ACTIVITY_FLAG &lt;&gt; &apos;O&apos;&#xD;&#xA;--AND NVL(A.DISCOUNT_AMOUNT,0)!=0"/>
            <TABLEATTRIBUTE NAME ="User Defined Join" VALUE =""/>
            <TABLEATTRIBUTE NAME ="Source Filter" VALUE =""/>
            <TABLEATTRIBUTE NAME ="Number Of Sorted Ports" VALUE ="0"/>
            <TABLEATTRIBUTE NAME ="Tracing Level" VALUE ="Normal"/>
            <TABLEATTRIBUTE NAME ="Select Distinct" VALUE ="NO"/>
            <TABLEATTRIBUTE NAME ="Is Partitionable" VALUE ="NO"/>
            <TABLEATTRIBUTE NAME ="Pre SQL" VALUE =""/>
            <TABLEATTRIBUTE NAME ="Post SQL" VALUE =""/>
            <TABLEATTRIBUTE NAME ="Output is deterministic" VALUE ="NO"/>
            <TABLEATTRIBUTE NAME ="Output is repeatable" VALUE ="Never"/>
        </TRANSFORMATION>
        <TRANSFORMATION DESCRIPTION ="This Expression transformation populates the INFINIUM_GL_CODE for the Matric code lookup" NAME ="EXP_CONTRACT_PROMOTION" OBJECTVERSION ="1" REUSABLE ="NO" TYPE ="Expression" VERSIONNUMBER ="3">
            <TRANSFORMFIELD DATATYPE ="string" DEFAULTVALUE ="" DESCRIPTION ="" NAME ="i_INFINIUM_GL_CODE" PICTURETEXT ="" PORTTYPE ="INPUT" PRECISION ="24" SCALE ="0"/>
            <TRANSFORMFIELD DATATYPE ="string" DEFAULTVALUE ="" DESCRIPTION ="" EXPRESSION ="IIF(LENGTH(i_INFINIUM_GL_CODE)=24,SUBSTR(i_INFINIUM_GL_CODE,-3,3))" EXPRESSIONTYPE ="GENERAL" NAME ="o_INFINIUM_GL_CODE" PICTURETEXT ="" PORTTYPE ="OUTPUT" PRECISION ="24" SCALE ="0"/>
            <TABLEATTRIBUTE NAME ="Tracing Level" VALUE ="Normal"/>
        </TRANSFORMATION>
        <INSTANCE DESCRIPTION ="This target is populated with Contract Assembly information coming in from all the Contract Map tables in Staging Layer for Month to Month contract data." NAME ="SC_S_TXN_CPPH_HIST" TRANSFORMATION_NAME ="SC_S_TXN_CPPH_HIST" TRANSFORMATION_TYPE ="Target Definition" TYPE ="TARGET">
            <TABLEATTRIBUTE NAME ="Pre SQL" VALUE ="DELETE FROM $$RHOP_SCHEMA.S_TXN_CPPH_HIST WHERE DELTA_OR_MONTHLY = &apos;MONTHLY&apos; AND STG_TABLE_NAME = &apos;S_TXN_CONTRACT_PROMOTION&apos; AND ETL_CYCLE_ID = $$ETL_CYCLE_ID;&#xD;&#xA;COMMIT;"/>
        </INSTANCE>
        <INSTANCE DESCRIPTION ="This Expression transformation populates the common columns as well as does the transformations required for the records flowing in from the S_TXN_CONTRACT_PROMOTION to the S_TXN_CPPH_HIST for the Month to Month contract data." NAME ="EXP_S_TXN_CONTRACT_PROMOTION" REUSABLE ="NO" TRANSFORMATION_NAME ="EXP_S_TXN_CONTRACT_PROMOTION" TRANSFORMATION_TYPE ="Expression" TYPE ="TRANSFORMATION"/>
        <INSTANCE DESCRIPTION ="This Expression transformation populates the INFINIUM_GL_CODE for the Matric code lookup" NAME ="EXP_CONTRACT_PROMOTION" REUSABLE ="NO" TRANSFORMATION_NAME ="EXP_CONTRACT_PROMOTION" TRANSFORMATION_TYPE ="Expression" TYPE ="TRANSFORMATION"/>
        <INSTANCE DESCRIPTION ="This has a SQL oevrride for fetching the records from Staging Table Contract Promotion that need to be loaded to Contract Product part Hopper for Month to Month contract data." NAME ="SQ_SC_S_TXN_CONTRACT_PROMOTION" REUSABLE ="NO" TRANSFORMATION_NAME ="SQ_SC_S_TXN_CONTRACT_PROMOTION" TRANSFORMATION_TYPE ="Source Qualifier" TYPE ="TRANSFORMATION">
            <ASSOCIATED_SOURCE_INSTANCE NAME ="SC_S_TXN_CONTRACT_PROMOTION"/>
        </INSTANCE>
        <INSTANCE DBDNAME ="RAESTG" DESCRIPTION ="Source Defintion for Staging Table for Contract Promotion" NAME ="SC_S_TXN_CONTRACT_PROMOTION" TRANSFORMATION_NAME ="SC_S_TXN_CONTRACT_PROMOTION" TRANSFORMATION_TYPE ="Source Definition" TYPE ="SOURCE"/>
        <INSTANCE DESCRIPTION ="" NAME ="SC_LKP_MATCH_MATRIXCODEMASTER" REUSABLE ="YES" TRANSFORMATION_NAME ="SC_LKP_MATCH_MATRIXCODEMASTER" TRANSFORMATION_TYPE ="Lookup Procedure" TYPE ="TRANSFORMATION"/>
        <CONNECTOR FROMFIELD ="o_LAST_UPDATED_DATE" FROMINSTANCE ="EXP_S_TXN_CONTRACT_PROMOTION" FROMINSTANCETYPE ="Expression" TOFIELD ="LAST_UPDATED_DATE" TOINSTANCE ="SC_S_TXN_CPPH_HIST" TOINSTANCETYPE ="Target Definition"/>
        <CONNECTOR FROMFIELD ="o_CREATED_BY" FROMINSTANCE ="EXP_S_TXN_CONTRACT_PROMOTION" FROMINSTANCETYPE ="Expression" TOFIELD ="CREATED_BY" TOINSTANCE ="SC_S_TXN_CPPH_HIST" TOINSTANCETYPE ="Target Definition"/>
        <CONNECTOR FROMFIELD ="o_UPDATED_BY" FROMINSTANCE ="EXP_S_TXN_CONTRACT_PROMOTION" FROMINSTANCETYPE ="Expression" TOFIELD ="UPDATED_BY" TOINSTANCE ="SC_S_TXN_CPPH_HIST" TOINSTANCETYPE ="Target Definition"/>
        <CONNECTOR FROMFIELD ="o_CPPH_CON_PROD_PART_NUMBER" FROMINSTANCE ="EXP_S_TXN_CONTRACT_PROMOTION" FROMINSTANCETYPE ="Expression" TOFIELD ="CPPH_CON_PROD_PART_NUMBER" TOINSTANCE ="SC_S_TXN_CPPH_HIST" TOINSTANCETYPE ="Target Definition"/>
        <CONNECTOR FROMFIELD ="o_CPPH_FINANCE_TOTAL_INTEREST" FROMINSTANCE ="EXP_S_TXN_CONTRACT_PROMOTION" FROMINSTANCETYPE ="Expression" TOFIELD ="CPPH_FINANCE_TOTAL_INTEREST" TOINSTANCE ="SC_S_TXN_CPPH_HIST" TOINSTANCETYPE ="Target Definition"/>
        <CONNECTOR FROMFIELD ="o_CPPH_FACILITY_CAPTURE_NO" FROMINSTANCE ="EXP_S_TXN_CONTRACT_PROMOTION" FROMINSTANCETYPE ="Expression" TOFIELD ="CPPH_FACILITY_CAPTURE_NO" TOINSTANCE ="SC_S_TXN_CPPH_HIST" TOINSTANCETYPE ="Target Definition"/>
        <CONNECTOR FROMFIELD ="o_CPPH_PRORATION_GROUP_ID" FROMINSTANCE ="EXP_S_TXN_CONTRACT_PROMOTION" FROMINSTANCETYPE ="Expression" TOFIELD ="CPPH_PRORATION_GROUP_ID" TOINSTANCE ="SC_S_TXN_CPPH_HIST" TOINSTANCETYPE ="Target Definition"/>
        <CONNECTOR FROMFIELD ="o_CPPH_EX_ATTR_TEXT_5" FROMINSTANCE ="EXP_S_TXN_CONTRACT_PROMOTION" FROMINSTANCETYPE ="Expression" TOFIELD ="CPPH_EX_ATTR_TEXT_5" TOINSTANCE ="SC_S_TXN_CPPH_HIST" TOINSTANCETYPE ="Target Definition"/>
        <CONNECTOR FROMFIELD ="o_CPPH_EX_ATTR_TEXT_7" FROMINSTANCE ="EXP_S_TXN_CONTRACT_PROMOTION" FROMINSTANCETYPE ="Expression" TOFIELD ="CPPH_EX_ATTR_TEXT_7" TOINSTANCE ="SC_S_TXN_CPPH_HIST" TOINSTANCETYPE ="Target Definition"/>
        <CONNECTOR FROMFIELD ="o_CPPH_EX_ATTR_TEXT_8" FROMINSTANCE ="EXP_S_TXN_CONTRACT_PROMOTION" FROMINSTANCETYPE ="Expression" TOFIELD ="CPPH_EX_ATTR_TEXT_8" TOINSTANCE ="SC_S_TXN_CPPH_HIST" TOINSTANCETYPE ="Target Definition"/>
        <CONNECTOR FROMFIELD ="o_CPPH_EX_ATTR_TEXT_9" FROMINSTANCE ="EXP_S_TXN_CONTRACT_PROMOTION" FROMINSTANCETYPE ="Expression" TOFIELD ="CPPH_EX_ATTR_TEXT_9" TOINSTANCE ="SC_S_TXN_CPPH_HIST" TOINSTANCETYPE ="Target Definition"/>
        <CONNECTOR FROMFIELD ="o_CPPH_EX_ATTR_TEXT_10" FROMINSTANCE ="EXP_S_TXN_CONTRACT_PROMOTION" FROMINSTANCETYPE ="Expression" TOFIELD ="CPPH_EX_ATTR_TEXT_10" TOINSTANCE ="SC_S_TXN_CPPH_HIST" TOINSTANCETYPE ="Target Definition"/>
        <CONNECTOR FROMFIELD ="o_CPPH_INPUT_DATE" FROMINSTANCE ="EXP_S_TXN_CONTRACT_PROMOTION" FROMINSTANCETYPE ="Expression" TOFIELD ="CPPH_INPUT_DATE" TOINSTANCE ="SC_S_TXN_CPPH_HIST" TOINSTANCETYPE ="Target Definition"/>
        <CONNECTOR FROMFIELD ="o_CREATED_DATE" FROMINSTANCE ="EXP_S_TXN_CONTRACT_PROMOTION" FROMINSTANCETYPE ="Expression" TOFIELD ="CREATED_DATE" TOINSTANCE ="SC_S_TXN_CPPH_HIST" TOINSTANCETYPE ="Target Definition"/>
        <CONNECTOR FROMFIELD ="o_CPPH_PRODUCT_PART_CODE" FROMINSTANCE ="EXP_S_TXN_CONTRACT_PROMOTION" FROMINSTANCETYPE ="Expression" TOFIELD ="CPPH_PRODUCT_PART_CODE" TOINSTANCE ="SC_S_TXN_CPPH_HIST" TOINSTANCETYPE ="Target Definition"/>
        <CONNECTOR FROMFIELD ="o_CPPH_PROFILE_MAP_CODE" FROMINSTANCE ="EXP_S_TXN_CONTRACT_PROMOTION" FROMINSTANCETYPE ="Expression" TOFIELD ="CPPH_PROFILE_MAP_CODE" TOINSTANCE ="SC_S_TXN_CPPH_HIST" TOINSTANCETYPE ="Target Definition"/>
        <CONNECTOR FROMFIELD ="o_CPPH_END_DATE" FROMINSTANCE ="EXP_S_TXN_CONTRACT_PROMOTION" FROMINSTANCETYPE ="Expression" TOFIELD ="CPPH_END_DATE" TOINSTANCE ="SC_S_TXN_CPPH_HIST" TOINSTANCETYPE ="Target Definition"/>
        <CONNECTOR FROMFIELD ="o_CPPH_RECUR_PER_ST_DAY" FROMINSTANCE ="EXP_S_TXN_CONTRACT_PROMOTION" FROMINSTANCETYPE ="Expression" TOFIELD ="CPPH_RECUR_PER_ST_DAY" TOINSTANCE ="SC_S_TXN_CPPH_HIST" TOINSTANCETYPE ="Target Definition"/>
        <CONNECTOR FROMFIELD ="o_CPPH_INIT_PRORATED_BILL_DATE" FROMINSTANCE ="EXP_S_TXN_CONTRACT_PROMOTION" FROMINSTANCETYPE ="Expression" TOFIELD ="CPPH_INIT_PRORATED_BILL_DATE" TOINSTANCE ="SC_S_TXN_CPPH_HIST" TOINSTANCETYPE ="Target Definition"/>
        <CONNECTOR FROMFIELD ="o_CPPH_FIRST_BILLING_DATE" FROMINSTANCE ="EXP_S_TXN_CONTRACT_PROMOTION" FROMINSTANCETYPE ="Expression" TOFIELD ="CPPH_FIRST_BILLING_DATE" TOINSTANCE ="SC_S_TXN_CPPH_HIST" TOINSTANCETYPE ="Target Definition"/>
        <CONNECTOR FROMFIELD ="o_CPPH_UNIT_TYPE" FROMINSTANCE ="EXP_S_TXN_CONTRACT_PROMOTION" FROMINSTANCETYPE ="Expression" TOFIELD ="CPPH_UNIT_TYPE" TOINSTANCE ="SC_S_TXN_CPPH_HIST" TOINSTANCETYPE ="Target Definition"/>
        <CONNECTOR FROMFIELD ="o_CPPH_BILLING_DAY" FROMINSTANCE ="EXP_S_TXN_CONTRACT_PROMOTION" FROMINSTANCETYPE ="Expression" TOFIELD ="CPPH_BILLING_DAY" TOINSTANCE ="SC_S_TXN_CPPH_HIST" TOINSTANCETYPE ="Target Definition"/>
        <CONNECTOR FROMFIELD ="o_CPPH_QUANTITY" FROMINSTANCE ="EXP_S_TXN_CONTRACT_PROMOTION" FROMINSTANCETYPE ="Expression" TOFIELD ="CPPH_QUANTITY" TOINSTANCE ="SC_S_TXN_CPPH_HIST" TOINSTANCETYPE ="Target Definition"/>
        <CONNECTOR FROMFIELD ="o_CPPH_UNITS" FROMINSTANCE ="EXP_S_TXN_CONTRACT_PROMOTION" FROMINSTANCETYPE ="Expression" TOFIELD ="CPPH_UNITS" TOINSTANCE ="SC_S_TXN_CPPH_HIST" TOINSTANCETYPE ="Target Definition"/>
        <CONNECTOR FROMFIELD ="o_CPPH_FIRST_RECUR_PER_ST_DT" FROMINSTANCE ="EXP_S_TXN_CONTRACT_PROMOTION" FROMINSTANCETYPE ="Expression" TOFIELD ="CPPH_FIRST_RECUR_PER_ST_DT" TOINSTANCE ="SC_S_TXN_CPPH_HIST" TOINSTANCETYPE ="Target Definition"/>
        <CONNECTOR FROMFIELD ="o_CPPH_FACILITY_RELEASE_NO" FROMINSTANCE ="EXP_S_TXN_CONTRACT_PROMOTION" FROMINSTANCETYPE ="Expression" TOFIELD ="CPPH_FACILITY_RELEASE_NO" TOINSTANCE ="SC_S_TXN_CPPH_HIST" TOINSTANCETYPE ="Target Definition"/>
        <CONNECTOR FROMFIELD ="o_CPPH_RELEASE_TYPE" FROMINSTANCE ="EXP_S_TXN_CONTRACT_PROMOTION" FROMINSTANCETYPE ="Expression" TOFIELD ="CPPH_RELEASE_TYPE" TOINSTANCE ="SC_S_TXN_CPPH_HIST" TOINSTANCETYPE ="Target Definition"/>
        <CONNECTOR FROMFIELD ="o_CPPH_FINANCE_INTEREST_RATE" FROMINSTANCE ="EXP_S_TXN_CONTRACT_PROMOTION" FROMINSTANCETYPE ="Expression" TOFIELD ="CPPH_FINANCE_INTEREST_RATE" TOINSTANCE ="SC_S_TXN_CPPH_HIST" TOINSTANCETYPE ="Target Definition"/>
        <CONNECTOR FROMFIELD ="o_CPPH_FINANCE_DOWN_PAYMENT" FROMINSTANCE ="EXP_S_TXN_CONTRACT_PROMOTION" FROMINSTANCETYPE ="Expression" TOFIELD ="CPPH_FINANCE_DOWN_PAYMENT" TOINSTANCE ="SC_S_TXN_CPPH_HIST" TOINSTANCETYPE ="Target Definition"/>
        <CONNECTOR FROMFIELD ="o_CPPH_FINANCE_PAYMENT_AMOUNT" FROMINSTANCE ="EXP_S_TXN_CONTRACT_PROMOTION" FROMINSTANCETYPE ="Expression" TOFIELD ="CPPH_FINANCE_PAYMENT_AMOUNT" TOINSTANCE ="SC_S_TXN_CPPH_HIST" TOINSTANCETYPE ="Target Definition"/>
        <CONNECTOR FROMFIELD ="o_CPPH_START_DATE" FROMINSTANCE ="EXP_S_TXN_CONTRACT_PROMOTION" FROMINSTANCETYPE ="Expression" TOFIELD ="CPPH_START_DATE" TOINSTANCE ="SC_S_TXN_CPPH_HIST" TOINSTANCETYPE ="Target Definition"/>
        <CONNECTOR FROMFIELD ="o_CPPH_FINANCING_LIABILITY" FROMINSTANCE ="EXP_S_TXN_CONTRACT_PROMOTION" FROMINSTANCETYPE ="Expression" TOFIELD ="CPPH_FINANCING_LIABILITY" TOINSTANCE ="SC_S_TXN_CPPH_HIST" TOINSTANCETYPE ="Target Definition"/>
        <CONNECTOR FROMFIELD ="o_CPPH_EXPECTED_LIFE" FROMINSTANCE ="EXP_S_TXN_CONTRACT_PROMOTION" FROMINSTANCETYPE ="Expression" TOFIELD ="CPPH_EXPECTED_LIFE" TOINSTANCE ="SC_S_TXN_CPPH_HIST" TOINSTANCETYPE ="Target Definition"/>
        <CONNECTOR FROMFIELD ="o_CPPH_COLLECTIBILITY" FROMINSTANCE ="EXP_S_TXN_CONTRACT_PROMOTION" FROMINSTANCETYPE ="Expression" TOFIELD ="CPPH_COLLECTIBILITY" TOINSTANCE ="SC_S_TXN_CPPH_HIST" TOINSTANCETYPE ="Target Definition"/>
        <CONNECTOR FROMFIELD ="o_CPPH_ALLOCATION_GROUPS" FROMINSTANCE ="EXP_S_TXN_CONTRACT_PROMOTION" FROMINSTANCETYPE ="Expression" TOFIELD ="CPPH_ALLOCATION_GROUPS" TOINSTANCE ="SC_S_TXN_CPPH_HIST" TOINSTANCETYPE ="Target Definition"/>
        <CONNECTOR FROMFIELD ="o_CPPH_ACTION_TYPE" FROMINSTANCE ="EXP_S_TXN_CONTRACT_PROMOTION" FROMINSTANCETYPE ="Expression" TOFIELD ="CPPH_ACTION_TYPE" TOINSTANCE ="SC_S_TXN_CPPH_HIST" TOINSTANCETYPE ="Target Definition"/>
        <CONNECTOR FROMFIELD ="o_CPPH_EX_ATTR_TEXT_6" FROMINSTANCE ="EXP_S_TXN_CONTRACT_PROMOTION" FROMINSTANCETYPE ="Expression" TOFIELD ="CPPH_EX_ATTR_TEXT_6" TOINSTANCE ="SC_S_TXN_CPPH_HIST" TOINSTANCETYPE ="Target Definition"/>
        <CONNECTOR FROMFIELD ="o_CPPH_FACILITY_ORDER" FROMINSTANCE ="EXP_S_TXN_CONTRACT_PROMOTION" FROMINSTANCETYPE ="Expression" TOFIELD ="CPPH_FACILITY_ORDER" TOINSTANCE ="SC_S_TXN_CPPH_HIST" TOINSTANCETYPE ="Target Definition"/>
        <CONNECTOR FROMFIELD ="o_CPPH_CREATION_DATE" FROMINSTANCE ="EXP_S_TXN_CONTRACT_PROMOTION" FROMINSTANCETYPE ="Expression" TOFIELD ="CPPH_CREATION_DATE" TOINSTANCE ="SC_S_TXN_CPPH_HIST" TOINSTANCETYPE ="Target Definition"/>
        <CONNECTOR FROMFIELD ="o_ETL_CYCLE_ID" FROMINSTANCE ="EXP_S_TXN_CONTRACT_PROMOTION" FROMINSTANCETYPE ="Expression" TOFIELD ="ETL_CYCLE_ID" TOINSTANCE ="SC_S_TXN_CPPH_HIST" TOINSTANCETYPE ="Target Definition"/>
        <CONNECTOR FROMFIELD ="o_STG_TABLE_NAME" FROMINSTANCE ="EXP_S_TXN_CONTRACT_PROMOTION" FROMINSTANCETYPE ="Expression" TOFIELD ="STG_TABLE_NAME" TOINSTANCE ="SC_S_TXN_CPPH_HIST" TOINSTANCETYPE ="Target Definition"/>
        <CONNECTOR FROMFIELD ="o_DELTA_OR_MONTHLY" FROMINSTANCE ="EXP_S_TXN_CONTRACT_PROMOTION" FROMINSTANCETYPE ="Expression" TOFIELD ="DELTA_OR_MONTHLY" TOINSTANCE ="SC_S_TXN_CPPH_HIST" TOINSTANCETYPE ="Target Definition"/>
        <CONNECTOR FROMFIELD ="o_CPPH_EX_ATTR_TEXT_1" FROMINSTANCE ="EXP_S_TXN_CONTRACT_PROMOTION" FROMINSTANCETYPE ="Expression" TOFIELD ="CPPH_EX_ATTR_TEXT_1" TOINSTANCE ="SC_S_TXN_CPPH_HIST" TOINSTANCETYPE ="Target Definition"/>
        <CONNECTOR FROMFIELD ="o_CPPH_ACCR_ACCT_TYPE" FROMINSTANCE ="EXP_S_TXN_CONTRACT_PROMOTION" FROMINSTANCETYPE ="Expression" TOFIELD ="CPPH_ACCR_ACCT_TYPE" TOINSTANCE ="SC_S_TXN_CPPH_HIST" TOINSTANCETYPE ="Target Definition"/>
        <CONNECTOR FROMFIELD ="o_CPPH_FREQUENCY" FROMINSTANCE ="EXP_S_TXN_CONTRACT_PROMOTION" FROMINSTANCETYPE ="Expression" TOFIELD ="CPPH_FREQUENCY" TOINSTANCE ="SC_S_TXN_CPPH_HIST" TOINSTANCETYPE ="Target Definition"/>
        <CONNECTOR FROMFIELD ="o_CPPH_PRICE_CLASS_CODE" FROMINSTANCE ="EXP_S_TXN_CONTRACT_PROMOTION" FROMINSTANCETYPE ="Expression" TOFIELD ="CPPH_PRICE_CLASS_CODE" TOINSTANCE ="SC_S_TXN_CPPH_HIST" TOINSTANCETYPE ="Target Definition"/>
        <CONNECTOR FROMFIELD ="o_CPPH_MONTHLY_CHARGE" FROMINSTANCE ="EXP_S_TXN_CONTRACT_PROMOTION" FROMINSTANCETYPE ="Expression" TOFIELD ="CPPH_MONTHLY_CHARGE" TOINSTANCE ="SC_S_TXN_CPPH_HIST" TOINSTANCETYPE ="Target Definition"/>
        <CONNECTOR FROMFIELD ="o_CPPH_MONTHLY_FV" FROMINSTANCE ="EXP_S_TXN_CONTRACT_PROMOTION" FROMINSTANCETYPE ="Expression" TOFIELD ="CPPH_MONTHLY_FV" TOINSTANCE ="SC_S_TXN_CPPH_HIST" TOINSTANCETYPE ="Target Definition"/>
        <CONNECTOR FROMFIELD ="o_CPPH_HOPPER_STATUS" FROMINSTANCE ="EXP_S_TXN_CONTRACT_PROMOTION" FROMINSTANCETYPE ="Expression" TOFIELD ="CPPH_HOPPER_STATUS" TOINSTANCE ="SC_S_TXN_CPPH_HIST" TOINSTANCETYPE ="Target Definition"/>
        <CONNECTOR FROMFIELD ="o_CPPH_TERMINATION_DATE" FROMINSTANCE ="EXP_S_TXN_CONTRACT_PROMOTION" FROMINSTANCETYPE ="Expression" TOFIELD ="CPPH_TERMINATION_DATE" TOINSTANCE ="SC_S_TXN_CPPH_HIST" TOINSTANCETYPE ="Target Definition"/>
        <CONNECTOR FROMFIELD ="o_CPPH_UNIQUE_INSTANCE_ID" FROMINSTANCE ="EXP_S_TXN_CONTRACT_PROMOTION" FROMINSTANCETYPE ="Expression" TOFIELD ="CPPH_UNIQUE_INSTANCE_ID" TOINSTANCE ="SC_S_TXN_CPPH_HIST" TOINSTANCETYPE ="Target Definition"/>
        <CONNECTOR FROMFIELD ="o_CPPH_SPAN_ID" FROMINSTANCE ="EXP_S_TXN_CONTRACT_PROMOTION" FROMINSTANCETYPE ="Expression" TOFIELD ="CPPH_SPAN_ID" TOINSTANCE ="SC_S_TXN_CPPH_HIST" TOINSTANCETYPE ="Target Definition"/>
        <CONNECTOR FROMFIELD ="o_CPPH_FINANCE_TYPE" FROMINSTANCE ="EXP_S_TXN_CONTRACT_PROMOTION" FROMINSTANCETYPE ="Expression" TOFIELD ="CPPH_FINANCE_TYPE" TOINSTANCE ="SC_S_TXN_CPPH_HIST" TOINSTANCETYPE ="Target Definition"/>
        <CONNECTOR FROMFIELD ="o_CPPH_FINANCE_PERIOD" FROMINSTANCE ="EXP_S_TXN_CONTRACT_PROMOTION" FROMINSTANCETYPE ="Expression" TOFIELD ="CPPH_FINANCE_PERIOD" TOINSTANCE ="SC_S_TXN_CPPH_HIST" TOINSTANCETYPE ="Target Definition"/>
        <CONNECTOR FROMFIELD ="o_CPPH_RELATED_CPP_NUMBER" FROMINSTANCE ="EXP_S_TXN_CONTRACT_PROMOTION" FROMINSTANCETYPE ="Expression" TOFIELD ="CPPH_RELATED_CPP_NUMBER" TOINSTANCE ="SC_S_TXN_CPPH_HIST" TOINSTANCETYPE ="Target Definition"/>
        <CONNECTOR FROMFIELD ="o_CPPH_EX_ATTR_TEXT_2" FROMINSTANCE ="EXP_S_TXN_CONTRACT_PROMOTION" FROMINSTANCETYPE ="Expression" TOFIELD ="CPPH_EX_ATTR_TEXT_2" TOINSTANCE ="SC_S_TXN_CPPH_HIST" TOINSTANCETYPE ="Target Definition"/>
        <CONNECTOR FROMFIELD ="o_CPPH_EX_ATTR_TEXT_3" FROMINSTANCE ="EXP_S_TXN_CONTRACT_PROMOTION" FROMINSTANCETYPE ="Expression" TOFIELD ="CPPH_EX_ATTR_TEXT_3" TOINSTANCE ="SC_S_TXN_CPPH_HIST" TOINSTANCETYPE ="Target Definition"/>
        <CONNECTOR FROMFIELD ="o_CPPH_EX_ATTR_TEXT_4" FROMINSTANCE ="EXP_S_TXN_CONTRACT_PROMOTION" FROMINSTANCETYPE ="Expression" TOFIELD ="CPPH_EX_ATTR_TEXT_4" TOINSTANCE ="SC_S_TXN_CPPH_HIST" TOINSTANCETYPE ="Target Definition"/>
        <CONNECTOR FROMFIELD ="o_CPPH_ID" FROMINSTANCE ="EXP_S_TXN_CONTRACT_PROMOTION" FROMINSTANCETYPE ="Expression" TOFIELD ="CPPH_ID" TOINSTANCE ="SC_S_TXN_CPPH_HIST" TOINSTANCETYPE ="Target Definition"/>
        <CONNECTOR FROMFIELD ="o_CPPH_STAGING_TABLE_ID" FROMINSTANCE ="EXP_S_TXN_CONTRACT_PROMOTION" FROMINSTANCETYPE ="Expression" TOFIELD ="CPPH_STAGING_TABLE_ID" TOINSTANCE ="SC_S_TXN_CPPH_HIST" TOINSTANCETYPE ="Target Definition"/>
        <CONNECTOR FROMFIELD ="o_CPPH_LPG_ID" FROMINSTANCE ="EXP_S_TXN_CONTRACT_PROMOTION" FROMINSTANCETYPE ="Expression" TOFIELD ="CPPH_LPG_ID" TOINSTANCE ="SC_S_TXN_CPPH_HIST" TOINSTANCETYPE ="Target Definition"/>
        <CONNECTOR FROMFIELD ="o_CPPH_CONTRACT_NUMBER" FROMINSTANCE ="EXP_S_TXN_CONTRACT_PROMOTION" FROMINSTANCETYPE ="Expression" TOFIELD ="CPPH_CONTRACT_NUMBER" TOINSTANCE ="SC_S_TXN_CPPH_HIST" TOINSTANCETYPE ="Target Definition"/>
        <CONNECTOR FROMFIELD ="START_DATE" FROMINSTANCE ="SQ_SC_S_TXN_CONTRACT_PROMOTION" FROMINSTANCETYPE ="Source Qualifier" TOFIELD ="i_START_DATE" TOINSTANCE ="EXP_S_TXN_CONTRACT_PROMOTION" TOINSTANCETYPE ="Expression"/>
        <CONNECTOR FROMFIELD ="END_DATE" FROMINSTANCE ="SQ_SC_S_TXN_CONTRACT_PROMOTION" FROMINSTANCETYPE ="Source Qualifier" TOFIELD ="i_END_DATE" TOINSTANCE ="EXP_S_TXN_CONTRACT_PROMOTION" TOINSTANCETYPE ="Expression"/>
        <CONNECTOR FROMFIELD ="DISCOUNT_AMOUNT" FROMINSTANCE ="SQ_SC_S_TXN_CONTRACT_PROMOTION" FROMINSTANCETYPE ="Source Qualifier" TOFIELD ="i_DISCOUNT_AMOUNT" TOINSTANCE ="EXP_S_TXN_CONTRACT_PROMOTION" TOINSTANCETYPE ="Expression"/>
        <CONNECTOR FROMFIELD ="CPPH_PRODUCT_PART_CODE" FROMINSTANCE ="SQ_SC_S_TXN_CONTRACT_PROMOTION" FROMINSTANCETYPE ="Source Qualifier" TOFIELD ="i_CPPH_PRODUCT_PART_CODE" TOINSTANCE ="EXP_S_TXN_CONTRACT_PROMOTION" TOINSTANCETYPE ="Expression"/>
        <CONNECTOR FROMFIELD ="PROF_MAP_CD" FROMINSTANCE ="SQ_SC_S_TXN_CONTRACT_PROMOTION" FROMINSTANCETYPE ="Source Qualifier" TOFIELD ="i_PROF_MAP_CD" TOINSTANCE ="EXP_S_TXN_CONTRACT_PROMOTION" TOINSTANCETYPE ="Expression"/>
        <CONNECTOR FROMFIELD ="ACTIVITY_FLAG" FROMINSTANCE ="SQ_SC_S_TXN_CONTRACT_PROMOTION" FROMINSTANCETYPE ="Source Qualifier" TOFIELD ="i_ACTIVITY_FLAG" TOINSTANCE ="EXP_S_TXN_CONTRACT_PROMOTION" TOINSTANCETYPE ="Expression"/>
        <CONNECTOR FROMFIELD ="CYCLE_BEGIN" FROMINSTANCE ="SQ_SC_S_TXN_CONTRACT_PROMOTION" FROMINSTANCETYPE ="Source Qualifier" TOFIELD ="i_CYCLE_BEGIN" TOINSTANCE ="EXP_S_TXN_CONTRACT_PROMOTION" TOINSTANCETYPE ="Expression"/>
        <CONNECTOR FROMFIELD ="CYCLE_END" FROMINSTANCE ="SQ_SC_S_TXN_CONTRACT_PROMOTION" FROMINSTANCETYPE ="Source Qualifier" TOFIELD ="i_CYCLE_END" TOINSTANCE ="EXP_S_TXN_CONTRACT_PROMOTION" TOINSTANCETYPE ="Expression"/>
        <CONNECTOR FROMFIELD ="BILLING_CYCLE" FROMINSTANCE ="SQ_SC_S_TXN_CONTRACT_PROMOTION" FROMINSTANCETYPE ="Source Qualifier" TOFIELD ="i_BILLING_CYCLE" TOINSTANCE ="EXP_S_TXN_CONTRACT_PROMOTION" TOINSTANCETYPE ="Expression"/>
        <CONNECTOR FROMFIELD ="MATRIX_DESC" FROMINSTANCE ="SC_LKP_MATCH_MATRIXCODEMASTER" FROMINSTANCETYPE ="Lookup Procedure" TOFIELD ="i_MATRIX_DESC" TOINSTANCE ="EXP_S_TXN_CONTRACT_PROMOTION" TOINSTANCETYPE ="Expression"/>
        <CONNECTOR FROMFIELD ="REVENUE_CTGRY" FROMINSTANCE ="SC_LKP_MATCH_MATRIXCODEMASTER" FROMINSTANCETYPE ="Lookup Procedure" TOFIELD ="i_REVENUE_CTGRY" TOINSTANCE ="EXP_S_TXN_CONTRACT_PROMOTION" TOINSTANCETYPE ="Expression"/>
        <CONNECTOR FROMFIELD ="CORE_PRD" FROMINSTANCE ="SQ_SC_S_TXN_CONTRACT_PROMOTION" FROMINSTANCETYPE ="Source Qualifier" TOFIELD ="i_CORE_PRD" TOINSTANCE ="EXP_S_TXN_CONTRACT_PROMOTION" TOINSTANCETYPE ="Expression"/>
        <CONNECTOR FROMFIELD ="BILL_DATE" FROMINSTANCE ="SQ_SC_S_TXN_CONTRACT_PROMOTION" FROMINSTANCETYPE ="Source Qualifier" TOFIELD ="i_BILL_DATE" TOINSTANCE ="EXP_S_TXN_CONTRACT_PROMOTION" TOINSTANCETYPE ="Expression"/>
        <CONNECTOR FROMFIELD ="INFINIUM_GL_CODE" FROMINSTANCE ="SQ_SC_S_TXN_CONTRACT_PROMOTION" FROMINSTANCETYPE ="Source Qualifier" TOFIELD ="i_INFINIUM_GL_CODE" TOINSTANCE ="EXP_S_TXN_CONTRACT_PROMOTION" TOINSTANCETYPE ="Expression"/>
        <CONNECTOR FROMFIELD ="CPPH_ID" FROMINSTANCE ="SQ_SC_S_TXN_CONTRACT_PROMOTION" FROMINSTANCETYPE ="Source Qualifier" TOFIELD ="i_CPPH_ID" TOINSTANCE ="EXP_S_TXN_CONTRACT_PROMOTION" TOINSTANCETYPE ="Expression"/>
        <CONNECTOR FROMFIELD ="DPI_CONTRACT_KEY" FROMINSTANCE ="SQ_SC_S_TXN_CONTRACT_PROMOTION" FROMINSTANCETYPE ="Source Qualifier" TOFIELD ="i_DPI_CONTRACT_KEY" TOINSTANCE ="EXP_S_TXN_CONTRACT_PROMOTION" TOINSTANCETYPE ="Expression"/>
        <CONNECTOR FROMFIELD ="USI" FROMINSTANCE ="SQ_SC_S_TXN_CONTRACT_PROMOTION" FROMINSTANCETYPE ="Source Qualifier" TOFIELD ="i_USI" TOINSTANCE ="EXP_S_TXN_CONTRACT_PROMOTION" TOINSTANCETYPE ="Expression"/>
        <CONNECTOR FROMFIELD ="CONTRACT_PROMOTION_ID" FROMINSTANCE ="SQ_SC_S_TXN_CONTRACT_PROMOTION" FROMINSTANCETYPE ="Source Qualifier" TOFIELD ="i_CONTRACT_PROMOTION_ID" TOINSTANCE ="EXP_S_TXN_CONTRACT_PROMOTION" TOINSTANCETYPE ="Expression"/>
        <CONNECTOR FROMFIELD ="PROMO_KEY" FROMINSTANCE ="SQ_SC_S_TXN_CONTRACT_PROMOTION" FROMINSTANCETYPE ="Source Qualifier" TOFIELD ="i_PROMO_KEY" TOINSTANCE ="EXP_S_TXN_CONTRACT_PROMOTION" TOINSTANCETYPE ="Expression"/>
        <CONNECTOR FROMFIELD ="REDMPT_PCT" FROMINSTANCE ="SQ_SC_S_TXN_CONTRACT_PROMOTION" FROMINSTANCETYPE ="Source Qualifier" TOFIELD ="i_REDMPT_PCT" TOINSTANCE ="EXP_S_TXN_CONTRACT_PROMOTION" TOINSTANCETYPE ="Expression"/>
        <CONNECTOR FROMFIELD ="QUALIFYING_PRODUCT_KEY" FROMINSTANCE ="SQ_SC_S_TXN_CONTRACT_PROMOTION" FROMINSTANCETYPE ="Source Qualifier" TOFIELD ="i_QUALIFYING_PRODUCT_KEY" TOINSTANCE ="EXP_S_TXN_CONTRACT_PROMOTION" TOINSTANCETYPE ="Expression"/>
        <CONNECTOR FROMFIELD ="QUALIFYING_PRODUCT" FROMINSTANCE ="SQ_SC_S_TXN_CONTRACT_PROMOTION" FROMINSTANCETYPE ="Source Qualifier" TOFIELD ="i_QUALIFYING_PRODUCT" TOINSTANCE ="EXP_S_TXN_CONTRACT_PROMOTION" TOINSTANCETYPE ="Expression"/>
        <CONNECTOR FROMFIELD ="PROMO_ID" FROMINSTANCE ="SQ_SC_S_TXN_CONTRACT_PROMOTION" FROMINSTANCETYPE ="Source Qualifier" TOFIELD ="i_PROMO_ID" TOINSTANCE ="EXP_S_TXN_CONTRACT_PROMOTION" TOINSTANCETYPE ="Expression"/>
        <CONNECTOR FROMFIELD ="PROMO_SEQUENCE" FROMINSTANCE ="SQ_SC_S_TXN_CONTRACT_PROMOTION" FROMINSTANCETYPE ="Source Qualifier" TOFIELD ="i_PROMO_SEQUENCE" TOINSTANCE ="EXP_S_TXN_CONTRACT_PROMOTION" TOINSTANCETYPE ="Expression"/>
        <CONNECTOR FROMFIELD ="INFINIUM_GL_CODE" FROMINSTANCE ="SQ_SC_S_TXN_CONTRACT_PROMOTION" FROMINSTANCETYPE ="Source Qualifier" TOFIELD ="i_INFINIUM_GL_CODE" TOINSTANCE ="EXP_CONTRACT_PROMOTION" TOINSTANCETYPE ="Expression"/>
        <CONNECTOR FROMFIELD ="o_INFINIUM_GL_CODE" FROMINSTANCE ="EXP_CONTRACT_PROMOTION" FROMINSTANCETYPE ="Expression" TOFIELD ="i_INFINIUM_GL_CODE_PART" TOINSTANCE ="SC_LKP_MATCH_MATRIXCODEMASTER" TOINSTANCETYPE ="Lookup Procedure"/>
        <CONNECTOR FROMFIELD ="ACTIVITY_FLAG" FROMINSTANCE ="SC_S_TXN_CONTRACT_PROMOTION" FROMINSTANCETYPE ="Source Definition" TOFIELD ="ACTIVITY_FLAG" TOINSTANCE ="SQ_SC_S_TXN_CONTRACT_PROMOTION" TOINSTANCETYPE ="Source Qualifier"/>
        <CONNECTOR FROMFIELD ="START_DATE" FROMINSTANCE ="SC_S_TXN_CONTRACT_PROMOTION" FROMINSTANCETYPE ="Source Definition" TOFIELD ="START_DATE" TOINSTANCE ="SQ_SC_S_TXN_CONTRACT_PROMOTION" TOINSTANCETYPE ="Source Qualifier"/>
        <CONNECTOR FROMFIELD ="END_DATE" FROMINSTANCE ="SC_S_TXN_CONTRACT_PROMOTION" FROMINSTANCETYPE ="Source Definition" TOFIELD ="END_DATE" TOINSTANCE ="SQ_SC_S_TXN_CONTRACT_PROMOTION" TOINSTANCETYPE ="Source Qualifier"/>
        <CONNECTOR FROMFIELD ="DISCOUNT_AMOUNT" FROMINSTANCE ="SC_S_TXN_CONTRACT_PROMOTION" FROMINSTANCETYPE ="Source Definition" TOFIELD ="DISCOUNT_AMOUNT" TOINSTANCE ="SQ_SC_S_TXN_CONTRACT_PROMOTION" TOINSTANCETYPE ="Source Qualifier"/>
        <CONNECTOR FROMFIELD ="DPI_CONTRACT_KEY" FROMINSTANCE ="SC_S_TXN_CONTRACT_PROMOTION" FROMINSTANCETYPE ="Source Definition" TOFIELD ="CPPH_ID" TOINSTANCE ="SQ_SC_S_TXN_CONTRACT_PROMOTION" TOINSTANCETYPE ="Source Qualifier"/>
        <CONNECTOR FROMFIELD ="DPI_CONTRACT_KEY" FROMINSTANCE ="SC_S_TXN_CONTRACT_PROMOTION" FROMINSTANCETYPE ="Source Definition" TOFIELD ="DPI_CONTRACT_KEY" TOINSTANCE ="SQ_SC_S_TXN_CONTRACT_PROMOTION" TOINSTANCETYPE ="Source Qualifier"/>
        <CONNECTOR FROMFIELD ="ROW_HASH" FROMINSTANCE ="SC_S_TXN_CONTRACT_PROMOTION" FROMINSTANCETYPE ="Source Definition" TOFIELD ="CPPH_PRODUCT_PART_CODE" TOINSTANCE ="SQ_SC_S_TXN_CONTRACT_PROMOTION" TOINSTANCETYPE ="Source Qualifier"/>
        <CONNECTOR FROMFIELD ="LAST_UPDATED_DATE" FROMINSTANCE ="SC_S_TXN_CONTRACT_PROMOTION" FROMINSTANCETYPE ="Source Definition" TOFIELD ="BILL_DATE" TOINSTANCE ="SQ_SC_S_TXN_CONTRACT_PROMOTION" TOINSTANCETYPE ="Source Qualifier"/>
        <CONNECTOR FROMFIELD ="ROW_HASH" FROMINSTANCE ="SC_S_TXN_CONTRACT_PROMOTION" FROMINSTANCETYPE ="Source Definition" TOFIELD ="INFINIUM_GL_CODE" TOINSTANCE ="SQ_SC_S_TXN_CONTRACT_PROMOTION" TOINSTANCETYPE ="Source Qualifier"/>
        <CONNECTOR FROMFIELD ="QUALIFYING_PRODUCT_KEY" FROMINSTANCE ="SC_S_TXN_CONTRACT_PROMOTION" FROMINSTANCETYPE ="Source Definition" TOFIELD ="QUALIFYING_PRODUCT_KEY" TOINSTANCE ="SQ_SC_S_TXN_CONTRACT_PROMOTION" TOINSTANCETYPE ="Source Qualifier"/>
        <CONNECTOR FROMFIELD ="ROW_HASH" FROMINSTANCE ="SC_S_TXN_CONTRACT_PROMOTION" FROMINSTANCETYPE ="Source Definition" TOFIELD ="PROF_MAP_CD" TOINSTANCE ="SQ_SC_S_TXN_CONTRACT_PROMOTION" TOINSTANCETYPE ="Source Qualifier"/>
        <CONNECTOR FROMFIELD ="CREATED_DATE" FROMINSTANCE ="SC_S_TXN_CONTRACT_PROMOTION" FROMINSTANCETYPE ="Source Definition" TOFIELD ="CYCLE_BEGIN" TOINSTANCE ="SQ_SC_S_TXN_CONTRACT_PROMOTION" TOINSTANCETYPE ="Source Qualifier"/>
        <CONNECTOR FROMFIELD ="LAST_UPDATED_DATE" FROMINSTANCE ="SC_S_TXN_CONTRACT_PROMOTION" FROMINSTANCETYPE ="Source Definition" TOFIELD ="CYCLE_END" TOINSTANCE ="SQ_SC_S_TXN_CONTRACT_PROMOTION" TOINSTANCETYPE ="Source Qualifier"/>
        <CONNECTOR FROMFIELD ="DISCOUNT_START_DELAY" FROMINSTANCE ="SC_S_TXN_CONTRACT_PROMOTION" FROMINSTANCETYPE ="Source Definition" TOFIELD ="BILLING_CYCLE" TOINSTANCE ="SQ_SC_S_TXN_CONTRACT_PROMOTION" TOINSTANCETYPE ="Source Qualifier"/>
        <CONNECTOR FROMFIELD ="DISCOUNT_AMOUNT" FROMINSTANCE ="SC_S_TXN_CONTRACT_PROMOTION" FROMINSTANCETYPE ="Source Definition" TOFIELD ="REDMPT_PCT" TOINSTANCE ="SQ_SC_S_TXN_CONTRACT_PROMOTION" TOINSTANCETYPE ="Source Qualifier"/>
        <CONNECTOR FROMFIELD ="ROW_HASH" FROMINSTANCE ="SC_S_TXN_CONTRACT_PROMOTION" FROMINSTANCETYPE ="Source Definition" TOFIELD ="CORE_PRD" TOINSTANCE ="SQ_SC_S_TXN_CONTRACT_PROMOTION" TOINSTANCETYPE ="Source Qualifier"/>
        <CONNECTOR FROMFIELD ="PROMO_ID" FROMINSTANCE ="SC_S_TXN_CONTRACT_PROMOTION" FROMINSTANCETYPE ="Source Definition" TOFIELD ="PROMO_ID" TOINSTANCE ="SQ_SC_S_TXN_CONTRACT_PROMOTION" TOINSTANCETYPE ="Source Qualifier"/>
        <CONNECTOR FROMFIELD ="PROMO_SEQUENCE" FROMINSTANCE ="SC_S_TXN_CONTRACT_PROMOTION" FROMINSTANCETYPE ="Source Definition" TOFIELD ="PROMO_SEQUENCE" TOINSTANCE ="SQ_SC_S_TXN_CONTRACT_PROMOTION" TOINSTANCETYPE ="Source Qualifier"/>
        <CONNECTOR FROMFIELD ="USI" FROMINSTANCE ="SC_S_TXN_CONTRACT_PROMOTION" FROMINSTANCETYPE ="Source Definition" TOFIELD ="USI" TOINSTANCE ="SQ_SC_S_TXN_CONTRACT_PROMOTION" TOINSTANCETYPE ="Source Qualifier"/>
        <CONNECTOR FROMFIELD ="PROMO_KEY" FROMINSTANCE ="SC_S_TXN_CONTRACT_PROMOTION" FROMINSTANCETYPE ="Source Definition" TOFIELD ="PROMO_KEY" TOINSTANCE ="SQ_SC_S_TXN_CONTRACT_PROMOTION" TOINSTANCETYPE ="Source Qualifier"/>
        <CONNECTOR FROMFIELD ="CONTRACT_PROMOTION_ID" FROMINSTANCE ="SC_S_TXN_CONTRACT_PROMOTION" FROMINSTANCETYPE ="Source Definition" TOFIELD ="CONTRACT_PROMOTION_ID" TOINSTANCE ="SQ_SC_S_TXN_CONTRACT_PROMOTION" TOINSTANCETYPE ="Source Qualifier"/>
        <CONNECTOR FROMFIELD ="QUALIFYING_PRODUCT" FROMINSTANCE ="SC_S_TXN_CONTRACT_PROMOTION" FROMINSTANCETYPE ="Source Definition" TOFIELD ="QUALIFYING_PRODUCT" TOINSTANCE ="SQ_SC_S_TXN_CONTRACT_PROMOTION" TOINSTANCETYPE ="Source Qualifier"/>
        <TARGETLOADORDER ORDER ="1" TARGETINSTANCE ="SC_S_TXN_CPPH_HIST"/>
        <MAPPINGVARIABLE AGGFUNCTION ="MAX" DATATYPE ="string" DEFAULTVALUE ="" DESCRIPTION ="Stores the value for the Active Flag for the Current_Flag" ISEXPRESSIONVARIABLE ="NO" ISPARAM ="NO" NAME ="$$RECORD_ACTV_FLG" PRECISION ="1" SCALE ="0" USERDEFINED ="YES"/>
        <MAPPINGVARIABLE AGGFUNCTION ="MAX" DATATYPE ="integer" DEFAULTVALUE ="" DESCRIPTION ="Stores the ETL Cycle User Id" ISEXPRESSIONVARIABLE ="NO" ISPARAM ="NO" NAME ="$$ETL_CYCLE_ID" PRECISION ="10" SCALE ="0" USERDEFINED ="YES"/>
        <MAPPINGVARIABLE AGGFUNCTION ="MAX" DATATYPE ="string" DEFAULTVALUE ="" DESCRIPTION ="Stores the schema name for the Staging Tables" ISEXPRESSIONVARIABLE ="NO" ISPARAM ="NO" NAME ="$$STG_SCHEMA" PRECISION ="10" SCALE ="0" USERDEFINED ="YES"/>
        <MAPPINGVARIABLE AGGFUNCTION ="MAX" DATATYPE ="string" DEFAULTVALUE ="" DESCRIPTION ="etl load user" ISEXPRESSIONVARIABLE ="NO" ISPARAM ="NO" NAME ="$$ETL_LOAD_USER" PRECISION ="10" SCALE ="0" USERDEFINED ="YES"/>
        <MAPPINGVARIABLE AGGFUNCTION ="MAX" DATATYPE ="string" DEFAULTVALUE ="" DESCRIPTION ="Stores the schema name for the Hopper Mirror Tables" ISEXPRESSIONVARIABLE ="NO" ISPARAM ="NO" NAME ="$$RHOP_SCHEMA" PRECISION ="10" SCALE ="0" USERDEFINED ="YES"/>
        <MAPPINGVARIABLE AGGFUNCTION ="MAX" DATATYPE ="integer" DEFAULTVALUE ="" DESCRIPTION ="Stores LPG_ID" ISEXPRESSIONVARIABLE ="NO" ISPARAM ="NO" NAME ="$$LPG_ID" PRECISION ="10" SCALE ="0" USERDEFINED ="YES"/>
        <MAPPINGVARIABLE AGGFUNCTION ="MAX" DATATYPE ="string" DEFAULTVALUE ="" DESCRIPTION ="Stores TAX_PROFILE_MAP_CODE" ISEXPRESSIONVARIABLE ="NO" ISPARAM ="NO" NAME ="$$TAX_PROFILE_MAP_CODE" PRECISION ="40" SCALE ="0" USERDEFINED ="YES"/>
        <MAPPINGVARIABLE AGGFUNCTION ="MAX" DATATYPE ="integer" DEFAULTVALUE ="" DESCRIPTION ="it will store REPLICA_HOPPER_STATUS" ISEXPRESSIONVARIABLE ="NO" ISPARAM ="NO" NAME ="$$REPLICA_HOPPER_STATUS" PRECISION ="10" SCALE ="0" USERDEFINED ="YES"/>
        <ERPINFO/>
    </MAPPING>
    <SHORTCUT COMMENTS ="Source Defintion for Staging Table for Contract Promotion" DBDNAME ="RAESTG" FOLDERNAME ="DW2_SHARED_ORA_DEV" NAME ="SC_S_TXN_CONTRACT_PROMOTION" OBJECTSUBTYPE ="Source Definition" OBJECTTYPE ="SOURCE" REFERENCEDDBD ="RAESTG" REFERENCETYPE ="LOCAL" REFOBJECTNAME ="S_TXN_CONTRACT_PROMOTION" REPOSITORYNAME ="REP_ODW" VERSIONNUMBER ="1"/>
    <SHORTCUT COMMENTS ="Target Defintion for Hopper Mirror Table for Contract Product Part Hopper" FOLDERNAME ="DW2_SHARED_ORA_DEV" NAME ="SC_S_TXN_CPPH_HIST" OBJECTSUBTYPE ="Target Definition" OBJECTTYPE ="TARGET" REFERENCETYPE ="LOCAL" REFOBJECTNAME ="S_TXN_CPPH_HIST" REPOSITORYNAME ="REP_ODW" VERSIONNUMBER ="1"/>
    <SHORTCUT COMMENTS ="Reusable Lookup to fetch Revenue category as well as Matrix Description for a Infinium GL Code" FOLDERNAME ="DW2_SHARED_ORA_DEV" NAME ="SC_LKP_MATCH_MATRIXCODEMASTER" OBJECTSUBTYPE ="Lookup Procedure" OBJECTTYPE ="TRANSFORMATION" REFERENCETYPE ="LOCAL" REFOBJECTNAME ="LKP_MATCH_MATRIXCODEMASTER" REPOSITORYNAME ="REP_ODW" VERSIONNUMBER ="1"/>
</FOLDER>
</REPOSITORY>
</POWERMART>