<?xml version="1.0" encoding="Windows-1252"?>
<!DOCTYPE POWERMART SYSTEM "powrmart.dtd">
<POWERMART CREATION_DATE="12/22/2017 15:17:40" REPOSITORY_VERSION="184.93">
<REPOSITORY NAME="REP_ODW" VERSION="184" CODEPAGE="MS1252" DATABASETYPE="Oracle">
<FOLDER NAME="DW2_SHARED_ORA_DEV" GROUP="" OWNER="Administrator" SHARED="SHARED" DESCRIPTION="DW2_SHARED_ORA_TEST" PERMISSIONS="rwx---r--" UUID="d6d1fae2-6028-465a-a989-aa9a7b12cd27">
    <SOURCE BUSINESSNAME ="" DATABASETYPE ="Oracle" DBDNAME ="RAESTD" DESCRIPTION ="" NAME ="CONTRACT" OBJECTVERSION ="1" OWNERNAME ="RAESTD" VERSIONNUMBER ="3">
        <SOURCEFIELD BUSINESSNAME ="" DATATYPE ="number" DESCRIPTION ="" FIELDNUMBER ="1" FIELDPROPERTY ="0" FIELDTYPE ="ELEMITEM" HIDDEN ="NO" KEYTYPE ="PRIMARY KEY" LENGTH ="24" LEVEL ="0" NAME ="CONTRACT_ID" NULLABLE ="NOTNULL" OCCURS ="0" OFFSET ="0" PHYSICALLENGTH ="15" PHYSICALOFFSET ="0" PICTURETEXT ="" PRECISION ="15" SCALE ="0" USAGE_FLAGS =""/>
        <SOURCEFIELD BUSINESSNAME ="" DATATYPE ="varchar2" DESCRIPTION ="" FIELDNUMBER ="2" FIELDPROPERTY ="0" FIELDTYPE ="ELEMITEM" HIDDEN ="NO" KEYTYPE ="NOT A KEY" LENGTH ="0" LEVEL ="0" NAME ="DPI_CONTRACT_ID" NULLABLE ="NOTNULL" OCCURS ="0" OFFSET ="24" PHYSICALLENGTH ="15" PHYSICALOFFSET ="15" PICTURETEXT ="" PRECISION ="15" SCALE ="0" USAGE_FLAGS =""/>
        <SOURCEFIELD BUSINESSNAME ="" DATATYPE ="number(p,s)" DESCRIPTION ="" FIELDNUMBER ="3" FIELDPROPERTY ="0" FIELDTYPE ="ELEMITEM" HIDDEN ="NO" KEYTYPE ="FOREIGN KEY" LENGTH ="40" LEVEL ="0" NAME ="CUSTOMER_ID" NULLABLE ="NULL" OCCURS ="0" OFFSET ="24" PHYSICALLENGTH ="38" PHYSICALOFFSET ="30" PICTURETEXT ="" PRECISION ="38" SCALE ="0" USAGE_FLAGS =""/>
        <SOURCEFIELD BUSINESSNAME ="" DATATYPE ="varchar2" DESCRIPTION ="" FIELDNUMBER ="4" FIELDPROPERTY ="0" FIELDTYPE ="ELEMITEM" HIDDEN ="NO" KEYTYPE ="NOT A KEY" LENGTH ="0" LEVEL ="0" NAME ="ACTIVITY_FLAG" NULLABLE ="NULL" OCCURS ="0" OFFSET ="64" PHYSICALLENGTH ="1" PHYSICALOFFSET ="68" PICTURETEXT ="" PRECISION ="1" SCALE ="0" USAGE_FLAGS =""/>
        <SOURCEFIELD BUSINESSNAME ="" DATATYPE ="number(p,s)" DESCRIPTION ="" FIELDNUMBER ="5" FIELDPROPERTY ="0" FIELDTYPE ="ELEMITEM" HIDDEN ="NO" KEYTYPE ="NOT A KEY" LENGTH ="6" LEVEL ="0" NAME ="TERM" NULLABLE ="NULL" OCCURS ="0" OFFSET ="64" PHYSICALLENGTH ="4" PHYSICALOFFSET ="69" PICTURETEXT ="" PRECISION ="4" SCALE ="0" USAGE_FLAGS =""/>
        <SOURCEFIELD BUSINESSNAME ="" DATATYPE ="date" DESCRIPTION ="" FIELDNUMBER ="6" FIELDPROPERTY ="0" FIELDTYPE ="ELEMITEM" HIDDEN ="NO" KEYTYPE ="NOT A KEY" LENGTH ="19" LEVEL ="0" NAME ="START_DATE" NULLABLE ="NULL" OCCURS ="0" OFFSET ="70" PHYSICALLENGTH ="19" PHYSICALOFFSET ="73" PICTURETEXT ="" PRECISION ="19" SCALE ="0" USAGE_FLAGS =""/>
        <SOURCEFIELD BUSINESSNAME ="" DATATYPE ="date" DESCRIPTION ="" FIELDNUMBER ="7" FIELDPROPERTY ="0" FIELDTYPE ="ELEMITEM" HIDDEN ="NO" KEYTYPE ="NOT A KEY" LENGTH ="19" LEVEL ="0" NAME ="END_DATE" NULLABLE ="NULL" OCCURS ="0" OFFSET ="89" PHYSICALLENGTH ="19" PHYSICALOFFSET ="92" PICTURETEXT ="" PRECISION ="19" SCALE ="0" USAGE_FLAGS =""/>
        <SOURCEFIELD BUSINESSNAME ="" DATATYPE ="varchar2" DESCRIPTION ="" FIELDNUMBER ="8" FIELDPROPERTY ="0" FIELDTYPE ="ELEMITEM" HIDDEN ="NO" KEYTYPE ="NOT A KEY" LENGTH ="0" LEVEL ="0" NAME ="DPI_ENVIRONMENT" NULLABLE ="NULL" OCCURS ="0" OFFSET ="108" PHYSICALLENGTH ="2" PHYSICALOFFSET ="111" PICTURETEXT ="" PRECISION ="2" SCALE ="0" USAGE_FLAGS =""/>
        <SOURCEFIELD BUSINESSNAME ="" DATATYPE ="date" DESCRIPTION ="" FIELDNUMBER ="9" FIELDPROPERTY ="0" FIELDTYPE ="ELEMITEM" HIDDEN ="NO" KEYTYPE ="NOT A KEY" LENGTH ="19" LEVEL ="0" NAME ="CREATE_DATE" NULLABLE ="NOTNULL" OCCURS ="0" OFFSET ="108" PHYSICALLENGTH ="19" PHYSICALOFFSET ="113" PICTURETEXT ="" PRECISION ="19" SCALE ="0" USAGE_FLAGS =""/>
    </SOURCE>
    <SOURCE BUSINESSNAME ="" DATABASETYPE ="Oracle" DBDNAME ="RAESTD" DESCRIPTION ="" NAME ="CONTRACT_REVENUE_ADJUSTMENT" OBJECTVERSION ="1" OWNERNAME ="RAESTD" VERSIONNUMBER ="5">
        <SOURCEFIELD BUSINESSNAME ="" DATATYPE ="number" DESCRIPTION ="" FIELDNUMBER ="1" FIELDPROPERTY ="0" FIELDTYPE ="ELEMITEM" HIDDEN ="NO" KEYTYPE ="FOREIGN KEY" LENGTH ="24" LEVEL ="0" NAME ="CONTRACT_ID" NULLABLE ="NOTNULL" OCCURS ="0" OFFSET ="0" PHYSICALLENGTH ="15" PHYSICALOFFSET ="0" PICTURETEXT ="" PRECISION ="15" REFERENCEDDBD ="RAESTD" REFERENCEDFIELD ="CONTRACT_ID" REFERENCEDTABLE ="CONTRACT" SCALE ="0" USAGE_FLAGS =""/>
        <SOURCEFIELD BUSINESSNAME ="" DATATYPE ="varchar2" DESCRIPTION ="" FIELDNUMBER ="2" FIELDPROPERTY ="0" FIELDTYPE ="ELEMITEM" HIDDEN ="NO" KEYTYPE ="NOT A KEY" LENGTH ="0" LEVEL ="0" NAME ="ACTIVITY_FLAG" NULLABLE ="NULL" OCCURS ="0" OFFSET ="24" PHYSICALLENGTH ="1" PHYSICALOFFSET ="15" PICTURETEXT ="" PRECISION ="1" SCALE ="0" USAGE_FLAGS =""/>
        <SOURCEFIELD BUSINESSNAME ="" DATATYPE ="number(p,s)" DESCRIPTION ="" FIELDNUMBER ="3" FIELDPROPERTY ="0" FIELDTYPE ="ELEMITEM" HIDDEN ="NO" KEYTYPE ="NOT A KEY" LENGTH ="11" LEVEL ="0" NAME ="AMOUNT" NULLABLE ="NULL" OCCURS ="0" OFFSET ="24" PHYSICALLENGTH ="9" PHYSICALOFFSET ="16" PICTURETEXT ="" PRECISION ="9" SCALE ="2" USAGE_FLAGS =""/>
        <SOURCEFIELD BUSINESSNAME ="" DATATYPE ="date" DESCRIPTION ="" FIELDNUMBER ="4" FIELDPROPERTY ="0" FIELDTYPE ="ELEMITEM" HIDDEN ="NO" KEYTYPE ="NOT A KEY" LENGTH ="19" LEVEL ="0" NAME ="EFFECTIVE_DATE" NULLABLE ="NULL" OCCURS ="0" OFFSET ="35" PHYSICALLENGTH ="19" PHYSICALOFFSET ="25" PICTURETEXT ="" PRECISION ="19" SCALE ="0" USAGE_FLAGS =""/>
        <SOURCEFIELD BUSINESSNAME ="" DATATYPE ="date" DESCRIPTION ="" FIELDNUMBER ="5" FIELDPROPERTY ="0" FIELDTYPE ="ELEMITEM" HIDDEN ="NO" KEYTYPE ="NOT A KEY" LENGTH ="19" LEVEL ="0" NAME ="CREATE_DATE" NULLABLE ="NOTNULL" OCCURS ="0" OFFSET ="54" PHYSICALLENGTH ="19" PHYSICALOFFSET ="44" PICTURETEXT ="" PRECISION ="19" SCALE ="0" USAGE_FLAGS =""/>
        <SOURCEFIELD BUSINESSNAME ="" DATATYPE ="number(p,s)" DESCRIPTION ="" FIELDNUMBER ="6" FIELDPROPERTY ="0" FIELDTYPE ="ELEMITEM" HIDDEN ="NO" KEYTYPE ="NOT A KEY" LENGTH ="9" LEVEL ="0" NAME ="DPI_GL_CODE" NULLABLE ="NOTNULL" OCCURS ="0" OFFSET ="73" PHYSICALLENGTH ="7" PHYSICALOFFSET ="63" PICTURETEXT ="" PRECISION ="7" SCALE ="0" USAGE_FLAGS =""/>
        <SOURCEFIELD BUSINESSNAME ="" DATATYPE ="varchar2" DESCRIPTION ="" FIELDNUMBER ="7" FIELDPROPERTY ="0" FIELDTYPE ="ELEMITEM" HIDDEN ="NO" KEYTYPE ="NOT A KEY" LENGTH ="0" LEVEL ="0" NAME ="INFINIUM_GL_CODE" NULLABLE ="NOTNULL" OCCURS ="0" OFFSET ="82" PHYSICALLENGTH ="24" PHYSICALOFFSET ="70" PICTURETEXT ="" PRECISION ="24" SCALE ="0" USAGE_FLAGS =""/>
        <SOURCEFIELD BUSINESSNAME ="" DATATYPE ="varchar2" DESCRIPTION ="" FIELDNUMBER ="8" FIELDPROPERTY ="0" FIELDTYPE ="ELEMITEM" HIDDEN ="NO" KEYTYPE ="NOT A KEY" LENGTH ="0" LEVEL ="0" NAME ="CHARGE_CODE" NULLABLE ="NOTNULL" OCCURS ="0" OFFSET ="82" PHYSICALLENGTH ="3" PHYSICALOFFSET ="94" PICTURETEXT ="" PRECISION ="3" SCALE ="0" USAGE_FLAGS =""/>
        <SOURCEFIELD BUSINESSNAME ="" DATATYPE ="varchar2" DESCRIPTION ="" FIELDNUMBER ="9" FIELDPROPERTY ="0" FIELDTYPE ="ELEMITEM" HIDDEN ="NO" KEYTYPE ="NOT A KEY" LENGTH ="0" LEVEL ="0" NAME ="TARIFF" NULLABLE ="NULL" OCCURS ="0" OFFSET ="82" PHYSICALLENGTH ="3" PHYSICALOFFSET ="97" PICTURETEXT ="" PRECISION ="3" SCALE ="0" USAGE_FLAGS =""/>
        <SOURCEFIELD BUSINESSNAME ="" DATATYPE ="varchar2" DESCRIPTION ="" FIELDNUMBER ="10" FIELDPROPERTY ="0" FIELDTYPE ="ELEMITEM" HIDDEN ="NO" KEYTYPE ="NOT A KEY" LENGTH ="0" LEVEL ="0" NAME ="TAX_DISTRICT" NULLABLE ="NULL" OCCURS ="0" OFFSET ="82" PHYSICALLENGTH ="5" PHYSICALOFFSET ="100" PICTURETEXT ="" PRECISION ="5" SCALE ="0" USAGE_FLAGS =""/>
        <SOURCEFIELD BUSINESSNAME ="" DATATYPE ="varchar2" DESCRIPTION ="" FIELDNUMBER ="11" FIELDPROPERTY ="0" FIELDTYPE ="ELEMITEM" HIDDEN ="NO" KEYTYPE ="NOT A KEY" LENGTH ="0" LEVEL ="0" NAME ="GEO_CODE" NULLABLE ="NULL" OCCURS ="0" OFFSET ="82" PHYSICALLENGTH ="9" PHYSICALOFFSET ="105" PICTURETEXT ="" PRECISION ="9" SCALE ="0" USAGE_FLAGS =""/>
        <SOURCEFIELD BUSINESSNAME ="" DATATYPE ="varchar2" DESCRIPTION ="" FIELDNUMBER ="12" FIELDPROPERTY ="0" FIELDTYPE ="ELEMITEM" HIDDEN ="NO" KEYTYPE ="NOT A KEY" LENGTH ="0" LEVEL ="0" NAME ="WIRE_CENTER" NULLABLE ="NULL" OCCURS ="0" OFFSET ="82" PHYSICALLENGTH ="6" PHYSICALOFFSET ="114" PICTURETEXT ="" PRECISION ="6" SCALE ="0" USAGE_FLAGS =""/>
        <SOURCEFIELD BUSINESSNAME ="" DATATYPE ="number(p,s)" DESCRIPTION ="" FIELDNUMBER ="13" FIELDPROPERTY ="0" FIELDTYPE ="ELEMITEM" HIDDEN ="NO" KEYTYPE ="NOT A KEY" LENGTH ="6" LEVEL ="0" NAME ="CHARGE_SEQUENCE" NULLABLE ="NOTNULL" OCCURS ="0" OFFSET ="82" PHYSICALLENGTH ="4" PHYSICALOFFSET ="120" PICTURETEXT ="" PRECISION ="4" SCALE ="0" USAGE_FLAGS =""/>
        <SOURCEFIELD BUSINESSNAME ="" DATATYPE ="number" DESCRIPTION ="" FIELDNUMBER ="14" FIELDPROPERTY ="0" FIELDTYPE ="ELEMITEM" HIDDEN ="NO" KEYTYPE ="NOT A KEY" LENGTH ="24" LEVEL ="0" NAME ="ADJUSTMENT_TRANSACTION_ID" NULLABLE ="NOTNULL" OCCURS ="0" OFFSET ="88" PHYSICALLENGTH ="15" PHYSICALOFFSET ="124" PICTURETEXT ="" PRECISION ="15" SCALE ="0" USAGE_FLAGS =""/>
        <SOURCEFIELD BUSINESSNAME ="" DATATYPE ="number(p,s)" DESCRIPTION ="" FIELDNUMBER ="15" FIELDPROPERTY ="0" FIELDTYPE ="ELEMITEM" HIDDEN ="NO" KEYTYPE ="NOT A KEY" LENGTH ="14" LEVEL ="0" NAME ="USI" NULLABLE ="NULL" OCCURS ="0" OFFSET ="112" PHYSICALLENGTH ="12" PHYSICALOFFSET ="139" PICTURETEXT ="" PRECISION ="12" SCALE ="0" USAGE_FLAGS =""/>
        <SOURCEFIELD BUSINESSNAME ="" DATATYPE ="varchar2" DESCRIPTION ="" FIELDNUMBER ="16" FIELDPROPERTY ="0" FIELDTYPE ="ELEMITEM" HIDDEN ="NO" KEYTYPE ="NOT A KEY" LENGTH ="0" LEVEL ="0" NAME ="DPI_ENVIRONMENT" NULLABLE ="NULL" OCCURS ="0" OFFSET ="126" PHYSICALLENGTH ="2" PHYSICALOFFSET ="151" PICTURETEXT ="" PRECISION ="2" SCALE ="0" USAGE_FLAGS =""/>
        <SOURCEFIELD BUSINESSNAME ="" DATATYPE ="varchar2" DESCRIPTION ="" FIELDNUMBER ="17" FIELDPROPERTY ="0" FIELDTYPE ="ELEMITEM" HIDDEN ="NO" KEYTYPE ="NOT A KEY" LENGTH ="0" LEVEL ="0" NAME ="SERVICE_TYPE" NULLABLE ="NULL" OCCURS ="0" OFFSET ="126" PHYSICALLENGTH ="2" PHYSICALOFFSET ="153" PICTURETEXT ="" PRECISION ="2" SCALE ="0" USAGE_FLAGS =""/>
        <SOURCEFIELD BUSINESSNAME ="" DATATYPE ="varchar2" DESCRIPTION ="" FIELDNUMBER ="18" FIELDPROPERTY ="0" FIELDTYPE ="ELEMITEM" HIDDEN ="NO" KEYTYPE ="NOT A KEY" LENGTH ="0" LEVEL ="0" NAME ="ACCOUNT_SEGMENT" NULLABLE ="NULL" OCCURS ="0" OFFSET ="126" PHYSICALLENGTH ="25" PHYSICALOFFSET ="155" PICTURETEXT ="" PRECISION ="25" SCALE ="0" USAGE_FLAGS =""/>
    </SOURCE>
    <TARGET BUSINESSNAME ="" CONSTRAINT ="" DATABASETYPE ="Oracle" DESCRIPTION ="" NAME ="PS_TXN_CONTRACT_REVENUE_ADJ" OBJECTVERSION ="1" TABLEOPTIONS ="" VERSIONNUMBER ="5">
        <TARGETFIELD BUSINESSNAME ="" DATATYPE ="number" DESCRIPTION ="" FIELDNUMBER ="1" KEYTYPE ="NOT A KEY" NAME ="CONTRACT_ID" NULLABLE ="NULL" PICTURETEXT ="" PRECISION ="15" SCALE ="0"/>
        <TARGETFIELD BUSINESSNAME ="" DATATYPE ="varchar2" DESCRIPTION ="" FIELDNUMBER ="2" KEYTYPE ="NOT A KEY" NAME ="ACTIVITY_FLAG" NULLABLE ="NULL" PICTURETEXT ="" PRECISION ="1" SCALE ="0"/>
        <TARGETFIELD BUSINESSNAME ="" DATATYPE ="number(p,s)" DESCRIPTION ="" FIELDNUMBER ="3" KEYTYPE ="NOT A KEY" NAME ="AMOUNT" NULLABLE ="NULL" PICTURETEXT ="" PRECISION ="9" SCALE ="2"/>
        <TARGETFIELD BUSINESSNAME ="" DATATYPE ="date" DESCRIPTION ="" FIELDNUMBER ="4" KEYTYPE ="NOT A KEY" NAME ="EFFECTIVE_DATE" NULLABLE ="NULL" PICTURETEXT ="" PRECISION ="19" SCALE ="0"/>
        <TARGETFIELD BUSINESSNAME ="" DATATYPE ="date" DESCRIPTION ="" FIELDNUMBER ="5" KEYTYPE ="NOT A KEY" NAME ="CREATE_DATE" NULLABLE ="NULL" PICTURETEXT ="" PRECISION ="19" SCALE ="0"/>
        <TARGETFIELD BUSINESSNAME ="" DATATYPE ="date" DESCRIPTION ="" FIELDNUMBER ="6" KEYTYPE ="NOT A KEY" NAME ="LAST_UPDATED_DATE" NULLABLE ="NULL" PICTURETEXT ="" PRECISION ="19" SCALE ="0"/>
        <TARGETFIELD BUSINESSNAME ="" DATATYPE ="varchar2" DESCRIPTION ="" FIELDNUMBER ="7" KEYTYPE ="NOT A KEY" NAME ="CREATED_BY" NULLABLE ="NULL" PICTURETEXT ="" PRECISION ="20" SCALE ="0"/>
        <TARGETFIELD BUSINESSNAME ="" DATATYPE ="varchar2" DESCRIPTION ="" FIELDNUMBER ="8" KEYTYPE ="NOT A KEY" NAME ="UPDATED_BY" NULLABLE ="NULL" PICTURETEXT ="" PRECISION ="20" SCALE ="0"/>
        <TARGETFIELD BUSINESSNAME ="" DATATYPE ="number" DESCRIPTION ="" FIELDNUMBER ="9" KEYTYPE ="NOT A KEY" NAME ="ETL_CYCLE_ID" NULLABLE ="NOTNULL" PICTURETEXT ="" PRECISION ="15" SCALE ="0"/>
        <TARGETFIELD BUSINESSNAME ="" DATATYPE ="varchar2" DESCRIPTION ="" FIELDNUMBER ="10" KEYTYPE ="NOT A KEY" NAME ="ROW_HASH" NULLABLE ="NOTNULL" PICTURETEXT ="" PRECISION ="100" SCALE ="0"/>
        <TARGETFIELD BUSINESSNAME ="" DATATYPE ="date" DESCRIPTION ="" FIELDNUMBER ="11" KEYTYPE ="NOT A KEY" NAME ="CREATED_DATE" NULLABLE ="NOTNULL" PICTURETEXT ="" PRECISION ="19" SCALE ="0"/>
        <TARGETFIELD BUSINESSNAME ="" DATATYPE ="number(p,s)" DESCRIPTION ="" FIELDNUMBER ="12" KEYTYPE ="NOT A KEY" NAME ="DPI_GL_CODE" NULLABLE ="NULL" PICTURETEXT ="" PRECISION ="7" SCALE ="0"/>
        <TARGETFIELD BUSINESSNAME ="" DATATYPE ="varchar2" DESCRIPTION ="" FIELDNUMBER ="13" KEYTYPE ="NOT A KEY" NAME ="INFINIUM_GL_CODE" NULLABLE ="NULL" PICTURETEXT ="" PRECISION ="24" SCALE ="0"/>
        <TARGETFIELD BUSINESSNAME ="" DATATYPE ="varchar2" DESCRIPTION ="" FIELDNUMBER ="14" KEYTYPE ="NOT A KEY" NAME ="CHARGE_CODE" NULLABLE ="NULL" PICTURETEXT ="" PRECISION ="3" SCALE ="0"/>
        <TARGETFIELD BUSINESSNAME ="" DATATYPE ="varchar2" DESCRIPTION ="" FIELDNUMBER ="15" KEYTYPE ="NOT A KEY" NAME ="TAX_DISTRICT" NULLABLE ="NULL" PICTURETEXT ="" PRECISION ="5" SCALE ="0"/>
        <TARGETFIELD BUSINESSNAME ="" DATATYPE ="varchar2" DESCRIPTION ="" FIELDNUMBER ="16" KEYTYPE ="NOT A KEY" NAME ="GEO_CODE" NULLABLE ="NULL" PICTURETEXT ="" PRECISION ="9" SCALE ="0"/>
        <TARGETFIELD BUSINESSNAME ="" DATATYPE ="varchar2" DESCRIPTION ="" FIELDNUMBER ="17" KEYTYPE ="NOT A KEY" NAME ="WIRE_CENTER" NULLABLE ="NULL" PICTURETEXT ="" PRECISION ="6" SCALE ="0"/>
        <TARGETFIELD BUSINESSNAME ="" DATATYPE ="varchar2" DESCRIPTION ="" FIELDNUMBER ="18" KEYTYPE ="NOT A KEY" NAME ="TARIFF" NULLABLE ="NULL" PICTURETEXT ="" PRECISION ="3" SCALE ="0"/>
        <TARGETFIELD BUSINESSNAME ="" DATATYPE ="number(p,s)" DESCRIPTION ="" FIELDNUMBER ="19" KEYTYPE ="NOT A KEY" NAME ="CHARGE_SEQUENCE_NUMBER" NULLABLE ="NULL" PICTURETEXT ="" PRECISION ="4" SCALE ="0"/>
        <TARGETFIELD BUSINESSNAME ="" DATATYPE ="number" DESCRIPTION ="" FIELDNUMBER ="20" KEYTYPE ="NOT A KEY" NAME ="ADJUSTMENT_TRANSACTION_ID" NULLABLE ="NULL" PICTURETEXT ="" PRECISION ="15" SCALE ="0"/>
        <TARGETFIELD BUSINESSNAME ="" DATATYPE ="number(p,s)" DESCRIPTION ="" FIELDNUMBER ="21" KEYTYPE ="NOT A KEY" NAME ="USI" NULLABLE ="NULL" PICTURETEXT ="" PRECISION ="12" SCALE ="0"/>
        <TARGETFIELD BUSINESSNAME ="" DATATYPE ="varchar2" DESCRIPTION ="" FIELDNUMBER ="22" KEYTYPE ="NOT A KEY" NAME ="DPI_ENVIRONMENT" NULLABLE ="NULL" PICTURETEXT ="" PRECISION ="2" SCALE ="0"/>
        <TARGETFIELD BUSINESSNAME ="" DATATYPE ="varchar2" DESCRIPTION ="" FIELDNUMBER ="23" KEYTYPE ="NOT A KEY" NAME ="SERVICE_TYPE" NULLABLE ="NULL" PICTURETEXT ="" PRECISION ="2" SCALE ="0"/>
        <TARGETFIELD BUSINESSNAME ="" DATATYPE ="varchar2" DESCRIPTION ="" FIELDNUMBER ="24" KEYTYPE ="NOT A KEY" NAME ="ACCOUNT_SEGMENT" NULLABLE ="NULL" PICTURETEXT ="" PRECISION ="25" SCALE ="0"/>
    </TARGET>
</FOLDER>
<FOLDER NAME="RAE_REVREC_DEV" GROUP="" OWNER="Administrator" SHARED="NOTSHARED" DESCRIPTION="RAE_REVREC_TEST" PERMISSIONS="rwx---r--" UUID="7dc178f9-f8d5-42f3-8195-46216461bdcb">
    <MAPPING DESCRIPTION ="This mapping is used to load the Contract Revenue Adjustment data from Standardization layer to Pre-Stage layer." ISVALID ="YES" NAME ="m_STD_TO_PS_TXN_CONTRACT_REVENUE_ADJ_LOAD" OBJECTVERSION ="1" VERSIONNUMBER ="5">
        <TRANSFORMATION DESCRIPTION ="Used as a pass through expression and to populate the ETL common Columns" NAME ="EXP_PS_TXN_CONTRACT_REVENUE_ADJ" OBJECTVERSION ="1" REUSABLE ="NO" TYPE ="Expression" VERSIONNUMBER ="4">
            <TRANSFORMFIELD DATATYPE ="double" DEFAULTVALUE ="" DESCRIPTION ="" EXPRESSION ="CONTRACT_ID" EXPRESSIONTYPE ="GENERAL" NAME ="CONTRACT_ID" PICTURETEXT ="" PORTTYPE ="INPUT/OUTPUT" PRECISION ="15" SCALE ="0"/>
            <TRANSFORMFIELD DATATYPE ="string" DEFAULTVALUE ="" DESCRIPTION ="" NAME ="i_ACTIVITY_FLAG" PICTURETEXT ="" PORTTYPE ="INPUT" PRECISION ="1" SCALE ="0"/>
            <TRANSFORMFIELD DATATYPE ="string" DEFAULTVALUE ="" DESCRIPTION ="" EXPRESSION ="LTRIM(RTRIM(i_ACTIVITY_FLAG))" EXPRESSIONTYPE ="GENERAL" NAME ="o_ACTIVITY_FLAG" PICTURETEXT ="" PORTTYPE ="OUTPUT" PRECISION ="1" SCALE ="0"/>
            <TRANSFORMFIELD DATATYPE ="decimal" DEFAULTVALUE ="" DESCRIPTION ="" EXPRESSION ="AMOUNT" EXPRESSIONTYPE ="GENERAL" NAME ="AMOUNT" PICTURETEXT ="" PORTTYPE ="INPUT/OUTPUT" PRECISION ="9" SCALE ="2"/>
            <TRANSFORMFIELD DATATYPE ="date/time" DEFAULTVALUE ="" DESCRIPTION ="" EXPRESSION ="EFFECTIVE_DATE" EXPRESSIONTYPE ="GENERAL" NAME ="EFFECTIVE_DATE" PICTURETEXT ="" PORTTYPE ="INPUT/OUTPUT" PRECISION ="29" SCALE ="9"/>
            <TRANSFORMFIELD DATATYPE ="date/time" DEFAULTVALUE ="" DESCRIPTION ="" EXPRESSION ="CREATE_DATE" EXPRESSIONTYPE ="GENERAL" NAME ="CREATE_DATE" PICTURETEXT ="" PORTTYPE ="INPUT/OUTPUT" PRECISION ="29" SCALE ="9"/>
            <TRANSFORMFIELD DATATYPE ="decimal" DEFAULTVALUE ="" DESCRIPTION ="" EXPRESSION ="DPI_GL_CODE" EXPRESSIONTYPE ="GENERAL" NAME ="DPI_GL_CODE" PICTURETEXT ="" PORTTYPE ="INPUT/OUTPUT" PRECISION ="7" SCALE ="0"/>
            <TRANSFORMFIELD DATATYPE ="string" DEFAULTVALUE ="" DESCRIPTION ="" NAME ="i_INFINIUM_GL_CODE" PICTURETEXT ="" PORTTYPE ="INPUT" PRECISION ="24" SCALE ="0"/>
            <TRANSFORMFIELD DATATYPE ="string" DEFAULTVALUE ="" DESCRIPTION ="" EXPRESSION ="LTRIM(RTRIM(i_INFINIUM_GL_CODE))" EXPRESSIONTYPE ="GENERAL" NAME ="o_INFINIUM_GL_CODE" PICTURETEXT ="" PORTTYPE ="OUTPUT" PRECISION ="24" SCALE ="0"/>
            <TRANSFORMFIELD DATATYPE ="string" DEFAULTVALUE ="" DESCRIPTION ="" NAME ="i_CHARGE_CODE" PICTURETEXT ="" PORTTYPE ="INPUT" PRECISION ="3" SCALE ="0"/>
            <TRANSFORMFIELD DATATYPE ="string" DEFAULTVALUE ="" DESCRIPTION ="" EXPRESSION ="LTRIM(RTRIM(i_CHARGE_CODE))" EXPRESSIONTYPE ="GENERAL" NAME ="o_CHARGE_CODE" PICTURETEXT ="" PORTTYPE ="OUTPUT" PRECISION ="3" SCALE ="0"/>
            <TRANSFORMFIELD DATATYPE ="string" DEFAULTVALUE ="" DESCRIPTION ="" EXPRESSION ="ROW_HASH" EXPRESSIONTYPE ="GENERAL" NAME ="ROW_HASH" PICTURETEXT ="" PORTTYPE ="INPUT/OUTPUT" PRECISION ="100" SCALE ="0"/>
            <TRANSFORMFIELD DATATYPE ="string" DEFAULTVALUE ="" DESCRIPTION ="" NAME ="i_TARIFF" PICTURETEXT ="" PORTTYPE ="INPUT" PRECISION ="3" SCALE ="0"/>
            <TRANSFORMFIELD DATATYPE ="string" DEFAULTVALUE ="" DESCRIPTION ="" EXPRESSION ="LTRIM(RTRIM(i_TARIFF))" EXPRESSIONTYPE ="GENERAL" NAME ="o_TARIFF" PICTURETEXT ="" PORTTYPE ="OUTPUT" PRECISION ="3" SCALE ="0"/>
            <TRANSFORMFIELD DATATYPE ="string" DEFAULTVALUE ="" DESCRIPTION ="" NAME ="i_TAX_DISTRICT" PICTURETEXT ="" PORTTYPE ="INPUT" PRECISION ="5" SCALE ="0"/>
            <TRANSFORMFIELD DATATYPE ="string" DEFAULTVALUE ="" DESCRIPTION ="" EXPRESSION ="LTRIM(RTRIM(i_TAX_DISTRICT))" EXPRESSIONTYPE ="GENERAL" NAME ="o_TAX_DISTRICT" PICTURETEXT ="" PORTTYPE ="OUTPUT" PRECISION ="5" SCALE ="0"/>
            <TRANSFORMFIELD DATATYPE ="string" DEFAULTVALUE ="" DESCRIPTION ="" NAME ="i_GEO_CODE" PICTURETEXT ="" PORTTYPE ="INPUT" PRECISION ="9" SCALE ="0"/>
            <TRANSFORMFIELD DATATYPE ="string" DEFAULTVALUE ="" DESCRIPTION ="" EXPRESSION ="LTRIM(RTRIM(i_GEO_CODE))" EXPRESSIONTYPE ="GENERAL" NAME ="o_GEO_CODE" PICTURETEXT ="" PORTTYPE ="OUTPUT" PRECISION ="9" SCALE ="0"/>
            <TRANSFORMFIELD DATATYPE ="string" DEFAULTVALUE ="" DESCRIPTION ="" NAME ="i_WIRE_CENTER" PICTURETEXT ="" PORTTYPE ="INPUT" PRECISION ="6" SCALE ="0"/>
            <TRANSFORMFIELD DATATYPE ="string" DEFAULTVALUE ="" DESCRIPTION ="" EXPRESSION ="LTRIM(RTRIM(i_WIRE_CENTER))" EXPRESSIONTYPE ="GENERAL" NAME ="o_WIRE_CENTER" PICTURETEXT ="" PORTTYPE ="OUTPUT" PRECISION ="6" SCALE ="0"/>
            <TRANSFORMFIELD DATATYPE ="decimal" DEFAULTVALUE ="" DESCRIPTION ="" EXPRESSION ="CHARGE_SEQUENCE" EXPRESSIONTYPE ="GENERAL" NAME ="CHARGE_SEQUENCE" PICTURETEXT ="" PORTTYPE ="INPUT/OUTPUT" PRECISION ="4" SCALE ="0"/>
            <TRANSFORMFIELD DATATYPE ="date/time" DEFAULTVALUE ="" DESCRIPTION ="" EXPRESSION ="SESSSTARTTIME" EXPRESSIONTYPE ="GENERAL" NAME ="o_LAST_UPDATED_DATE" PICTURETEXT ="" PORTTYPE ="OUTPUT" PRECISION ="29" SCALE ="9"/>
            <TRANSFORMFIELD DATATYPE ="string" DEFAULTVALUE ="" DESCRIPTION ="" EXPRESSION ="$$ETL_LOAD_USER" EXPRESSIONTYPE ="GENERAL" NAME ="o_CREATED_BY" PICTURETEXT ="" PORTTYPE ="OUTPUT" PRECISION ="10" SCALE ="0"/>
            <TRANSFORMFIELD DATATYPE ="string" DEFAULTVALUE ="" DESCRIPTION ="" EXPRESSION ="$$ETL_LOAD_USER" EXPRESSIONTYPE ="GENERAL" NAME ="o_UPDATED_BY" PICTURETEXT ="" PORTTYPE ="OUTPUT" PRECISION ="10" SCALE ="0"/>
            <TRANSFORMFIELD DATATYPE ="double" DEFAULTVALUE ="" DESCRIPTION ="" EXPRESSION ="$$ETL_CYCLE_ID" EXPRESSIONTYPE ="GENERAL" NAME ="o_ETL_CYCLE_ID" PICTURETEXT ="" PORTTYPE ="OUTPUT" PRECISION ="15" SCALE ="0"/>
            <TRANSFORMFIELD DATATYPE ="date/time" DEFAULTVALUE ="" DESCRIPTION ="" EXPRESSION ="SESSSTARTTIME" EXPRESSIONTYPE ="GENERAL" NAME ="o_CREATED_DATE" PICTURETEXT ="" PORTTYPE ="OUTPUT" PRECISION ="29" SCALE ="9"/>
            <TRANSFORMFIELD DATATYPE ="double" DEFAULTVALUE ="" DESCRIPTION ="" EXPRESSION ="ADJUSTMENT_TRANSACTION_ID" EXPRESSIONTYPE ="GENERAL" NAME ="ADJUSTMENT_TRANSACTION_ID" PICTURETEXT ="" PORTTYPE ="INPUT/OUTPUT" PRECISION ="15" SCALE ="0"/>
            <TRANSFORMFIELD DATATYPE ="decimal" DEFAULTVALUE ="" DESCRIPTION ="" EXPRESSION ="USI" EXPRESSIONTYPE ="GENERAL" NAME ="USI" PICTURETEXT ="" PORTTYPE ="INPUT/OUTPUT" PRECISION ="12" SCALE ="0"/>
            <TRANSFORMFIELD DATATYPE ="string" DEFAULTVALUE ="" DESCRIPTION ="" NAME ="i_DPI_ENVIRONMENT" PICTURETEXT ="" PORTTYPE ="INPUT" PRECISION ="2" SCALE ="0"/>
            <TRANSFORMFIELD DATATYPE ="string" DEFAULTVALUE ="" DESCRIPTION ="" EXPRESSION ="LTRIM(RTRIM(i_DPI_ENVIRONMENT))" EXPRESSIONTYPE ="GENERAL" NAME ="o_DPI_ENVIRONMENT" PICTURETEXT ="" PORTTYPE ="OUTPUT" PRECISION ="2" SCALE ="0"/>
            <TRANSFORMFIELD DATATYPE ="string" DEFAULTVALUE ="" DESCRIPTION ="" NAME ="i_SERVICE_TYPE" PICTURETEXT ="" PORTTYPE ="INPUT" PRECISION ="2" SCALE ="0"/>
            <TRANSFORMFIELD DATATYPE ="string" DEFAULTVALUE ="" DESCRIPTION ="" EXPRESSION ="LTRIM(RTRIM(i_SERVICE_TYPE))" EXPRESSIONTYPE ="GENERAL" NAME ="o_SERVICE_TYPE" PICTURETEXT ="" PORTTYPE ="OUTPUT" PRECISION ="2" SCALE ="0"/>
            <TRANSFORMFIELD DATATYPE ="string" DEFAULTVALUE ="" DESCRIPTION ="" NAME ="i_ACCOUNT_SEGMENT" PICTURETEXT ="" PORTTYPE ="INPUT" PRECISION ="25" SCALE ="0"/>
            <TRANSFORMFIELD DATATYPE ="string" DEFAULTVALUE ="" DESCRIPTION ="" EXPRESSION ="LTRIM(RTRIM(i_ACCOUNT_SEGMENT))" EXPRESSIONTYPE ="GENERAL" NAME ="o_ACCOUNT_SEGMENT" PICTURETEXT ="" PORTTYPE ="OUTPUT" PRECISION ="25" SCALE ="0"/>
            <TABLEATTRIBUTE NAME ="Tracing Level" VALUE ="Normal"/>
        </TRANSFORMATION>
        <TRANSFORMATION DESCRIPTION ="Extract Records from Contract_Revenue_Adjustment where the Contract_Id maps to those customer_id which are updated for the current delta based on the Processed_Billing_Cycle." NAME ="SQ_SC_CONTRACT_REVENUE_ADJUSTMENT" OBJECTVERSION ="1" REUSABLE ="NO" TYPE ="Source Qualifier" VERSIONNUMBER ="4">
            <TRANSFORMFIELD DATATYPE ="double" DEFAULTVALUE ="" DESCRIPTION ="" NAME ="CONTRACT_ID" PICTURETEXT ="" PORTTYPE ="INPUT/OUTPUT" PRECISION ="15" SCALE ="0"/>
            <TRANSFORMFIELD DATATYPE ="string" DEFAULTVALUE ="" DESCRIPTION ="" NAME ="ACTIVITY_FLAG" PICTURETEXT ="" PORTTYPE ="INPUT/OUTPUT" PRECISION ="1" SCALE ="0"/>
            <TRANSFORMFIELD DATATYPE ="decimal" DEFAULTVALUE ="" DESCRIPTION ="" NAME ="AMOUNT" PICTURETEXT ="" PORTTYPE ="INPUT/OUTPUT" PRECISION ="9" SCALE ="2"/>
            <TRANSFORMFIELD DATATYPE ="date/time" DEFAULTVALUE ="" DESCRIPTION ="" NAME ="EFFECTIVE_DATE" PICTURETEXT ="" PORTTYPE ="INPUT/OUTPUT" PRECISION ="29" SCALE ="9"/>
            <TRANSFORMFIELD DATATYPE ="date/time" DEFAULTVALUE ="" DESCRIPTION ="" NAME ="CREATE_DATE" PICTURETEXT ="" PORTTYPE ="INPUT/OUTPUT" PRECISION ="29" SCALE ="9"/>
            <TRANSFORMFIELD DATATYPE ="decimal" DEFAULTVALUE ="" DESCRIPTION ="" NAME ="DPI_GL_CODE" PICTURETEXT ="" PORTTYPE ="INPUT/OUTPUT" PRECISION ="7" SCALE ="0"/>
            <TRANSFORMFIELD DATATYPE ="string" DEFAULTVALUE ="" DESCRIPTION ="" NAME ="INFINIUM_GL_CODE" PICTURETEXT ="" PORTTYPE ="INPUT/OUTPUT" PRECISION ="24" SCALE ="0"/>
            <TRANSFORMFIELD DATATYPE ="string" DEFAULTVALUE ="" DESCRIPTION ="" NAME ="CHARGE_CODE" PICTURETEXT ="" PORTTYPE ="INPUT/OUTPUT" PRECISION ="3" SCALE ="0"/>
            <TRANSFORMFIELD DATATYPE ="string" DEFAULTVALUE ="" DESCRIPTION ="" NAME ="TAX_DISTRICT" PICTURETEXT ="" PORTTYPE ="INPUT/OUTPUT" PRECISION ="5" SCALE ="0"/>
            <TRANSFORMFIELD DATATYPE ="string" DEFAULTVALUE ="" DESCRIPTION ="" NAME ="GEO_CODE" PICTURETEXT ="" PORTTYPE ="INPUT/OUTPUT" PRECISION ="9" SCALE ="0"/>
            <TRANSFORMFIELD DATATYPE ="string" DEFAULTVALUE ="" DESCRIPTION ="" NAME ="WIRE_CENTER" PICTURETEXT ="" PORTTYPE ="INPUT/OUTPUT" PRECISION ="6" SCALE ="0"/>
            <TRANSFORMFIELD DATATYPE ="string" DEFAULTVALUE ="" DESCRIPTION ="" NAME ="TARIFF" PICTURETEXT ="" PORTTYPE ="INPUT/OUTPUT" PRECISION ="3" SCALE ="0"/>
            <TRANSFORMFIELD DATATYPE ="decimal" DEFAULTVALUE ="" DESCRIPTION ="" NAME ="CHARGE_SEQUENCE" PICTURETEXT ="" PORTTYPE ="INPUT/OUTPUT" PRECISION ="4" SCALE ="0"/>
            <TRANSFORMFIELD DATATYPE ="double" DEFAULTVALUE ="" DESCRIPTION ="" NAME ="ADJUSTMENT_TRANSACTION_ID" PICTURETEXT ="" PORTTYPE ="INPUT/OUTPUT" PRECISION ="15" SCALE ="0"/>
            <TRANSFORMFIELD DATATYPE ="decimal" DEFAULTVALUE ="" DESCRIPTION ="" NAME ="USI" PICTURETEXT ="" PORTTYPE ="INPUT/OUTPUT" PRECISION ="12" SCALE ="0"/>
            <TRANSFORMFIELD DATATYPE ="string" DEFAULTVALUE ="" DESCRIPTION ="" NAME ="DPI_ENVIRONMENT" PICTURETEXT ="" PORTTYPE ="INPUT/OUTPUT" PRECISION ="2" SCALE ="0"/>
            <TRANSFORMFIELD DATATYPE ="string" DEFAULTVALUE ="" DESCRIPTION ="" NAME ="SERVICE_TYPE" PICTURETEXT ="" PORTTYPE ="INPUT/OUTPUT" PRECISION ="2" SCALE ="0"/>
            <TRANSFORMFIELD DATATYPE ="string" DEFAULTVALUE ="" DESCRIPTION ="" NAME ="ACCOUNT_SEGMENT" PICTURETEXT ="" PORTTYPE ="INPUT/OUTPUT" PRECISION ="25" SCALE ="0"/>
            <TRANSFORMFIELD DATATYPE ="string" DEFAULTVALUE ="" DESCRIPTION ="" NAME ="ROW_HASH" PICTURETEXT ="" PORTTYPE ="INPUT/OUTPUT" PRECISION ="100" SCALE ="0"/>
            <TABLEATTRIBUTE NAME ="Sql Query" VALUE ="SELECT &#xD;&#xA;CRA.CONTRACT_ID, &#xD;&#xA;CRA.ACTIVITY_FLAG, &#xD;&#xA;CRA.AMOUNT, &#xD;&#xA;CRA.EFFECTIVE_DATE, &#xD;&#xA;CRA.CREATE_DATE ,&#xD;&#xA;CRA.DPI_GL_CODE, &#xD;&#xA;CRA.INFINIUM_GL_CODE, &#xD;&#xA;CRA.CHARGE_CODE,&#xD;&#xA;CRA.TAX_DISTRICT,&#xD;&#xA;CRA.GEO_CODE,&#xD;&#xA;CRA.WIRE_CENTER,&#xD;&#xA;CRA.TARIFF,&#xD;&#xA;CRA.CHARGE_SEQUENCE,&#xD;&#xA;CRA.ADJUSTMENT_TRANSACTION_ID,&#xD;&#xA;CRA.USI,&#xD;&#xA;CRA.DPI_ENVIRONMENT,&#xD;&#xA;CRA.SERVICE_TYPE,&#xD;&#xA;CRA.ACCOUNT_SEGMENT,&#xD;&#xA;ORA_HASH(&#xD;&#xA;NVL(TRIM(CRA.ACTIVITY_FLAG),&apos;NULL&apos;)||&#xD;&#xA;NVL(TO_CHAR(CRA.AMOUNT),&apos;NULL&apos;) ||NVL(TO_CHAR(CRA.EFFECTIVE_DATE,&apos;mm/dd/yyyy&apos;),&apos;NULL&apos;)&#xD;&#xA;||NVL(TRIM(CRA.TAX_DISTRICT),&apos;NULL&apos;)||NVL(TRIM(CRA.GEO_CODE),&apos;NULL&apos;)||NVL(TRIM(CRA.WIRE_CENTER),&apos;NULL&apos;)||NVL(TRIM(CRA.TARIFF),&apos;NULL&apos;)|| NVL(TO_CHAR(CRA.USI),&apos;NULL&apos;)||NVL(CRA.DPI_ENVIRONMENT,&apos;NULL&apos;)||NVL(CRA.SERVICE_TYPE,&apos;NULL&apos;)||NVL(CRA.ACCOUNT_SEGMENT,&apos;NULL&apos;)&#xD;&#xA;) as ROW_HASH&#xD;&#xA;&#xD;&#xA;FROM $$STD_SCHEMA.CONTRACT_REVENUE_ADJUSTMENT CRA INNER JOIN $$STD_SCHEMA.CONTRACT CON&#xD;&#xA;ON CRA.CONTRACT_ID = CON.CONTRACT_ID&#xD;&#xA;INNER JOIN $$STD_SCHEMA.CUSTOMER CUS&#xD;&#xA;ON CON.CUSTOMER_ID = CUS.CUSTOMER_ID&#xD;&#xA;INNER JOIN $$STG_SCHEMA.S_PROCESSED_BILLING_CYCLE PBC&#xD;&#xA;ON CUS.BILL_CYCLE_ID = PBC.ID&#xD;&#xA;WHERE PBC.ETL_CYCLE_ID=$$ETL_CYCLE_ID"/>
            <TABLEATTRIBUTE NAME ="User Defined Join" VALUE =""/>
            <TABLEATTRIBUTE NAME ="Source Filter" VALUE =""/>
            <TABLEATTRIBUTE NAME ="Number Of Sorted Ports" VALUE ="0"/>
            <TABLEATTRIBUTE NAME ="Tracing Level" VALUE ="Normal"/>
            <TABLEATTRIBUTE NAME ="Select Distinct" VALUE ="YES"/>
            <TABLEATTRIBUTE NAME ="Is Partitionable" VALUE ="NO"/>
            <TABLEATTRIBUTE NAME ="Pre SQL" VALUE =""/>
            <TABLEATTRIBUTE NAME ="Post SQL" VALUE =""/>
            <TABLEATTRIBUTE NAME ="Output is deterministic" VALUE ="NO"/>
            <TABLEATTRIBUTE NAME ="Output is repeatable" VALUE ="Never"/>
        </TRANSFORMATION>
        <INSTANCE DESCRIPTION ="" NAME ="SC_PS_TXN_CONTRACT_REVENUE_ADJ" TRANSFORMATION_NAME ="SC_PS_TXN_CONTRACT_REVENUE_ADJ" TRANSFORMATION_TYPE ="Target Definition" TYPE ="TARGET"/>
        <INSTANCE DESCRIPTION ="Used as a pass through expression and to populate the ETL common Columns" NAME ="EXP_PS_TXN_CONTRACT_REVENUE_ADJ" REUSABLE ="NO" TRANSFORMATION_NAME ="EXP_PS_TXN_CONTRACT_REVENUE_ADJ" TRANSFORMATION_TYPE ="Expression" TYPE ="TRANSFORMATION"/>
        <INSTANCE DESCRIPTION ="Extract Records from Contract_Revenue_Adjustment where the Contract_Id maps to those customer_id which are updated for the current delta based on the Processed_Billing_Cycle." NAME ="SQ_SC_CONTRACT_REVENUE_ADJUSTMENT" REUSABLE ="NO" TRANSFORMATION_NAME ="SQ_SC_CONTRACT_REVENUE_ADJUSTMENT" TRANSFORMATION_TYPE ="Source Qualifier" TYPE ="TRANSFORMATION">
            <ASSOCIATED_SOURCE_INSTANCE NAME ="SC_CONTRACT_REVENUE_ADJUSTMENT"/>
        </INSTANCE>
        <INSTANCE DBDNAME ="RAESTD" DESCRIPTION ="" NAME ="SC_CONTRACT_REVENUE_ADJUSTMENT" TRANSFORMATION_NAME ="SC_CONTRACT_REVENUE_ADJUSTMENT" TRANSFORMATION_TYPE ="Source Definition" TYPE ="SOURCE"/>
        <CONNECTOR FROMFIELD ="ADJUSTMENT_TRANSACTION_ID" FROMINSTANCE ="EXP_PS_TXN_CONTRACT_REVENUE_ADJ" FROMINSTANCETYPE ="Expression" TOFIELD ="ADJUSTMENT_TRANSACTION_ID" TOINSTANCE ="SC_PS_TXN_CONTRACT_REVENUE_ADJ" TOINSTANCETYPE ="Target Definition"/>
        <CONNECTOR FROMFIELD ="CHARGE_SEQUENCE" FROMINSTANCE ="EXP_PS_TXN_CONTRACT_REVENUE_ADJ" FROMINSTANCETYPE ="Expression" TOFIELD ="CHARGE_SEQUENCE_NUMBER" TOINSTANCE ="SC_PS_TXN_CONTRACT_REVENUE_ADJ" TOINSTANCETYPE ="Target Definition"/>
        <CONNECTOR FROMFIELD ="CONTRACT_ID" FROMINSTANCE ="EXP_PS_TXN_CONTRACT_REVENUE_ADJ" FROMINSTANCETYPE ="Expression" TOFIELD ="CONTRACT_ID" TOINSTANCE ="SC_PS_TXN_CONTRACT_REVENUE_ADJ" TOINSTANCETYPE ="Target Definition"/>
        <CONNECTOR FROMFIELD ="AMOUNT" FROMINSTANCE ="EXP_PS_TXN_CONTRACT_REVENUE_ADJ" FROMINSTANCETYPE ="Expression" TOFIELD ="AMOUNT" TOINSTANCE ="SC_PS_TXN_CONTRACT_REVENUE_ADJ" TOINSTANCETYPE ="Target Definition"/>
        <CONNECTOR FROMFIELD ="CREATE_DATE" FROMINSTANCE ="EXP_PS_TXN_CONTRACT_REVENUE_ADJ" FROMINSTANCETYPE ="Expression" TOFIELD ="CREATE_DATE" TOINSTANCE ="SC_PS_TXN_CONTRACT_REVENUE_ADJ" TOINSTANCETYPE ="Target Definition"/>
        <CONNECTOR FROMFIELD ="o_CREATED_DATE" FROMINSTANCE ="EXP_PS_TXN_CONTRACT_REVENUE_ADJ" FROMINSTANCETYPE ="Expression" TOFIELD ="CREATED_DATE" TOINSTANCE ="SC_PS_TXN_CONTRACT_REVENUE_ADJ" TOINSTANCETYPE ="Target Definition"/>
        <CONNECTOR FROMFIELD ="ROW_HASH" FROMINSTANCE ="EXP_PS_TXN_CONTRACT_REVENUE_ADJ" FROMINSTANCETYPE ="Expression" TOFIELD ="ROW_HASH" TOINSTANCE ="SC_PS_TXN_CONTRACT_REVENUE_ADJ" TOINSTANCETYPE ="Target Definition"/>
        <CONNECTOR FROMFIELD ="o_ETL_CYCLE_ID" FROMINSTANCE ="EXP_PS_TXN_CONTRACT_REVENUE_ADJ" FROMINSTANCETYPE ="Expression" TOFIELD ="ETL_CYCLE_ID" TOINSTANCE ="SC_PS_TXN_CONTRACT_REVENUE_ADJ" TOINSTANCETYPE ="Target Definition"/>
        <CONNECTOR FROMFIELD ="o_UPDATED_BY" FROMINSTANCE ="EXP_PS_TXN_CONTRACT_REVENUE_ADJ" FROMINSTANCETYPE ="Expression" TOFIELD ="UPDATED_BY" TOINSTANCE ="SC_PS_TXN_CONTRACT_REVENUE_ADJ" TOINSTANCETYPE ="Target Definition"/>
        <CONNECTOR FROMFIELD ="o_CREATED_BY" FROMINSTANCE ="EXP_PS_TXN_CONTRACT_REVENUE_ADJ" FROMINSTANCETYPE ="Expression" TOFIELD ="CREATED_BY" TOINSTANCE ="SC_PS_TXN_CONTRACT_REVENUE_ADJ" TOINSTANCETYPE ="Target Definition"/>
        <CONNECTOR FROMFIELD ="o_LAST_UPDATED_DATE" FROMINSTANCE ="EXP_PS_TXN_CONTRACT_REVENUE_ADJ" FROMINSTANCETYPE ="Expression" TOFIELD ="LAST_UPDATED_DATE" TOINSTANCE ="SC_PS_TXN_CONTRACT_REVENUE_ADJ" TOINSTANCETYPE ="Target Definition"/>
        <CONNECTOR FROMFIELD ="EFFECTIVE_DATE" FROMINSTANCE ="EXP_PS_TXN_CONTRACT_REVENUE_ADJ" FROMINSTANCETYPE ="Expression" TOFIELD ="EFFECTIVE_DATE" TOINSTANCE ="SC_PS_TXN_CONTRACT_REVENUE_ADJ" TOINSTANCETYPE ="Target Definition"/>
        <CONNECTOR FROMFIELD ="DPI_GL_CODE" FROMINSTANCE ="EXP_PS_TXN_CONTRACT_REVENUE_ADJ" FROMINSTANCETYPE ="Expression" TOFIELD ="DPI_GL_CODE" TOINSTANCE ="SC_PS_TXN_CONTRACT_REVENUE_ADJ" TOINSTANCETYPE ="Target Definition"/>
        <CONNECTOR FROMFIELD ="o_ACTIVITY_FLAG" FROMINSTANCE ="EXP_PS_TXN_CONTRACT_REVENUE_ADJ" FROMINSTANCETYPE ="Expression" TOFIELD ="ACTIVITY_FLAG" TOINSTANCE ="SC_PS_TXN_CONTRACT_REVENUE_ADJ" TOINSTANCETYPE ="Target Definition"/>
        <CONNECTOR FROMFIELD ="o_INFINIUM_GL_CODE" FROMINSTANCE ="EXP_PS_TXN_CONTRACT_REVENUE_ADJ" FROMINSTANCETYPE ="Expression" TOFIELD ="INFINIUM_GL_CODE" TOINSTANCE ="SC_PS_TXN_CONTRACT_REVENUE_ADJ" TOINSTANCETYPE ="Target Definition"/>
        <CONNECTOR FROMFIELD ="o_CHARGE_CODE" FROMINSTANCE ="EXP_PS_TXN_CONTRACT_REVENUE_ADJ" FROMINSTANCETYPE ="Expression" TOFIELD ="CHARGE_CODE" TOINSTANCE ="SC_PS_TXN_CONTRACT_REVENUE_ADJ" TOINSTANCETYPE ="Target Definition"/>
        <CONNECTOR FROMFIELD ="o_TARIFF" FROMINSTANCE ="EXP_PS_TXN_CONTRACT_REVENUE_ADJ" FROMINSTANCETYPE ="Expression" TOFIELD ="TARIFF" TOINSTANCE ="SC_PS_TXN_CONTRACT_REVENUE_ADJ" TOINSTANCETYPE ="Target Definition"/>
        <CONNECTOR FROMFIELD ="o_TAX_DISTRICT" FROMINSTANCE ="EXP_PS_TXN_CONTRACT_REVENUE_ADJ" FROMINSTANCETYPE ="Expression" TOFIELD ="TAX_DISTRICT" TOINSTANCE ="SC_PS_TXN_CONTRACT_REVENUE_ADJ" TOINSTANCETYPE ="Target Definition"/>
        <CONNECTOR FROMFIELD ="o_GEO_CODE" FROMINSTANCE ="EXP_PS_TXN_CONTRACT_REVENUE_ADJ" FROMINSTANCETYPE ="Expression" TOFIELD ="GEO_CODE" TOINSTANCE ="SC_PS_TXN_CONTRACT_REVENUE_ADJ" TOINSTANCETYPE ="Target Definition"/>
        <CONNECTOR FROMFIELD ="o_WIRE_CENTER" FROMINSTANCE ="EXP_PS_TXN_CONTRACT_REVENUE_ADJ" FROMINSTANCETYPE ="Expression" TOFIELD ="WIRE_CENTER" TOINSTANCE ="SC_PS_TXN_CONTRACT_REVENUE_ADJ" TOINSTANCETYPE ="Target Definition"/>
        <CONNECTOR FROMFIELD ="USI" FROMINSTANCE ="EXP_PS_TXN_CONTRACT_REVENUE_ADJ" FROMINSTANCETYPE ="Expression" TOFIELD ="USI" TOINSTANCE ="SC_PS_TXN_CONTRACT_REVENUE_ADJ" TOINSTANCETYPE ="Target Definition"/>
        <CONNECTOR FROMFIELD ="o_DPI_ENVIRONMENT" FROMINSTANCE ="EXP_PS_TXN_CONTRACT_REVENUE_ADJ" FROMINSTANCETYPE ="Expression" TOFIELD ="DPI_ENVIRONMENT" TOINSTANCE ="SC_PS_TXN_CONTRACT_REVENUE_ADJ" TOINSTANCETYPE ="Target Definition"/>
        <CONNECTOR FROMFIELD ="o_SERVICE_TYPE" FROMINSTANCE ="EXP_PS_TXN_CONTRACT_REVENUE_ADJ" FROMINSTANCETYPE ="Expression" TOFIELD ="SERVICE_TYPE" TOINSTANCE ="SC_PS_TXN_CONTRACT_REVENUE_ADJ" TOINSTANCETYPE ="Target Definition"/>
        <CONNECTOR FROMFIELD ="o_ACCOUNT_SEGMENT" FROMINSTANCE ="EXP_PS_TXN_CONTRACT_REVENUE_ADJ" FROMINSTANCETYPE ="Expression" TOFIELD ="ACCOUNT_SEGMENT" TOINSTANCE ="SC_PS_TXN_CONTRACT_REVENUE_ADJ" TOINSTANCETYPE ="Target Definition"/>
        <CONNECTOR FROMFIELD ="CONTRACT_ID" FROMINSTANCE ="SQ_SC_CONTRACT_REVENUE_ADJUSTMENT" FROMINSTANCETYPE ="Source Qualifier" TOFIELD ="CONTRACT_ID" TOINSTANCE ="EXP_PS_TXN_CONTRACT_REVENUE_ADJ" TOINSTANCETYPE ="Expression"/>
        <CONNECTOR FROMFIELD ="ADJUSTMENT_TRANSACTION_ID" FROMINSTANCE ="SQ_SC_CONTRACT_REVENUE_ADJUSTMENT" FROMINSTANCETYPE ="Source Qualifier" TOFIELD ="ADJUSTMENT_TRANSACTION_ID" TOINSTANCE ="EXP_PS_TXN_CONTRACT_REVENUE_ADJ" TOINSTANCETYPE ="Expression"/>
        <CONNECTOR FROMFIELD ="USI" FROMINSTANCE ="SQ_SC_CONTRACT_REVENUE_ADJUSTMENT" FROMINSTANCETYPE ="Source Qualifier" TOFIELD ="USI" TOINSTANCE ="EXP_PS_TXN_CONTRACT_REVENUE_ADJ" TOINSTANCETYPE ="Expression"/>
        <CONNECTOR FROMFIELD ="ACTIVITY_FLAG" FROMINSTANCE ="SQ_SC_CONTRACT_REVENUE_ADJUSTMENT" FROMINSTANCETYPE ="Source Qualifier" TOFIELD ="i_ACTIVITY_FLAG" TOINSTANCE ="EXP_PS_TXN_CONTRACT_REVENUE_ADJ" TOINSTANCETYPE ="Expression"/>
        <CONNECTOR FROMFIELD ="AMOUNT" FROMINSTANCE ="SQ_SC_CONTRACT_REVENUE_ADJUSTMENT" FROMINSTANCETYPE ="Source Qualifier" TOFIELD ="AMOUNT" TOINSTANCE ="EXP_PS_TXN_CONTRACT_REVENUE_ADJ" TOINSTANCETYPE ="Expression"/>
        <CONNECTOR FROMFIELD ="EFFECTIVE_DATE" FROMINSTANCE ="SQ_SC_CONTRACT_REVENUE_ADJUSTMENT" FROMINSTANCETYPE ="Source Qualifier" TOFIELD ="EFFECTIVE_DATE" TOINSTANCE ="EXP_PS_TXN_CONTRACT_REVENUE_ADJ" TOINSTANCETYPE ="Expression"/>
        <CONNECTOR FROMFIELD ="CREATE_DATE" FROMINSTANCE ="SQ_SC_CONTRACT_REVENUE_ADJUSTMENT" FROMINSTANCETYPE ="Source Qualifier" TOFIELD ="CREATE_DATE" TOINSTANCE ="EXP_PS_TXN_CONTRACT_REVENUE_ADJ" TOINSTANCETYPE ="Expression"/>
        <CONNECTOR FROMFIELD ="ROW_HASH" FROMINSTANCE ="SQ_SC_CONTRACT_REVENUE_ADJUSTMENT" FROMINSTANCETYPE ="Source Qualifier" TOFIELD ="ROW_HASH" TOINSTANCE ="EXP_PS_TXN_CONTRACT_REVENUE_ADJ" TOINSTANCETYPE ="Expression"/>
        <CONNECTOR FROMFIELD ="DPI_GL_CODE" FROMINSTANCE ="SQ_SC_CONTRACT_REVENUE_ADJUSTMENT" FROMINSTANCETYPE ="Source Qualifier" TOFIELD ="DPI_GL_CODE" TOINSTANCE ="EXP_PS_TXN_CONTRACT_REVENUE_ADJ" TOINSTANCETYPE ="Expression"/>
        <CONNECTOR FROMFIELD ="INFINIUM_GL_CODE" FROMINSTANCE ="SQ_SC_CONTRACT_REVENUE_ADJUSTMENT" FROMINSTANCETYPE ="Source Qualifier" TOFIELD ="i_INFINIUM_GL_CODE" TOINSTANCE ="EXP_PS_TXN_CONTRACT_REVENUE_ADJ" TOINSTANCETYPE ="Expression"/>
        <CONNECTOR FROMFIELD ="CHARGE_CODE" FROMINSTANCE ="SQ_SC_CONTRACT_REVENUE_ADJUSTMENT" FROMINSTANCETYPE ="Source Qualifier" TOFIELD ="i_CHARGE_CODE" TOINSTANCE ="EXP_PS_TXN_CONTRACT_REVENUE_ADJ" TOINSTANCETYPE ="Expression"/>
        <CONNECTOR FROMFIELD ="TARIFF" FROMINSTANCE ="SQ_SC_CONTRACT_REVENUE_ADJUSTMENT" FROMINSTANCETYPE ="Source Qualifier" TOFIELD ="i_TARIFF" TOINSTANCE ="EXP_PS_TXN_CONTRACT_REVENUE_ADJ" TOINSTANCETYPE ="Expression"/>
        <CONNECTOR FROMFIELD ="TAX_DISTRICT" FROMINSTANCE ="SQ_SC_CONTRACT_REVENUE_ADJUSTMENT" FROMINSTANCETYPE ="Source Qualifier" TOFIELD ="i_TAX_DISTRICT" TOINSTANCE ="EXP_PS_TXN_CONTRACT_REVENUE_ADJ" TOINSTANCETYPE ="Expression"/>
        <CONNECTOR FROMFIELD ="GEO_CODE" FROMINSTANCE ="SQ_SC_CONTRACT_REVENUE_ADJUSTMENT" FROMINSTANCETYPE ="Source Qualifier" TOFIELD ="i_GEO_CODE" TOINSTANCE ="EXP_PS_TXN_CONTRACT_REVENUE_ADJ" TOINSTANCETYPE ="Expression"/>
        <CONNECTOR FROMFIELD ="WIRE_CENTER" FROMINSTANCE ="SQ_SC_CONTRACT_REVENUE_ADJUSTMENT" FROMINSTANCETYPE ="Source Qualifier" TOFIELD ="i_WIRE_CENTER" TOINSTANCE ="EXP_PS_TXN_CONTRACT_REVENUE_ADJ" TOINSTANCETYPE ="Expression"/>
        <CONNECTOR FROMFIELD ="CHARGE_SEQUENCE" FROMINSTANCE ="SQ_SC_CONTRACT_REVENUE_ADJUSTMENT" FROMINSTANCETYPE ="Source Qualifier" TOFIELD ="CHARGE_SEQUENCE" TOINSTANCE ="EXP_PS_TXN_CONTRACT_REVENUE_ADJ" TOINSTANCETYPE ="Expression"/>
        <CONNECTOR FROMFIELD ="DPI_ENVIRONMENT" FROMINSTANCE ="SQ_SC_CONTRACT_REVENUE_ADJUSTMENT" FROMINSTANCETYPE ="Source Qualifier" TOFIELD ="i_DPI_ENVIRONMENT" TOINSTANCE ="EXP_PS_TXN_CONTRACT_REVENUE_ADJ" TOINSTANCETYPE ="Expression"/>
        <CONNECTOR FROMFIELD ="SERVICE_TYPE" FROMINSTANCE ="SQ_SC_CONTRACT_REVENUE_ADJUSTMENT" FROMINSTANCETYPE ="Source Qualifier" TOFIELD ="i_SERVICE_TYPE" TOINSTANCE ="EXP_PS_TXN_CONTRACT_REVENUE_ADJ" TOINSTANCETYPE ="Expression"/>
        <CONNECTOR FROMFIELD ="ACCOUNT_SEGMENT" FROMINSTANCE ="SQ_SC_CONTRACT_REVENUE_ADJUSTMENT" FROMINSTANCETYPE ="Source Qualifier" TOFIELD ="i_ACCOUNT_SEGMENT" TOINSTANCE ="EXP_PS_TXN_CONTRACT_REVENUE_ADJ" TOINSTANCETYPE ="Expression"/>
        <CONNECTOR FROMFIELD ="CONTRACT_ID" FROMINSTANCE ="SC_CONTRACT_REVENUE_ADJUSTMENT" FROMINSTANCETYPE ="Source Definition" TOFIELD ="CONTRACT_ID" TOINSTANCE ="SQ_SC_CONTRACT_REVENUE_ADJUSTMENT" TOINSTANCETYPE ="Source Qualifier"/>
        <CONNECTOR FROMFIELD ="ACTIVITY_FLAG" FROMINSTANCE ="SC_CONTRACT_REVENUE_ADJUSTMENT" FROMINSTANCETYPE ="Source Definition" TOFIELD ="ACTIVITY_FLAG" TOINSTANCE ="SQ_SC_CONTRACT_REVENUE_ADJUSTMENT" TOINSTANCETYPE ="Source Qualifier"/>
        <CONNECTOR FROMFIELD ="AMOUNT" FROMINSTANCE ="SC_CONTRACT_REVENUE_ADJUSTMENT" FROMINSTANCETYPE ="Source Definition" TOFIELD ="AMOUNT" TOINSTANCE ="SQ_SC_CONTRACT_REVENUE_ADJUSTMENT" TOINSTANCETYPE ="Source Qualifier"/>
        <CONNECTOR FROMFIELD ="EFFECTIVE_DATE" FROMINSTANCE ="SC_CONTRACT_REVENUE_ADJUSTMENT" FROMINSTANCETYPE ="Source Definition" TOFIELD ="EFFECTIVE_DATE" TOINSTANCE ="SQ_SC_CONTRACT_REVENUE_ADJUSTMENT" TOINSTANCETYPE ="Source Qualifier"/>
        <CONNECTOR FROMFIELD ="CREATE_DATE" FROMINSTANCE ="SC_CONTRACT_REVENUE_ADJUSTMENT" FROMINSTANCETYPE ="Source Definition" TOFIELD ="CREATE_DATE" TOINSTANCE ="SQ_SC_CONTRACT_REVENUE_ADJUSTMENT" TOINSTANCETYPE ="Source Qualifier"/>
        <CONNECTOR FROMFIELD ="ACTIVITY_FLAG" FROMINSTANCE ="SC_CONTRACT_REVENUE_ADJUSTMENT" FROMINSTANCETYPE ="Source Definition" TOFIELD ="ROW_HASH" TOINSTANCE ="SQ_SC_CONTRACT_REVENUE_ADJUSTMENT" TOINSTANCETYPE ="Source Qualifier"/>
        <CONNECTOR FROMFIELD ="DPI_GL_CODE" FROMINSTANCE ="SC_CONTRACT_REVENUE_ADJUSTMENT" FROMINSTANCETYPE ="Source Definition" TOFIELD ="DPI_GL_CODE" TOINSTANCE ="SQ_SC_CONTRACT_REVENUE_ADJUSTMENT" TOINSTANCETYPE ="Source Qualifier"/>
        <CONNECTOR FROMFIELD ="INFINIUM_GL_CODE" FROMINSTANCE ="SC_CONTRACT_REVENUE_ADJUSTMENT" FROMINSTANCETYPE ="Source Definition" TOFIELD ="INFINIUM_GL_CODE" TOINSTANCE ="SQ_SC_CONTRACT_REVENUE_ADJUSTMENT" TOINSTANCETYPE ="Source Qualifier"/>
        <CONNECTOR FROMFIELD ="CHARGE_CODE" FROMINSTANCE ="SC_CONTRACT_REVENUE_ADJUSTMENT" FROMINSTANCETYPE ="Source Definition" TOFIELD ="CHARGE_CODE" TOINSTANCE ="SQ_SC_CONTRACT_REVENUE_ADJUSTMENT" TOINSTANCETYPE ="Source Qualifier"/>
        <CONNECTOR FROMFIELD ="TARIFF" FROMINSTANCE ="SC_CONTRACT_REVENUE_ADJUSTMENT" FROMINSTANCETYPE ="Source Definition" TOFIELD ="TARIFF" TOINSTANCE ="SQ_SC_CONTRACT_REVENUE_ADJUSTMENT" TOINSTANCETYPE ="Source Qualifier"/>
        <CONNECTOR FROMFIELD ="TAX_DISTRICT" FROMINSTANCE ="SC_CONTRACT_REVENUE_ADJUSTMENT" FROMINSTANCETYPE ="Source Definition" TOFIELD ="TAX_DISTRICT" TOINSTANCE ="SQ_SC_CONTRACT_REVENUE_ADJUSTMENT" TOINSTANCETYPE ="Source Qualifier"/>
        <CONNECTOR FROMFIELD ="GEO_CODE" FROMINSTANCE ="SC_CONTRACT_REVENUE_ADJUSTMENT" FROMINSTANCETYPE ="Source Definition" TOFIELD ="GEO_CODE" TOINSTANCE ="SQ_SC_CONTRACT_REVENUE_ADJUSTMENT" TOINSTANCETYPE ="Source Qualifier"/>
        <CONNECTOR FROMFIELD ="WIRE_CENTER" FROMINSTANCE ="SC_CONTRACT_REVENUE_ADJUSTMENT" FROMINSTANCETYPE ="Source Definition" TOFIELD ="WIRE_CENTER" TOINSTANCE ="SQ_SC_CONTRACT_REVENUE_ADJUSTMENT" TOINSTANCETYPE ="Source Qualifier"/>
        <CONNECTOR FROMFIELD ="CHARGE_SEQUENCE" FROMINSTANCE ="SC_CONTRACT_REVENUE_ADJUSTMENT" FROMINSTANCETYPE ="Source Definition" TOFIELD ="CHARGE_SEQUENCE" TOINSTANCE ="SQ_SC_CONTRACT_REVENUE_ADJUSTMENT" TOINSTANCETYPE ="Source Qualifier"/>
        <CONNECTOR FROMFIELD ="ADJUSTMENT_TRANSACTION_ID" FROMINSTANCE ="SC_CONTRACT_REVENUE_ADJUSTMENT" FROMINSTANCETYPE ="Source Definition" TOFIELD ="ADJUSTMENT_TRANSACTION_ID" TOINSTANCE ="SQ_SC_CONTRACT_REVENUE_ADJUSTMENT" TOINSTANCETYPE ="Source Qualifier"/>
        <CONNECTOR FROMFIELD ="USI" FROMINSTANCE ="SC_CONTRACT_REVENUE_ADJUSTMENT" FROMINSTANCETYPE ="Source Definition" TOFIELD ="USI" TOINSTANCE ="SQ_SC_CONTRACT_REVENUE_ADJUSTMENT" TOINSTANCETYPE ="Source Qualifier"/>
        <CONNECTOR FROMFIELD ="DPI_ENVIRONMENT" FROMINSTANCE ="SC_CONTRACT_REVENUE_ADJUSTMENT" FROMINSTANCETYPE ="Source Definition" TOFIELD ="DPI_ENVIRONMENT" TOINSTANCE ="SQ_SC_CONTRACT_REVENUE_ADJUSTMENT" TOINSTANCETYPE ="Source Qualifier"/>
        <CONNECTOR FROMFIELD ="SERVICE_TYPE" FROMINSTANCE ="SC_CONTRACT_REVENUE_ADJUSTMENT" FROMINSTANCETYPE ="Source Definition" TOFIELD ="SERVICE_TYPE" TOINSTANCE ="SQ_SC_CONTRACT_REVENUE_ADJUSTMENT" TOINSTANCETYPE ="Source Qualifier"/>
        <CONNECTOR FROMFIELD ="ACCOUNT_SEGMENT" FROMINSTANCE ="SC_CONTRACT_REVENUE_ADJUSTMENT" FROMINSTANCETYPE ="Source Definition" TOFIELD ="ACCOUNT_SEGMENT" TOINSTANCE ="SQ_SC_CONTRACT_REVENUE_ADJUSTMENT" TOINSTANCETYPE ="Source Qualifier"/>
        <TARGETLOADORDER ORDER ="1" TARGETINSTANCE ="SC_PS_TXN_CONTRACT_REVENUE_ADJ"/>
        <MAPPINGVARIABLE DATATYPE ="string" DEFAULTVALUE ="" DESCRIPTION ="The mapping parameter to hold the ETL Load User" ISEXPRESSIONVARIABLE ="NO" ISPARAM ="YES" NAME ="$$ETL_LOAD_USER" PRECISION ="10" SCALE ="0" USERDEFINED ="YES"/>
        <MAPPINGVARIABLE DATATYPE ="string" DEFAULTVALUE ="" DESCRIPTION ="The mapping parameter for holding the standardized layer schema name." ISEXPRESSIONVARIABLE ="NO" ISPARAM ="YES" NAME ="$$STD_SCHEMA" PRECISION ="10" SCALE ="0" USERDEFINED ="YES"/>
        <MAPPINGVARIABLE DATATYPE ="double" DEFAULTVALUE ="" DESCRIPTION ="This parameter is used to fetch current ETL Cycle ID" ISEXPRESSIONVARIABLE ="NO" ISPARAM ="YES" NAME ="$$ETL_CYCLE_ID" PRECISION ="15" SCALE ="0" USERDEFINED ="YES"/>
        <MAPPINGVARIABLE DATATYPE ="string" DEFAULTVALUE ="" DESCRIPTION ="The mapping parameter for holding the Staging layer schema name." ISEXPRESSIONVARIABLE ="NO" ISPARAM ="YES" NAME ="$$STG_SCHEMA" PRECISION ="10" SCALE ="0" USERDEFINED ="YES"/>
        <ERPINFO/>
    </MAPPING>
    <SHORTCUT COMMENTS ="" DBDNAME ="RAESTD" FOLDERNAME ="DW2_SHARED_ORA_DEV" NAME ="SC_CONTRACT_REVENUE_ADJUSTMENT" OBJECTSUBTYPE ="Source Definition" OBJECTTYPE ="SOURCE" REFERENCEDDBD ="RAESTD" REFERENCETYPE ="LOCAL" REFOBJECTNAME ="CONTRACT_REVENUE_ADJUSTMENT" REPOSITORYNAME ="REP_ODW" VERSIONNUMBER ="1"/>
    <SHORTCUT COMMENTS ="" FOLDERNAME ="DW2_SHARED_ORA_DEV" NAME ="SC_PS_TXN_CONTRACT_REVENUE_ADJ" OBJECTSUBTYPE ="Target Definition" OBJECTTYPE ="TARGET" REFERENCETYPE ="LOCAL" REFOBJECTNAME ="PS_TXN_CONTRACT_REVENUE_ADJ" REPOSITORYNAME ="REP_ODW" VERSIONNUMBER ="1"/>
    <CONFIG DESCRIPTION ="Default session configuration object" ISDEFAULT ="YES" NAME ="default_session_config" VERSIONNUMBER ="3">
        <ATTRIBUTE NAME ="Advanced" VALUE =""/>
        <ATTRIBUTE NAME ="Constraint based load ordering" VALUE ="NO"/>
        <ATTRIBUTE NAME ="Cache LOOKUP() function" VALUE ="YES"/>
        <ATTRIBUTE NAME ="Default buffer block size" VALUE ="Auto"/>
        <ATTRIBUTE NAME ="Line Sequential buffer length" VALUE ="1024"/>
        <ATTRIBUTE NAME ="Maximum Memory Allowed For Auto Memory Attributes" VALUE ="512MB"/>
        <ATTRIBUTE NAME ="Maximum Percentage of Total Memory Allowed For Auto Memory Attributes" VALUE ="5"/>
        <ATTRIBUTE NAME ="Additional Concurrent Pipelines for Lookup Cache Creation" VALUE ="Auto"/>
        <ATTRIBUTE NAME ="Custom Properties" VALUE =""/>
        <ATTRIBUTE NAME ="Pre-build lookup cache" VALUE ="Auto"/>
        <ATTRIBUTE NAME ="Optimization Level" VALUE ="Medium"/>
        <ATTRIBUTE NAME ="DateTime Format String" VALUE ="MM/DD/YYYY HH24:MI:SS.US"/>
        <ATTRIBUTE NAME ="Pre 85 Timestamp Compatibility" VALUE ="NO"/>
        <ATTRIBUTE NAME ="Log Options" VALUE ="0"/>
        <ATTRIBUTE NAME ="Save session log by" VALUE ="Session runs"/>
        <ATTRIBUTE NAME ="Save session log for these runs" VALUE ="0"/>
        <ATTRIBUTE NAME ="Session Log File Max Size" VALUE ="0"/>
        <ATTRIBUTE NAME ="Session Log File Max Time Period" VALUE ="0"/>
        <ATTRIBUTE NAME ="Maximum Partial Session Log Files" VALUE ="1"/>
        <ATTRIBUTE NAME ="Writer Commit Statistics Log Frequency" VALUE ="1"/>
        <ATTRIBUTE NAME ="Writer Commit Statistics Log Interval" VALUE ="0"/>
        <ATTRIBUTE NAME ="Error handling" VALUE =""/>
        <ATTRIBUTE NAME ="Stop on errors" VALUE ="0"/>
        <ATTRIBUTE NAME ="Override tracing" VALUE ="None"/>
        <ATTRIBUTE NAME ="On Stored Procedure error" VALUE ="Stop"/>
        <ATTRIBUTE NAME ="On Pre-session command task error" VALUE ="Stop"/>
        <ATTRIBUTE NAME ="On Pre-Post SQL error" VALUE ="Stop"/>
        <ATTRIBUTE NAME ="Enable Recovery" VALUE ="NO"/>
        <ATTRIBUTE NAME ="Error Log Type" VALUE ="None"/>
        <ATTRIBUTE NAME ="Error Log Table Name Prefix" VALUE =""/>
        <ATTRIBUTE NAME ="Error Log File Name" VALUE ="PMError.log"/>
        <ATTRIBUTE NAME ="Log Source Row Data" VALUE ="NO"/>
        <ATTRIBUTE NAME ="Data Column Delimiter" VALUE ="|"/>
        <ATTRIBUTE NAME ="Partitioning Options" VALUE =""/>
        <ATTRIBUTE NAME ="Dynamic Partitioning" VALUE ="Disabled"/>
        <ATTRIBUTE NAME ="Number of Partitions" VALUE ="1"/>
        <ATTRIBUTE NAME ="Multiplication Factor" VALUE ="Auto"/>
        <ATTRIBUTE NAME ="Session on Grid" VALUE =""/>
        <ATTRIBUTE NAME ="Is Enabled" VALUE ="NO"/>
    </CONFIG>
    <TASK DESCRIPTION ="Inserts an entry in the SESSION_CONTROL" NAME ="INSERT_SESSION_CONTROL" REUSABLE ="YES" TYPE ="Command" VERSIONNUMBER ="3">
        <ATTRIBUTE NAME ="Fail task if any command fails" VALUE ="YES"/>
        <ATTRIBUTE NAME ="Recovery Strategy" VALUE ="Fail task and continue workflow"/>
        <VALUEPAIR EXECORDER ="1" NAME ="Insert_SESSION_CONTROL" REVERSEASSIGNMENT ="NO" VALUE ="sh $$SCRIPTS/audit_db_insert.sh $$SRC_SYS_NM $PMWorkflowName NA $PMSessionName $$ETL_LOAD_USER $PMMappingName $$ETL_CYCLE_ID"/>
    </TASK>
    <TASK DESCRIPTION ="" NAME ="UPDATE_SESSON_CONTROL" REUSABLE ="YES" TYPE ="Command" VERSIONNUMBER ="3">
        <ATTRIBUTE NAME ="Fail task if any command fails" VALUE ="YES"/>
        <ATTRIBUTE NAME ="Recovery Strategy" VALUE ="Fail task and continue workflow"/>
        <VALUEPAIR EXECORDER ="1" NAME ="Update_session_control" REVERSEASSIGNMENT ="NO" VALUE ="sh $$SCRIPTS/audit_db_update.sh $$SRC_SYS_NM $PMWorkflowName NA $PMSessionName  $PMSQ_TABLE_NAME@NumAffectedRows $PMSC_TARGET_TABLE_NAME_INS@NumAffectedRows~$PMSC_TARGET_TABLE_NAME_UPD@NumAffectedRows $PMSC_ERROR_TABLE_NAME@NumAffectedRows STATUS $$ETL_LOAD_USER $$ETL_CYCLE_ID"/>
    </TASK>
    <WORKFLOW DESCRIPTION ="This workflow is used to load the Contract Revenue Adjustment data from Standardization layer to Pre-Stage layer." ISENABLED ="YES" ISRUNNABLESERVICE ="NO" ISSERVICE ="NO" ISVALID ="YES" NAME ="wf_s_m_STD_TO_PS_TXN_CONTRACT_REVENUE_ADJ_LOAD" REUSABLE_SCHEDULER ="NO" SCHEDULERNAME ="Scheduler" SERVERNAME ="INT_ODW" SERVER_DOMAINNAME ="DOMAIN_ODW" SUSPEND_ON_ERROR ="NO" TASKS_MUST_RUN_ON_SERVER ="NO" VERSIONNUMBER ="7">
        <SCHEDULER DESCRIPTION ="" NAME ="Scheduler" REUSABLE ="NO" VERSIONNUMBER ="1">
            <SCHEDULEINFO SCHEDULETYPE ="ONDEMAND"/>
        </SCHEDULER>
        <TASK DESCRIPTION ="" NAME ="Start" REUSABLE ="NO" TYPE ="Start" VERSIONNUMBER ="1"/>
        <SESSION DESCRIPTION ="This session is used to load the Contract Revenue Adjustment data from Standardization layer to Pre-Stage layer." ISVALID ="YES" MAPPINGNAME ="m_STD_TO_PS_TXN_CONTRACT_REVENUE_ADJ_LOAD" NAME ="s_m_STD_TO_PS_TXN_CONTRACT_REVENUE_ADJ_LOAD" REUSABLE ="NO" SORTORDER ="Binary" VERSIONNUMBER ="4">
            <SESSTRANSFORMATIONINST ISREPARTITIONPOINT ="YES" PARTITIONTYPE ="PASS THROUGH" PIPELINE ="1" SINSTANCENAME ="SC_PS_TXN_CONTRACT_REVENUE_ADJ" STAGE ="1" TRANSFORMATIONNAME ="SC_PS_TXN_CONTRACT_REVENUE_ADJ" TRANSFORMATIONTYPE ="Target Definition"/>
            <SESSTRANSFORMATIONINST ISREPARTITIONPOINT ="NO" PIPELINE ="1" SINSTANCENAME ="EXP_PS_TXN_CONTRACT_REVENUE_ADJ" STAGE ="2" TRANSFORMATIONNAME ="EXP_PS_TXN_CONTRACT_REVENUE_ADJ" TRANSFORMATIONTYPE ="Expression">
                <PARTITION DESCRIPTION ="" NAME ="Partition #1"/>
            </SESSTRANSFORMATIONINST>
            <SESSTRANSFORMATIONINST ISREPARTITIONPOINT ="NO" PIPELINE ="0" SINSTANCENAME ="SC_CONTRACT_REVENUE_ADJUSTMENT" STAGE ="0" TRANSFORMATIONNAME ="SC_CONTRACT_REVENUE_ADJUSTMENT" TRANSFORMATIONTYPE ="Source Definition"/>
            <SESSTRANSFORMATIONINST ISREPARTITIONPOINT ="YES" PARTITIONTYPE ="PASS THROUGH" PIPELINE ="1" SINSTANCENAME ="SQ_SC_CONTRACT_REVENUE_ADJUSTMENT" STAGE ="2" TRANSFORMATIONNAME ="SQ_SC_CONTRACT_REVENUE_ADJUSTMENT" TRANSFORMATIONTYPE ="Source Qualifier"/>
            <CONFIGREFERENCE REFOBJECTNAME ="default_session_config" TYPE ="Session config">
                <ATTRIBUTE NAME ="Save session log by" VALUE ="Session timestamp"/>
                <ATTRIBUTE NAME ="Stop on errors" VALUE ="1"/>
            </CONFIGREFERENCE>
            <SESSIONCOMPONENT REFOBJECTNAME ="INSERT_SESSION_CONTROL" REUSABLE ="YES" TYPE ="Pre-session command">
                <ATTRIBUTE NAME ="Fail task if any command fails" VALUE ="YES"/>
            </SESSIONCOMPONENT>
            <SESSIONCOMPONENT REFOBJECTNAME ="UPDATE_SESSON_CONTROL" REUSABLE ="YES" TYPE ="Post-session success command">
                <VALUEPAIR EXECORDER ="1" NAME ="Update_session_control" REVERSEASSIGNMENT ="NO" VALUE ="sh $$SCRIPTS/audit_db_update.sh $$SRC_SYS_NM $PMWorkflowName NA $PMSessionName  $PMSQ_SC_CONTRACT_REVENUE_ADJUSTMENT@NumAffectedRows $PMSC_PS_TXN_CONTRACT_REVENUE_ADJ@NumAffectedRows 0 COMPLETED $$ETL_LOAD_USER $$ETL_CYCLE_ID"/>
                <ATTRIBUTE NAME ="Fail task if any command fails" VALUE ="YES"/>
            </SESSIONCOMPONENT>
            <SESSIONCOMPONENT REFOBJECTNAME ="UPDATE_SESSON_CONTROL" REUSABLE ="YES" TYPE ="Post-session failure command">
                <VALUEPAIR EXECORDER ="1" NAME ="Update_session_control" REVERSEASSIGNMENT ="NO" VALUE ="sh $$SCRIPTS/audit_db_update.sh $$SRC_SYS_NM $PMWorkflowName NA $PMSessionName  $PMSQ_SC_CONTRACT_REVENUE_ADJUSTMENT@NumAffectedRows $PMSC_PS_TXN_CONTRACT_REVENUE_ADJ@NumAffectedRows 0 FAILED $$ETL_LOAD_USER $$ETL_CYCLE_ID"/>
                <ATTRIBUTE NAME ="Fail task if any command fails" VALUE ="YES"/>
            </SESSIONCOMPONENT>
            <SESSIONCOMPONENT REFOBJECTNAME ="presession_variable_assignment" REUSABLE ="NO" TYPE ="Pre-session variable assignment">
                <TASK DESCRIPTION ="" NAME ="presession_variable_assignment" REUSABLE ="NO" TYPE ="Command" VERSIONNUMBER ="4">
                    <ATTRIBUTE NAME ="Fail task if any command fails" VALUE ="NO"/>
                    <ATTRIBUTE NAME ="Recovery Strategy" VALUE ="Fail task and continue workflow"/>
                </TASK>
            </SESSIONCOMPONENT>
            <SESSIONCOMPONENT REFOBJECTNAME ="postsession_success_variable_assignment" REUSABLE ="NO" TYPE ="Post-session success variable assignment">
                <TASK DESCRIPTION ="" NAME ="postsession_success_variable_assignment" REUSABLE ="NO" TYPE ="Command" VERSIONNUMBER ="4">
                    <ATTRIBUTE NAME ="Fail task if any command fails" VALUE ="NO"/>
                    <ATTRIBUTE NAME ="Recovery Strategy" VALUE ="Fail task and continue workflow"/>
                </TASK>
            </SESSIONCOMPONENT>
            <SESSIONCOMPONENT REFOBJECTNAME ="postsession_failure_variable_assignment" REUSABLE ="NO" TYPE ="Post-session failure variable assignment">
                <TASK DESCRIPTION ="" NAME ="postsession_failure_variable_assignment" REUSABLE ="NO" TYPE ="Command" VERSIONNUMBER ="4">
                    <ATTRIBUTE NAME ="Fail task if any command fails" VALUE ="NO"/>
                    <ATTRIBUTE NAME ="Recovery Strategy" VALUE ="Fail task and continue workflow"/>
                </TASK>
            </SESSIONCOMPONENT>
            <SESSIONEXTENSION NAME ="Relational Writer" SINSTANCENAME ="SC_PS_TXN_CONTRACT_REVENUE_ADJ" SUBTYPE ="Relational Writer" TRANSFORMATIONTYPE ="Target Definition" TYPE ="WRITER">
                <CONNECTIONREFERENCE CNXREFNAME ="DB Connection" CONNECTIONNAME ="" CONNECTIONNUMBER ="1" CONNECTIONSUBTYPE ="" CONNECTIONTYPE ="Relational" VARIABLE ="$DBConnectionPRESTG"/>
                <ATTRIBUTE NAME ="Target load type" VALUE ="Normal"/>
                <ATTRIBUTE NAME ="Insert" VALUE ="YES"/>
                <ATTRIBUTE NAME ="Update as Update" VALUE ="NO"/>
                <ATTRIBUTE NAME ="Update as Insert" VALUE ="NO"/>
                <ATTRIBUTE NAME ="Update else Insert" VALUE ="NO"/>
                <ATTRIBUTE NAME ="Delete" VALUE ="NO"/>
                <ATTRIBUTE NAME ="Truncate target table option" VALUE ="YES"/>
                <ATTRIBUTE NAME ="Reject file directory" VALUE ="$PMBadFileDir"/>
                <ATTRIBUTE NAME ="Reject filename" VALUE ="sc_ps_txn_contract_revenue_adj.bad"/>
            </SESSIONEXTENSION>
            <SESSIONEXTENSION DSQINSTNAME ="SQ_SC_CONTRACT_REVENUE_ADJUSTMENT" DSQINSTTYPE ="Source Qualifier" NAME ="Relational Reader" SINSTANCENAME ="SC_CONTRACT_REVENUE_ADJUSTMENT" SUBTYPE ="Relational Reader" TRANSFORMATIONTYPE ="Source Definition" TYPE ="READER"/>
            <SESSIONEXTENSION NAME ="Relational Reader" SINSTANCENAME ="SQ_SC_CONTRACT_REVENUE_ADJUSTMENT" SUBTYPE ="Relational Reader" TRANSFORMATIONTYPE ="Source Qualifier" TYPE ="READER">
                <CONNECTIONREFERENCE CNXREFNAME ="DB Connection" CONNECTIONNAME ="" CONNECTIONNUMBER ="1" CONNECTIONSUBTYPE ="" CONNECTIONTYPE ="Relational" VARIABLE ="$DBConnectionSTD"/>
            </SESSIONEXTENSION>
            <ATTRIBUTE NAME ="General Options" VALUE =""/>
            <ATTRIBUTE NAME ="Write Backward Compatible Session Log File" VALUE ="YES"/>
            <ATTRIBUTE NAME ="Session Log File Name" VALUE ="s_m_STD_TO_PS_TXN_CONTRACT_REVENUE_ADJ_LOAD.log"/>
            <ATTRIBUTE NAME ="Session Log File directory" VALUE ="$PMSessionLogDir&#x5c;"/>
            <ATTRIBUTE NAME ="Parameter Filename" VALUE ="$PMRootDir/$PMFolderName/params/RAE_REVREC_STAGING.txt"/>
            <ATTRIBUTE NAME ="Enable Test Load" VALUE ="NO"/>
            <ATTRIBUTE NAME ="$Source connection value" VALUE ="$DBConnectionSTD"/>
            <ATTRIBUTE NAME ="$Target connection value" VALUE ="$DBConnectionPRESTG"/>
            <ATTRIBUTE NAME ="Treat source rows as" VALUE ="Insert"/>
            <ATTRIBUTE NAME ="Commit Type" VALUE ="Target"/>
            <ATTRIBUTE NAME ="Commit Interval" VALUE ="10000"/>
            <ATTRIBUTE NAME ="Commit On End Of File" VALUE ="YES"/>
            <ATTRIBUTE NAME ="Rollback Transactions on Errors" VALUE ="NO"/>
            <ATTRIBUTE NAME ="Recovery Strategy" VALUE ="Fail task and continue workflow"/>
            <ATTRIBUTE NAME ="Java Classpath" VALUE =""/>
            <ATTRIBUTE NAME ="Performance" VALUE =""/>
            <ATTRIBUTE NAME ="DTM buffer size" VALUE ="Auto"/>
            <ATTRIBUTE NAME ="Collect performance data" VALUE ="NO"/>
            <ATTRIBUTE NAME ="Write performance data to repository" VALUE ="NO"/>
            <ATTRIBUTE NAME ="Incremental Aggregation" VALUE ="NO"/>
            <ATTRIBUTE NAME ="Enable high precision" VALUE ="NO"/>
            <ATTRIBUTE NAME ="Session retry on deadlock" VALUE ="NO"/>
            <ATTRIBUTE NAME ="Pushdown Optimization" VALUE ="Full"/>
            <ATTRIBUTE NAME ="Allow Temporary View for Pushdown" VALUE ="NO"/>
            <ATTRIBUTE NAME ="Allow Temporary Sequence for Pushdown" VALUE ="NO"/>
            <ATTRIBUTE NAME ="Allow Pushdown for User Incompatible Connections" VALUE ="NO"/>
        </SESSION>
        <TASKINSTANCE DESCRIPTION ="This session is used to load the Contract Revenue Adjustment data from Standardization layer to Pre-Stage layer." FAIL_PARENT_IF_INSTANCE_DID_NOT_RUN ="NO" FAIL_PARENT_IF_INSTANCE_FAILS ="YES" ISENABLED ="YES" NAME ="s_m_STD_TO_PS_TXN_CONTRACT_REVENUE_ADJ_LOAD" REUSABLE ="NO" TASKNAME ="s_m_STD_TO_PS_TXN_CONTRACT_REVENUE_ADJ_LOAD" TASKTYPE ="Session" TREAT_INPUTLINK_AS_AND ="YES"/>
        <TASKINSTANCE DESCRIPTION ="" ISENABLED ="YES" NAME ="Start" REUSABLE ="NO" TASKNAME ="Start" TASKTYPE ="Start"/>
        <WORKFLOWLINK CONDITION ="" FROMTASK ="Start" TOTASK ="s_m_STD_TO_PS_TXN_CONTRACT_REVENUE_ADJ_LOAD"/>
        <WORKFLOWVARIABLE DATATYPE ="date/time" DEFAULTVALUE ="" DESCRIPTION ="The time this task started" ISNULL ="NO" ISPERSISTENT ="NO" NAME ="$s_m_STD_TO_PS_TXN_CONTRACT_REVENUE_ADJ_LOAD.StartTime" USERDEFINED ="NO"/>
        <WORKFLOWVARIABLE DATATYPE ="date/time" DEFAULTVALUE ="" DESCRIPTION ="The time this task completed" ISNULL ="NO" ISPERSISTENT ="NO" NAME ="$s_m_STD_TO_PS_TXN_CONTRACT_REVENUE_ADJ_LOAD.EndTime" USERDEFINED ="NO"/>
        <WORKFLOWVARIABLE DATATYPE ="integer" DEFAULTVALUE ="" DESCRIPTION ="Status of this task&apos;s execution" ISNULL ="NO" ISPERSISTENT ="NO" NAME ="$s_m_STD_TO_PS_TXN_CONTRACT_REVENUE_ADJ_LOAD.Status" USERDEFINED ="NO"/>
        <WORKFLOWVARIABLE DATATYPE ="integer" DEFAULTVALUE ="" DESCRIPTION ="Status of the previous task that is not disabled" ISNULL ="NO" ISPERSISTENT ="NO" NAME ="$s_m_STD_TO_PS_TXN_CONTRACT_REVENUE_ADJ_LOAD.PrevTaskStatus" USERDEFINED ="NO"/>
        <WORKFLOWVARIABLE DATATYPE ="integer" DEFAULTVALUE ="" DESCRIPTION ="Error code for this task&apos;s execution" ISNULL ="NO" ISPERSISTENT ="NO" NAME ="$s_m_STD_TO_PS_TXN_CONTRACT_REVENUE_ADJ_LOAD.ErrorCode" USERDEFINED ="NO"/>
        <WORKFLOWVARIABLE DATATYPE ="string" DEFAULTVALUE ="" DESCRIPTION ="Error message for this task&apos;s execution" ISNULL ="NO" ISPERSISTENT ="NO" NAME ="$s_m_STD_TO_PS_TXN_CONTRACT_REVENUE_ADJ_LOAD.ErrorMsg" USERDEFINED ="NO"/>
        <WORKFLOWVARIABLE DATATYPE ="integer" DEFAULTVALUE ="" DESCRIPTION ="Rows successfully read" ISNULL ="NO" ISPERSISTENT ="NO" NAME ="$s_m_STD_TO_PS_TXN_CONTRACT_REVENUE_ADJ_LOAD.SrcSuccessRows" USERDEFINED ="NO"/>
        <WORKFLOWVARIABLE DATATYPE ="integer" DEFAULTVALUE ="" DESCRIPTION ="Rows failed to read" ISNULL ="NO" ISPERSISTENT ="NO" NAME ="$s_m_STD_TO_PS_TXN_CONTRACT_REVENUE_ADJ_LOAD.SrcFailedRows" USERDEFINED ="NO"/>
        <WORKFLOWVARIABLE DATATYPE ="integer" DEFAULTVALUE ="" DESCRIPTION ="Rows successfully loaded" ISNULL ="NO" ISPERSISTENT ="NO" NAME ="$s_m_STD_TO_PS_TXN_CONTRACT_REVENUE_ADJ_LOAD.TgtSuccessRows" USERDEFINED ="NO"/>
        <WORKFLOWVARIABLE DATATYPE ="integer" DEFAULTVALUE ="" DESCRIPTION ="Rows failed to load" ISNULL ="NO" ISPERSISTENT ="NO" NAME ="$s_m_STD_TO_PS_TXN_CONTRACT_REVENUE_ADJ_LOAD.TgtFailedRows" USERDEFINED ="NO"/>
        <WORKFLOWVARIABLE DATATYPE ="integer" DEFAULTVALUE ="" DESCRIPTION ="Total number of transformation errors" ISNULL ="NO" ISPERSISTENT ="NO" NAME ="$s_m_STD_TO_PS_TXN_CONTRACT_REVENUE_ADJ_LOAD.TotalTransErrors" USERDEFINED ="NO"/>
        <WORKFLOWVARIABLE DATATYPE ="integer" DEFAULTVALUE ="" DESCRIPTION ="First error code" ISNULL ="NO" ISPERSISTENT ="NO" NAME ="$s_m_STD_TO_PS_TXN_CONTRACT_REVENUE_ADJ_LOAD.FirstErrorCode" USERDEFINED ="NO"/>
        <WORKFLOWVARIABLE DATATYPE ="string" DEFAULTVALUE ="" DESCRIPTION ="First error message" ISNULL ="NO" ISPERSISTENT ="NO" NAME ="$s_m_STD_TO_PS_TXN_CONTRACT_REVENUE_ADJ_LOAD.FirstErrorMsg" USERDEFINED ="NO"/>
        <WORKFLOWVARIABLE DATATYPE ="date/time" DEFAULTVALUE ="" DESCRIPTION ="The time this task started" ISNULL ="NO" ISPERSISTENT ="NO" NAME ="$Start.StartTime" USERDEFINED ="NO"/>
        <WORKFLOWVARIABLE DATATYPE ="date/time" DEFAULTVALUE ="" DESCRIPTION ="The time this task completed" ISNULL ="NO" ISPERSISTENT ="NO" NAME ="$Start.EndTime" USERDEFINED ="NO"/>
        <WORKFLOWVARIABLE DATATYPE ="integer" DEFAULTVALUE ="" DESCRIPTION ="Status of this task&apos;s execution" ISNULL ="NO" ISPERSISTENT ="NO" NAME ="$Start.Status" USERDEFINED ="NO"/>
        <WORKFLOWVARIABLE DATATYPE ="integer" DEFAULTVALUE ="" DESCRIPTION ="Status of the previous task that is not disabled" ISNULL ="NO" ISPERSISTENT ="NO" NAME ="$Start.PrevTaskStatus" USERDEFINED ="NO"/>
        <WORKFLOWVARIABLE DATATYPE ="integer" DEFAULTVALUE ="" DESCRIPTION ="Error code for this task&apos;s execution" ISNULL ="NO" ISPERSISTENT ="NO" NAME ="$Start.ErrorCode" USERDEFINED ="NO"/>
        <WORKFLOWVARIABLE DATATYPE ="string" DEFAULTVALUE ="" DESCRIPTION ="Error message for this task&apos;s execution" ISNULL ="NO" ISPERSISTENT ="NO" NAME ="$Start.ErrorMsg" USERDEFINED ="NO"/>
        <WORKFLOWVARIABLE DATATYPE ="nstring" DEFAULTVALUE ="" DESCRIPTION ="Current ETL Cycle User" ISNULL ="NO" ISPERSISTENT ="NO" NAME ="$$ETL_LOAD_USER" USERDEFINED ="YES"/>
        <WORKFLOWVARIABLE DATATYPE ="nstring" DEFAULTVALUE ="" DESCRIPTION ="Workflow Log Path" ISNULL ="NO" ISPERSISTENT ="NO" NAME ="$$PMWorkFlowLogFile" USERDEFINED ="YES"/>
        <WORKFLOWVARIABLE DATATYPE ="nstring" DEFAULTVALUE ="" DESCRIPTION ="Shell Script Path" ISNULL ="NO" ISPERSISTENT ="NO" NAME ="$$SCRIPTS" USERDEFINED ="YES"/>
        <WORKFLOWVARIABLE DATATYPE ="integer" DEFAULTVALUE ="" DESCRIPTION ="Current ETL Cycle ID" ISNULL ="NO" ISPERSISTENT ="NO" NAME ="$$ETL_CYCLE_ID" USERDEFINED ="YES"/>
        <WORKFLOWVARIABLE DATATYPE ="nstring" DEFAULTVALUE ="" DESCRIPTION ="Source System Name" ISNULL ="NO" ISPERSISTENT ="NO" NAME ="$$SRC_SYS_NM" USERDEFINED ="YES"/>
        <ATTRIBUTE NAME ="Parameter Filename" VALUE =""/>
        <ATTRIBUTE NAME ="Write Backward Compatible Workflow Log File" VALUE ="YES"/>
        <ATTRIBUTE NAME ="Workflow Log File Name" VALUE ="wf_s_m_STD_TO_PS_TXN_CONTRACT_REVENUE_ADJ_LOAD.log"/>
        <ATTRIBUTE NAME ="Workflow Log File Directory" VALUE ="$PMWorkflowLogDir&#x5c;"/>
        <ATTRIBUTE NAME ="Save Workflow log by" VALUE ="By timestamp"/>
        <ATTRIBUTE NAME ="Save workflow log for these runs" VALUE ="1"/>
        <ATTRIBUTE NAME ="Service Name" VALUE =""/>
        <ATTRIBUTE NAME ="Service Timeout" VALUE ="0"/>
        <ATTRIBUTE NAME ="Is Service Visible" VALUE ="NO"/>
        <ATTRIBUTE NAME ="Is Service Protected" VALUE ="NO"/>
        <ATTRIBUTE NAME ="Fail task after wait time" VALUE ="0"/>
        <ATTRIBUTE NAME ="Enable HA recovery" VALUE ="NO"/>
        <ATTRIBUTE NAME ="Automatically recover terminated tasks" VALUE ="NO"/>
        <ATTRIBUTE NAME ="Service Level Name" VALUE ="Default"/>
        <ATTRIBUTE NAME ="Allow concurrent run with unique run instance name" VALUE ="NO"/>
        <ATTRIBUTE NAME ="Allow concurrent run with same run instance name" VALUE ="NO"/>
        <ATTRIBUTE NAME ="Maximum number of concurrent runs" VALUE ="0"/>
        <ATTRIBUTE NAME ="Assigned Web Services Hubs" VALUE =""/>
        <ATTRIBUTE NAME ="Maximum number of concurrent runs per Hub" VALUE ="1000"/>
        <ATTRIBUTE NAME ="Expected Service Time" VALUE ="1"/>
    </WORKFLOW>
</FOLDER>
</REPOSITORY>
</POWERMART>