0,1,2,3,4
RTR_SPLIT_LIABILITY,Router,INPUT,,BTC_REF_NO
RTR_SPLIT_LIABILITY,Router,INPUT,,MGT_DIV_NO
RTR_SPLIT_LIABILITY,Router,INPUT,,SYS_SRC_CD
RTR_SPLIT_LIABILITY,Router,INPUT,,KAS_PRJ_CD
RTR_SPLIT_LIABILITY,Router,INPUT,,KAS_DIV_NO
RTR_SPLIT_LIABILITY,Router,INPUT,,ACC_NO
RTR_SPLIT_LIABILITY,Router,INPUT,,DESC
RTR_SPLIT_LIABILITY,Router,INPUT,,IDN_NO
RTR_SPLIT_LIABILITY,Router,INPUT,,JRL_ENT_NO
RTR_SPLIT_LIABILITY,Router,INPUT,,VENDOR_NAME
RTR_SPLIT_LIABILITY,Router,INPUT,,OWNER
RTR_SPLIT_LIABILITY,Router,INPUT,,YEAR_PERIOD
RTR_SPLIT_LIABILITY,Router,INPUT,,STORE_NO
RTR_SPLIT_LIABILITY,Router,INPUT,,INV_NO
RTR_SPLIT_LIABILITY,Router,INPUT,,FISCAL_WEEK
RTR_SPLIT_LIABILITY,Router,INPUT,,PO_NUM
RTR_SPLIT_LIABILITY,Router,INPUT,,CA_NO
RTR_SPLIT_LIABILITY,Router,INPUT,,DOLLAR_AMT
RTR_SPLIT_LIABILITY,Router,INPUT,,DEPT_LOCATION
RTR_SPLIT_LIABILITY,Router,INPUT,,SUB_CLASS
RTR_SPLIT_LIABILITY,Router,INPUT,,RECEIVER_NUMBER
RTR_SPLIT_LIABILITY,Router,INPUT,,UNIQUE_NUMBER
RTR_SPLIT_LIABILITY,Router,INPUT,,FILLER
RTR_SPLIT_LIABILITY,Router,INPUT,,INVOICE_ID
RTR_SPLIT_LIABILITY,Router,INPUT,,agg_ORACLE_ACCOUNT_CNT
RTR_SPLIT_LIABILITY,Router,INPUT,,agg_DLT_LOC_CNT
RTR_SPLIT_LIABILITY,Router,INPUT,,agg_BATCH_ERROR_FLAG
RTR_SPLIT_LIABILITY,Router,INPUT,,agg_ERROR_CNT
RTR_SPLIT_LIABILITY,Router,INPUT,,agg_PROCESSED_CNT
RTR_SPLIT_LIABILITY,Router,INPUT,,agg_CCN_CNT
RTR_SPLIT_LIABILITY,Router,INPUT,,STO_NO
RTR_SPLIT_LIABILITY,Router,INPUT,,BIL_DIV_NO
RTR_SPLIT_LIABILITY,Router,INPUT,,GROUP_ID
RTR_SPLIT_LIABILITY,Router,INPUT,,TYPE2_ACC_NO
RTR_SPLIT_LIABILITY,Router,INPUT,,OPERATING_UNIT
RTR_SPLIT_LIABILITY,Router,INPUT,,SOURCE
RTR_SPLIT_LIABILITY,Router,INPUT,,INVOICE_NUM
RTR_SPLIT_LIABILITY,Router,INPUT,,INVOICE_AMOUNT
RTR_SPLIT_LIABILITY,Router,INPUT,,INVOICE_DATE
RTR_SPLIT_LIABILITY,Router,INPUT,,VENDOR_NAME
RTR_SPLIT_LIABILITY,Router,INPUT,,VENDOR_NUM
RTR_SPLIT_LIABILITY,Router,INPUT,,VENDOR_SITE_CODE
RTR_SPLIT_LIABILITY,Router,INPUT,,INVOICE_CURRENCY_CODE
RTR_SPLIT_LIABILITY,Router,INPUT,,PAYMENT_CURRENCY_CODE
RTR_SPLIT_LIABILITY,Router,INPUT,,DESCRIPTION
RTR_SPLIT_LIABILITY,Router,INPUT,,INVOICE_TYPE_LOOKUP_CODE
RTR_SPLIT_LIABILITY,Router,INPUT,,LEGAL_ENTITY_NAME
RTR_SPLIT_LIABILITY,Router,INPUT,,TERMS_NAME
RTR_SPLIT_LIABILITY,Router,INPUT,,TERMS_DATE
RTR_SPLIT_LIABILITY,Router,INPUT,,ACCOUNTING_DATE
RTR_SPLIT_LIABILITY,Router,INPUT,,PAYMENT_METHOD_CODE
RTR_SPLIT_LIABILITY,Router,INPUT,,REMIT_TO_SUPPLIER_NAME
RTR_SPLIT_LIABILITY,Router,INPUT,,REMIT_TO_SUPPLIER_NUM
RTR_SPLIT_LIABILITY,Router,INPUT,,REMIT_TO_ADDRESS_NAME
RTR_SPLIT_LIABILITY,Router,INPUT,,ATTRIBUTE_CATEGORY
RTR_SPLIT_LIABILITY,Router,INPUT,,ATTRIBUTE1
RTR_SPLIT_LIABILITY,Router,INPUT,,ATTRIBUTE2
RTR_SPLIT_LIABILITY,Router,INPUT,,ATTRIBUTE3
RTR_SPLIT_LIABILITY,Router,INPUT,,ATTRIBUTE4
RTR_SPLIT_LIABILITY,Router,INPUT,,ATTRIBUTE5
RTR_SPLIT_LIABILITY,Router,INPUT,,ATTRIBUTE6
RTR_SPLIT_LIABILITY,Router,INPUT,,ATTRIBUTE7
RTR_SPLIT_LIABILITY,Router,INPUT,,ATTRIBUTE8
RTR_SPLIT_LIABILITY,Router,INPUT,,ATTRIBUTE9
RTR_SPLIT_LIABILITY,Router,INPUT,,ATTRIBUTE10
RTR_SPLIT_LIABILITY,Router,INPUT,,ATTRIBUTE111
RTR_SPLIT_LIABILITY,Router,INPUT,,ATTRIBUTE121
RTR_SPLIT_LIABILITY,Router,INPUT,,ATTRIBUTE131
RTR_SPLIT_LIABILITY,Router,INPUT,,ATTRIBUTE141
RTR_SPLIT_LIABILITY,Router,INPUT,,ATTRIBUTE15
RTR_SPLIT_LIABILITY,Router,INPUT,,ATTRIBUTE_NUMBER1
RTR_SPLIT_LIABILITY,Router,INPUT,,ATTRIBUTE_NUMBER2
RTR_SPLIT_LIABILITY,Router,INPUT,,ATTRIBUTE_NUMBER3
RTR_SPLIT_LIABILITY,Router,INPUT,,LINE_TYPE_LOOKUP_CODE
RTR_SPLIT_LIABILITY,Router,INPUT,,TYPE2_KAS_PRJ_CD
RTR_SPLIT_LIABILITY,Router,INPUT,,TYPE2_KAS_DIV_NO
RTR_SPLIT_LIABILITY,Router,INPUT,,TYPE2_DESC
RTR_SPLIT_LIABILITY,Router,INPUT,,TYPE2_IDN_NO
RTR_SPLIT_LIABILITY,Router,INPUT,,TYPE2_INV_NO
RTR_SPLIT_LIABILITY,Router,INPUT,,TYPE2_JRL_ENT_NO
RTR_SPLIT_LIABILITY,Router,INPUT,,TYPE2_VENDOR_NAME
RTR_SPLIT_LIABILITY,Router,INPUT,,TYPE2_OWNER
RTR_SPLIT_LIABILITY,Router,INPUT,,TYPE2_YEAR_PERIOD
RTR_SPLIT_LIABILITY,Router,INPUT,,TYPE2_STORE_NO
RTR_SPLIT_LIABILITY,Router,INPUT,,TYPE2_FISCAL_WEEK
RTR_SPLIT_LIABILITY,Router,INPUT,,TYPE2_PO_NUM
RTR_SPLIT_LIABILITY,Router,INPUT,,TYPE2_CA_NO
RTR_SPLIT_LIABILITY,Router,INPUT,,TYPE2_DOLLAR_AMT
RTR_SPLIT_LIABILITY,Router,INPUT,,TYPE2_DEPT_LOCATION
RTR_SPLIT_LIABILITY,Router,INPUT,,TYPE2_SUB_CLASS
RTR_SPLIT_LIABILITY,Router,INPUT,,TYPE2_RECEIVER_NUMBER
RTR_SPLIT_LIABILITY,Router,INPUT,,ORACLE_COA_CODE_CONCATENATED
RTR_SPLIT_LIABILITY,Router,INPUT,,o_BILL_DIV_ERROR
RTR_SPLIT_LIABILITY,Router,INPUT,,o_ORACLE_ACC_ERROR_FLAG
RTR_SPLIT_LIABILITY,Router,INPUT,,o_DLT_LOC_ERROR_FLAG
RTR_SPLIT_LIABILITY,Router,INPUT,,MANUFACTURING_v1
RTR_SPLIT_LIABILITY,Router,INPUT,,SEGMENT_11
RTR_SPLIT_LIABILITY,Router,INPUT,,SEGMENT_21
RTR_SPLIT_LIABILITY,Router,INPUT,,SEGMENT_31
RTR_SPLIT_LIABILITY,Router,INPUT,,SEGMENT_41
RTR_SPLIT_LIABILITY,Router,INPUT,,SEGMENT_51
RTR_SPLIT_LIABILITY,Router,INPUT,,SEGMENT_61
RTR_SPLIT_LIABILITY,Router,INPUT,,SEGMENT_71
RTR_SPLIT_LIABILITY,Router,INPUT,,SEGMENT_81
RTR_SPLIT_LIABILITY,Router,INPUT,,SEGMENT_91
RTR_SPLIT_LIABILITY,Router,INPUT,,lkp_PYMTTERMS_POV_TX
RTR_SPLIT_LIABILITY,Router,INPUT,,lkp_PYMTTERMS_BDIV_TX
RTR_SPLIT_LIABILITY,Router,INPUT,,o_CCN_ERROR_FLAG
RTR_SPLIT_LIABILITY,Router,INPUT,,o_MGT_DIV_ERROR_FLAG
RTR_SPLIT_LIABILITY,Router,INPUT,,SRC_DIVISION_SEGMENT_HEADER4
RTR_SPLIT_LIABILITY,Router,INPUT,,SRC_ACCOUNT_SEGMENT_HEADER4
RTR_SPLIT_LIABILITY,Router,INPUT,,SRC_LOCATION_SEGMENT_HEADER4
RTR_SPLIT_LIABILITY,Router,INPUT,,o_SEGMENT_1_HEADER4
RTR_SPLIT_LIABILITY,Router,INPUT,,o_SEGMENT_2_HEADER4
RTR_SPLIT_LIABILITY,Router,INPUT,,o_SEGMENT_3_HEADER4
RTR_SPLIT_LIABILITY,Router,INPUT,,o_SEGMENT_4_HEADER4
RTR_SPLIT_LIABILITY,Router,INPUT,,o_SEGMENT_5_HEADER4
RTR_SPLIT_LIABILITY,Router,INPUT,,o_SEGMENT_6_HEADER4
RTR_SPLIT_LIABILITY,Router,INPUT,,o_ACC_ERR_FLG_HEADER4
RTR_SPLIT_LIABILITY,Router,INPUT,,o_LOC_ERR_FLG_HEADER4
RTR_SPLIT_LIABILITY,Router,INPUT,,o_DIV_ERROR_HEADER4
RTR_SPLIT_LIABILITY,Router,INPUT,,STAGE_ID
RTR_SPLIT_LIABILITY,Router,INPUT,,BATCH_CONTROL_ID1
RTR_SPLIT_LIABILITY,Router,INPUT,,FEED_ID
RTR_SPLIT_LIABILITY,Router,INPUT,,JSON_OUTPUT_OUTPUT_JSON
RTR_SPLIT_LIABILITY,Router,INPUT,,PAYMENT_TERMS_POV_CD_OUTPUT_JSON
RTR_SPLIT_LIABILITY,Router,INPUT,,PAYMENT_TERMS_BDIV_CD_OUTPUT_JSON
RTR_SPLIT_LIABILITY,Router,INPUT,,K_NO_OUTPUT_JSON
RTR_SPLIT_LIABILITY,Router,INPUT,,CASH_CONTROL_NO_OUTPUT_JSON
RTR_SPLIT_LIABILITY,Router,INPUT,,CCN_ERR_FLG_HEADER_OUTPUT_JSON
RTR_LIAB_EXP,Router,INPUT,,BTC_REF_NO
RTR_LIAB_EXP,Router,INPUT,,MGT_DIV_NO
RTR_LIAB_EXP,Router,INPUT,,SYS_SRC_CD
RTR_LIAB_EXP,Router,INPUT,,KAS_PRJ_CD
RTR_LIAB_EXP,Router,INPUT,,KAS_DIV_NO
RTR_LIAB_EXP,Router,INPUT,,ACC_NO
RTR_LIAB_EXP,Router,INPUT,,DESC
RTR_LIAB_EXP,Router,INPUT,,IDN_NO
RTR_LIAB_EXP,Router,INPUT,,JRL_ENT_NO
RTR_LIAB_EXP,Router,INPUT,,VENDOR_NAME
RTR_LIAB_EXP,Router,INPUT,,OWNER
RTR_LIAB_EXP,Router,INPUT,,YEAR_PERIOD
RTR_LIAB_EXP,Router,INPUT,,STORE_NO
RTR_LIAB_EXP,Router,INPUT,,INV_NO
RTR_LIAB_EXP,Router,INPUT,,FISCAL_WEEK
RTR_LIAB_EXP,Router,INPUT,,PO_NUM
RTR_LIAB_EXP,Router,INPUT,,CA_NO
RTR_LIAB_EXP,Router,INPUT,,DOLLAR_AMT
RTR_LIAB_EXP,Router,INPUT,,DEPT_LOCATION
RTR_LIAB_EXP,Router,INPUT,,SUB_CLASS
RTR_LIAB_EXP,Router,INPUT,,RECEIVER_NUMBER
RTR_LIAB_EXP,Router,INPUT,,UNIQUE_NUMBER
RTR_LIAB_EXP,Router,INPUT,,FILLER
RTR_LIAB_EXP,Router,INPUT,,INVOICE_ID
RTR_LIAB_EXP,Router,INPUT,,agg_ORACLE_ACCOUNT_CNT
RTR_LIAB_EXP,Router,INPUT,,agg_DLT_LOC_CNT
RTR_LIAB_EXP,Router,INPUT,,agg_BATCH_ERROR_FLAG
RTR_LIAB_EXP,Router,INPUT,,agg_ERROR_CNT
RTR_LIAB_EXP,Router,INPUT,,agg_PROCESSED_CNT
RTR_LIAB_EXP,Router,INPUT,,agg_CCN_CNT
RTR_LIAB_EXP,Router,INPUT,,STO_NO
RTR_LIAB_EXP,Router,INPUT,,BIL_DIV_NO
RTR_LIAB_EXP,Router,INPUT,,GROUP_ID
RTR_LIAB_EXP,Router,INPUT,,TYPE2_ACC_NO
RTR_LIAB_EXP,Router,INPUT,,OPERATING_UNIT
RTR_LIAB_EXP,Router,INPUT,,SOURCE
RTR_LIAB_EXP,Router,INPUT,,INVOICE_NUM
RTR_LIAB_EXP,Router,INPUT,,INVOICE_AMOUNT
RTR_LIAB_EXP,Router,INPUT,,INVOICE_DATE
RTR_LIAB_EXP,Router,INPUT,,VENDOR_NAME
RTR_LIAB_EXP,Router,INPUT,,VENDOR_NUM
RTR_LIAB_EXP,Router,INPUT,,VENDOR_SITE_CODE
RTR_LIAB_EXP,Router,INPUT,,INVOICE_CURRENCY_CODE
RTR_LIAB_EXP,Router,INPUT,,PAYMENT_CURRENCY_CODE
RTR_LIAB_EXP,Router,INPUT,,DESCRIPTION
RTR_LIAB_EXP,Router,INPUT,,INVOICE_TYPE_LOOKUP_CODE
RTR_LIAB_EXP,Router,INPUT,,LEGAL_ENTITY_NAME
RTR_LIAB_EXP,Router,INPUT,,TERMS_NAME
RTR_LIAB_EXP,Router,INPUT,,TERMS_DATE
RTR_LIAB_EXP,Router,INPUT,,ACCOUNTING_DATE
RTR_LIAB_EXP,Router,INPUT,,PAYMENT_METHOD_CODE
RTR_LIAB_EXP,Router,INPUT,,REMIT_TO_SUPPLIER_NAME
RTR_LIAB_EXP,Router,INPUT,,REMIT_TO_SUPPLIER_NUM
RTR_LIAB_EXP,Router,INPUT,,REMIT_TO_ADDRESS_NAME
RTR_LIAB_EXP,Router,INPUT,,ATTRIBUTE_CATEGORY
RTR_LIAB_EXP,Router,INPUT,,ATTRIBUTE1
RTR_LIAB_EXP,Router,INPUT,,ATTRIBUTE2
RTR_LIAB_EXP,Router,INPUT,,ATTRIBUTE3
RTR_LIAB_EXP,Router,INPUT,,ATTRIBUTE4
RTR_LIAB_EXP,Router,INPUT,,ATTRIBUTE5
RTR_LIAB_EXP,Router,INPUT,,ATTRIBUTE6
RTR_LIAB_EXP,Router,INPUT,,ATTRIBUTE7
RTR_LIAB_EXP,Router,INPUT,,ATTRIBUTE8
RTR_LIAB_EXP,Router,INPUT,,ATTRIBUTE9
RTR_LIAB_EXP,Router,INPUT,,ATTRIBUTE10
RTR_LIAB_EXP,Router,INPUT,,ATTRIBUTE111
RTR_LIAB_EXP,Router,INPUT,,ATTRIBUTE121
RTR_LIAB_EXP,Router,INPUT,,ATTRIBUTE131
RTR_LIAB_EXP,Router,INPUT,,ATTRIBUTE141
RTR_LIAB_EXP,Router,INPUT,,ATTRIBUTE15
RTR_LIAB_EXP,Router,INPUT,,ATTRIBUTE_NUMBER1
RTR_LIAB_EXP,Router,INPUT,,ATTRIBUTE_NUMBER2
RTR_LIAB_EXP,Router,INPUT,,ATTRIBUTE_NUMBER3
RTR_LIAB_EXP,Router,INPUT,,LINE_TYPE_LOOKUP_CODE
RTR_LIAB_EXP,Router,INPUT,,TYPE2_KAS_PRJ_CD
RTR_LIAB_EXP,Router,INPUT,,TYPE2_KAS_DIV_NO
RTR_LIAB_EXP,Router,INPUT,,TYPE2_DESC
RTR_LIAB_EXP,Router,INPUT,,TYPE2_IDN_NO
RTR_LIAB_EXP,Router,INPUT,,TYPE2_INV_NO
RTR_LIAB_EXP,Router,INPUT,,TYPE2_JRL_ENT_NO
RTR_LIAB_EXP,Router,INPUT,,TYPE2_VENDOR_NAME
RTR_LIAB_EXP,Router,INPUT,,TYPE2_OWNER
RTR_LIAB_EXP,Router,INPUT,,TYPE2_YEAR_PERIOD
RTR_LIAB_EXP,Router,INPUT,,TYPE2_STORE_NO
RTR_LIAB_EXP,Router,INPUT,,TYPE2_FISCAL_WEEK
RTR_LIAB_EXP,Router,INPUT,,TYPE2_PO_NUM
RTR_LIAB_EXP,Router,INPUT,,TYPE2_CA_NO
RTR_LIAB_EXP,Router,INPUT,,TYPE2_DOLLAR_AMT
RTR_LIAB_EXP,Router,INPUT,,TYPE2_DEPT_LOCATION
RTR_LIAB_EXP,Router,INPUT,,TYPE2_SUB_CLASS
RTR_LIAB_EXP,Router,INPUT,,TYPE2_RECEIVER_NUMBER
RTR_LIAB_EXP,Router,INPUT,,ORACLE_COA_CODE_CONCATENATED
RTR_LIAB_EXP,Router,INPUT,,o_BILL_DIV_ERROR
RTR_LIAB_EXP,Router,INPUT,,o_ORACLE_ACC_ERROR_FLAG
RTR_LIAB_EXP,Router,INPUT,,o_DLT_LOC_ERROR_FLAG
RTR_LIAB_EXP,Router,INPUT,,MANUFACTURING_v1
RTR_LIAB_EXP,Router,INPUT,,SEGMENT_11
RTR_LIAB_EXP,Router,INPUT,,SEGMENT_21
RTR_LIAB_EXP,Router,INPUT,,SEGMENT_31
RTR_LIAB_EXP,Router,INPUT,,SEGMENT_41
RTR_LIAB_EXP,Router,INPUT,,SEGMENT_51
RTR_LIAB_EXP,Router,INPUT,,SEGMENT_61
RTR_LIAB_EXP,Router,INPUT,,SEGMENT_71
RTR_LIAB_EXP,Router,INPUT,,SEGMENT_81
RTR_LIAB_EXP,Router,INPUT,,SEGMENT_91
RTR_LIAB_EXP,Router,INPUT,,lkp_PYMTTERMS_POV_TX
RTR_LIAB_EXP,Router,INPUT,,lkp_PYMTTERMS_BDIV_TX
RTR_LIAB_EXP,Router,INPUT,,o_CCN_ERROR_FLAG
RTR_LIAB_EXP,Router,INPUT,,o_MGT_DIV_ERROR_FLAG
RTR_LIAB_EXP,Router,INPUT,,SRC_DIVISION_SEGMENT_HEADER4
RTR_LIAB_EXP,Router,INPUT,,SRC_ACCOUNT_SEGMENT_HEADER4
RTR_LIAB_EXP,Router,INPUT,,SRC_LOCATION_SEGMENT_HEADER4
RTR_LIAB_EXP,Router,INPUT,,o_SEGMENT_1_HEADER4
RTR_LIAB_EXP,Router,INPUT,,o_SEGMENT_2_HEADER4
RTR_LIAB_EXP,Router,INPUT,,o_SEGMENT_3_HEADER4
RTR_LIAB_EXP,Router,INPUT,,o_SEGMENT_4_HEADER4
RTR_LIAB_EXP,Router,INPUT,,o_SEGMENT_5_HEADER4
RTR_LIAB_EXP,Router,INPUT,,o_SEGMENT_6_HEADER4
RTR_LIAB_EXP,Router,INPUT,,o_ACC_ERR_FLG_HEADER4
RTR_LIAB_EXP,Router,INPUT,,o_LOC_ERR_FLG_HEADER4
RTR_LIAB_EXP,Router,INPUT,,o_DIV_ERROR_HEADER4
RTR_LIAB_EXP,Router,INPUT,,STAGE_ID
RTR_LIAB_EXP,Router,INPUT,,BATCH_CONTROL_ID1
RTR_LIAB_EXP,Router,INPUT,,FEED_ID
RTR_LIAB_EXP,Router,INPUT,,JSON_OUTPUT_OUTPUT_JSON
RTR_LIAB_EXP,Router,INPUT,,PAYMENT_TERMS_POV_CD_OUTPUT_JSON
RTR_LIAB_EXP,Router,INPUT,,PAYMENT_TERMS_BDIV_CD_OUTPUT_JSON
RTR_LIAB_EXP,Router,INPUT,,K_NO_OUTPUT_JSON
RTR_LIAB_EXP,Router,INPUT,,CASH_CONTROL_NO_OUTPUT_JSON
RTR_LIAB_EXP,Router,INPUT,,CCN_ERR_FLG_HEADER_OUTPUT_JSON
RTR_IDENTIFY_ACCOUNT_LOCATION_ERRORS1,Router,INPUT,,BTC_REF_NO
RTR_IDENTIFY_ACCOUNT_LOCATION_ERRORS1,Router,INPUT,,MGT_DIV_NO
RTR_IDENTIFY_ACCOUNT_LOCATION_ERRORS1,Router,INPUT,,SYS_SRC_CD
RTR_IDENTIFY_ACCOUNT_LOCATION_ERRORS1,Router,INPUT,,KAS_PRJ_CD
RTR_IDENTIFY_ACCOUNT_LOCATION_ERRORS1,Router,INPUT,,KAS_DIV_NO
RTR_IDENTIFY_ACCOUNT_LOCATION_ERRORS1,Router,INPUT,,ACC_NO
RTR_IDENTIFY_ACCOUNT_LOCATION_ERRORS1,Router,INPUT,,DESC
RTR_IDENTIFY_ACCOUNT_LOCATION_ERRORS1,Router,INPUT,,IDN_NO
RTR_IDENTIFY_ACCOUNT_LOCATION_ERRORS1,Router,INPUT,,JRL_ENT_NO
RTR_IDENTIFY_ACCOUNT_LOCATION_ERRORS1,Router,INPUT,,VENDOR_NAME
RTR_IDENTIFY_ACCOUNT_LOCATION_ERRORS1,Router,INPUT,,OWNER
RTR_IDENTIFY_ACCOUNT_LOCATION_ERRORS1,Router,INPUT,,YEAR_PERIOD
RTR_IDENTIFY_ACCOUNT_LOCATION_ERRORS1,Router,INPUT,,STORE_NO
RTR_IDENTIFY_ACCOUNT_LOCATION_ERRORS1,Router,INPUT,,INV_NO
RTR_IDENTIFY_ACCOUNT_LOCATION_ERRORS1,Router,INPUT,,FISCAL_WEEK
RTR_IDENTIFY_ACCOUNT_LOCATION_ERRORS1,Router,INPUT,,PO_NUM
RTR_IDENTIFY_ACCOUNT_LOCATION_ERRORS1,Router,INPUT,,CA_NO
RTR_IDENTIFY_ACCOUNT_LOCATION_ERRORS1,Router,INPUT,,DOLLAR_AMT
RTR_IDENTIFY_ACCOUNT_LOCATION_ERRORS1,Router,INPUT,,DEPT_LOCATION
RTR_IDENTIFY_ACCOUNT_LOCATION_ERRORS1,Router,INPUT,,SUB_CLASS
RTR_IDENTIFY_ACCOUNT_LOCATION_ERRORS1,Router,INPUT,,RECEIVER_NUMBER
RTR_IDENTIFY_ACCOUNT_LOCATION_ERRORS1,Router,INPUT,,UNIQUE_NUMBER
RTR_IDENTIFY_ACCOUNT_LOCATION_ERRORS1,Router,INPUT,,FILLER
RTR_IDENTIFY_ACCOUNT_LOCATION_ERRORS1,Router,INPUT,,INVOICE_ID
RTR_IDENTIFY_ACCOUNT_LOCATION_ERRORS1,Router,INPUT,,agg_ORACLE_ACCOUNT_CNT
RTR_IDENTIFY_ACCOUNT_LOCATION_ERRORS1,Router,INPUT,,agg_DLT_LOC_CNT
RTR_IDENTIFY_ACCOUNT_LOCATION_ERRORS1,Router,INPUT,,agg_BATCH_ERROR_FLAG
RTR_IDENTIFY_ACCOUNT_LOCATION_ERRORS1,Router,INPUT,,agg_ERROR_CNT
RTR_IDENTIFY_ACCOUNT_LOCATION_ERRORS1,Router,INPUT,,agg_PROCESSED_CNT
RTR_IDENTIFY_ACCOUNT_LOCATION_ERRORS1,Router,INPUT,,agg_CCN_CNT
RTR_IDENTIFY_ACCOUNT_LOCATION_ERRORS1,Router,INPUT,,STO_NO
RTR_IDENTIFY_ACCOUNT_LOCATION_ERRORS1,Router,INPUT,,BIL_DIV_NO
RTR_IDENTIFY_ACCOUNT_LOCATION_ERRORS1,Router,INPUT,,GROUP_ID
RTR_IDENTIFY_ACCOUNT_LOCATION_ERRORS1,Router,INPUT,,TYPE2_ACC_NO
RTR_IDENTIFY_ACCOUNT_LOCATION_ERRORS1,Router,INPUT,,OPERATING_UNIT
RTR_IDENTIFY_ACCOUNT_LOCATION_ERRORS1,Router,INPUT,,SOURCE
RTR_IDENTIFY_ACCOUNT_LOCATION_ERRORS1,Router,INPUT,,INVOICE_NUM
RTR_IDENTIFY_ACCOUNT_LOCATION_ERRORS1,Router,INPUT,,INVOICE_AMOUNT
RTR_IDENTIFY_ACCOUNT_LOCATION_ERRORS1,Router,INPUT,,INVOICE_DATE
RTR_IDENTIFY_ACCOUNT_LOCATION_ERRORS1,Router,INPUT,,VENDOR_NAME
RTR_IDENTIFY_ACCOUNT_LOCATION_ERRORS1,Router,INPUT,,VENDOR_NUM
RTR_IDENTIFY_ACCOUNT_LOCATION_ERRORS1,Router,INPUT,,VENDOR_SITE_CODE
RTR_IDENTIFY_ACCOUNT_LOCATION_ERRORS1,Router,INPUT,,INVOICE_CURRENCY_CODE
RTR_IDENTIFY_ACCOUNT_LOCATION_ERRORS1,Router,INPUT,,PAYMENT_CURRENCY_CODE
RTR_IDENTIFY_ACCOUNT_LOCATION_ERRORS1,Router,INPUT,,DESCRIPTION
RTR_IDENTIFY_ACCOUNT_LOCATION_ERRORS1,Router,INPUT,,INVOICE_TYPE_LOOKUP_CODE
RTR_IDENTIFY_ACCOUNT_LOCATION_ERRORS1,Router,INPUT,,LEGAL_ENTITY_NAME
RTR_IDENTIFY_ACCOUNT_LOCATION_ERRORS1,Router,INPUT,,TERMS_NAME
RTR_IDENTIFY_ACCOUNT_LOCATION_ERRORS1,Router,INPUT,,TERMS_DATE
RTR_IDENTIFY_ACCOUNT_LOCATION_ERRORS1,Router,INPUT,,ACCOUNTING_DATE
RTR_IDENTIFY_ACCOUNT_LOCATION_ERRORS1,Router,INPUT,,PAYMENT_METHOD_CODE
RTR_IDENTIFY_ACCOUNT_LOCATION_ERRORS1,Router,INPUT,,REMIT_TO_SUPPLIER_NAME
RTR_IDENTIFY_ACCOUNT_LOCATION_ERRORS1,Router,INPUT,,REMIT_TO_SUPPLIER_NUM
RTR_IDENTIFY_ACCOUNT_LOCATION_ERRORS1,Router,INPUT,,REMIT_TO_ADDRESS_NAME
RTR_IDENTIFY_ACCOUNT_LOCATION_ERRORS1,Router,INPUT,,ATTRIBUTE_CATEGORY
RTR_IDENTIFY_ACCOUNT_LOCATION_ERRORS1,Router,INPUT,,ATTRIBUTE1
RTR_IDENTIFY_ACCOUNT_LOCATION_ERRORS1,Router,INPUT,,ATTRIBUTE2
RTR_IDENTIFY_ACCOUNT_LOCATION_ERRORS1,Router,INPUT,,ATTRIBUTE3
RTR_IDENTIFY_ACCOUNT_LOCATION_ERRORS1,Router,INPUT,,ATTRIBUTE4
RTR_IDENTIFY_ACCOUNT_LOCATION_ERRORS1,Router,INPUT,,ATTRIBUTE5
RTR_IDENTIFY_ACCOUNT_LOCATION_ERRORS1,Router,INPUT,,ATTRIBUTE6
RTR_IDENTIFY_ACCOUNT_LOCATION_ERRORS1,Router,INPUT,,ATTRIBUTE7
RTR_IDENTIFY_ACCOUNT_LOCATION_ERRORS1,Router,INPUT,,ATTRIBUTE8
RTR_IDENTIFY_ACCOUNT_LOCATION_ERRORS1,Router,INPUT,,ATTRIBUTE9
RTR_IDENTIFY_ACCOUNT_LOCATION_ERRORS1,Router,INPUT,,ATTRIBUTE10
RTR_IDENTIFY_ACCOUNT_LOCATION_ERRORS1,Router,INPUT,,ATTRIBUTE111
RTR_IDENTIFY_ACCOUNT_LOCATION_ERRORS1,Router,INPUT,,ATTRIBUTE121
RTR_IDENTIFY_ACCOUNT_LOCATION_ERRORS1,Router,INPUT,,ATTRIBUTE131
RTR_IDENTIFY_ACCOUNT_LOCATION_ERRORS1,Router,INPUT,,ATTRIBUTE141
RTR_IDENTIFY_ACCOUNT_LOCATION_ERRORS1,Router,INPUT,,ATTRIBUTE15
RTR_IDENTIFY_ACCOUNT_LOCATION_ERRORS1,Router,INPUT,,ATTRIBUTE_NUMBER1
RTR_IDENTIFY_ACCOUNT_LOCATION_ERRORS1,Router,INPUT,,ATTRIBUTE_NUMBER2
RTR_IDENTIFY_ACCOUNT_LOCATION_ERRORS1,Router,INPUT,,ATTRIBUTE_NUMBER3
RTR_IDENTIFY_ACCOUNT_LOCATION_ERRORS1,Router,INPUT,,LINE_TYPE_LOOKUP_CODE
RTR_IDENTIFY_ACCOUNT_LOCATION_ERRORS1,Router,INPUT,,TYPE2_KAS_PRJ_CD
RTR_IDENTIFY_ACCOUNT_LOCATION_ERRORS1,Router,INPUT,,TYPE2_KAS_DIV_NO
RTR_IDENTIFY_ACCOUNT_LOCATION_ERRORS1,Router,INPUT,,TYPE2_DESC
RTR_IDENTIFY_ACCOUNT_LOCATION_ERRORS1,Router,INPUT,,TYPE2_IDN_NO
RTR_IDENTIFY_ACCOUNT_LOCATION_ERRORS1,Router,INPUT,,TYPE2_INV_NO
RTR_IDENTIFY_ACCOUNT_LOCATION_ERRORS1,Router,INPUT,,TYPE2_JRL_ENT_NO
RTR_IDENTIFY_ACCOUNT_LOCATION_ERRORS1,Router,INPUT,,TYPE2_VENDOR_NAME
RTR_IDENTIFY_ACCOUNT_LOCATION_ERRORS1,Router,INPUT,,TYPE2_OWNER
RTR_IDENTIFY_ACCOUNT_LOCATION_ERRORS1,Router,INPUT,,TYPE2_YEAR_PERIOD
RTR_IDENTIFY_ACCOUNT_LOCATION_ERRORS1,Router,INPUT,,TYPE2_STORE_NO
RTR_IDENTIFY_ACCOUNT_LOCATION_ERRORS1,Router,INPUT,,TYPE2_FISCAL_WEEK
RTR_IDENTIFY_ACCOUNT_LOCATION_ERRORS1,Router,INPUT,,TYPE2_PO_NUM
RTR_IDENTIFY_ACCOUNT_LOCATION_ERRORS1,Router,INPUT,,TYPE2_CA_NO
RTR_IDENTIFY_ACCOUNT_LOCATION_ERRORS1,Router,INPUT,,TYPE2_DOLLAR_AMT
RTR_IDENTIFY_ACCOUNT_LOCATION_ERRORS1,Router,INPUT,,TYPE2_DEPT_LOCATION
RTR_IDENTIFY_ACCOUNT_LOCATION_ERRORS1,Router,INPUT,,TYPE2_SUB_CLASS
RTR_IDENTIFY_ACCOUNT_LOCATION_ERRORS1,Router,INPUT,,TYPE2_RECEIVER_NUMBER
RTR_IDENTIFY_ACCOUNT_LOCATION_ERRORS1,Router,INPUT,,ORACLE_COA_CODE_CONCATENATED
RTR_IDENTIFY_ACCOUNT_LOCATION_ERRORS1,Router,INPUT,,o_BILL_DIV_ERROR
RTR_IDENTIFY_ACCOUNT_LOCATION_ERRORS1,Router,INPUT,,o_ORACLE_ACC_ERROR_FLAG
RTR_IDENTIFY_ACCOUNT_LOCATION_ERRORS1,Router,INPUT,,o_DLT_LOC_ERROR_FLAG
RTR_IDENTIFY_ACCOUNT_LOCATION_ERRORS1,Router,INPUT,,MANUFACTURING_v1
RTR_IDENTIFY_ACCOUNT_LOCATION_ERRORS1,Router,INPUT,,SEGMENT_11
RTR_IDENTIFY_ACCOUNT_LOCATION_ERRORS1,Router,INPUT,,SEGMENT_21
RTR_IDENTIFY_ACCOUNT_LOCATION_ERRORS1,Router,INPUT,,SEGMENT_31
RTR_IDENTIFY_ACCOUNT_LOCATION_ERRORS1,Router,INPUT,,SEGMENT_41
RTR_IDENTIFY_ACCOUNT_LOCATION_ERRORS1,Router,INPUT,,SEGMENT_51
RTR_IDENTIFY_ACCOUNT_LOCATION_ERRORS1,Router,INPUT,,SEGMENT_61
RTR_IDENTIFY_ACCOUNT_LOCATION_ERRORS1,Router,INPUT,,SEGMENT_71
RTR_IDENTIFY_ACCOUNT_LOCATION_ERRORS1,Router,INPUT,,SEGMENT_81
RTR_IDENTIFY_ACCOUNT_LOCATION_ERRORS1,Router,INPUT,,SEGMENT_91
RTR_IDENTIFY_ACCOUNT_LOCATION_ERRORS1,Router,INPUT,,lkp_PYMTTERMS_POV_TX
RTR_IDENTIFY_ACCOUNT_LOCATION_ERRORS1,Router,INPUT,,lkp_PYMTTERMS_BDIV_TX
RTR_IDENTIFY_ACCOUNT_LOCATION_ERRORS1,Router,INPUT,,o_CCN_ERROR_FLAG
RTR_IDENTIFY_ACCOUNT_LOCATION_ERRORS1,Router,INPUT,,o_MGT_DIV_ERROR_FLAG
RTR_IDENTIFY_ACCOUNT_LOCATION_ERRORS1,Router,INPUT,,SRC_DIVISION_SEGMENT_HEADER4
RTR_IDENTIFY_ACCOUNT_LOCATION_ERRORS1,Router,INPUT,,SRC_ACCOUNT_SEGMENT_HEADER4
RTR_IDENTIFY_ACCOUNT_LOCATION_ERRORS1,Router,INPUT,,SRC_LOCATION_SEGMENT_HEADER4
RTR_IDENTIFY_ACCOUNT_LOCATION_ERRORS1,Router,INPUT,,o_SEGMENT_1_HEADER4
RTR_IDENTIFY_ACCOUNT_LOCATION_ERRORS1,Router,INPUT,,o_SEGMENT_2_HEADER4
RTR_IDENTIFY_ACCOUNT_LOCATION_ERRORS1,Router,INPUT,,o_SEGMENT_3_HEADER4
RTR_IDENTIFY_ACCOUNT_LOCATION_ERRORS1,Router,INPUT,,o_SEGMENT_4_HEADER4
RTR_IDENTIFY_ACCOUNT_LOCATION_ERRORS1,Router,INPUT,,o_SEGMENT_5_HEADER4
RTR_IDENTIFY_ACCOUNT_LOCATION_ERRORS1,Router,INPUT,,o_SEGMENT_6_HEADER4
RTR_IDENTIFY_ACCOUNT_LOCATION_ERRORS1,Router,INPUT,,o_ACC_ERR_FLG_HEADER4
RTR_IDENTIFY_ACCOUNT_LOCATION_ERRORS1,Router,INPUT,,o_LOC_ERR_FLG_HEADER4
RTR_IDENTIFY_ACCOUNT_LOCATION_ERRORS1,Router,INPUT,,o_DIV_ERROR_HEADER4
RTR_IDENTIFY_ACCOUNT_LOCATION_ERRORS1,Router,INPUT,,STAGE_ID
RTR_IDENTIFY_ACCOUNT_LOCATION_ERRORS1,Router,INPUT,,BATCH_CONTROL_ID1
RTR_IDENTIFY_ACCOUNT_LOCATION_ERRORS1,Router,INPUT,,FEED_ID
RTR_IDENTIFY_ACCOUNT_LOCATION_ERRORS1,Router,INPUT,,JSON_OUTPUT_OUTPUT_JSON
RTR_IDENTIFY_ACCOUNT_LOCATION_ERRORS1,Router,INPUT,,PAYMENT_TERMS_POV_CD_OUTPUT_JSON
RTR_IDENTIFY_ACCOUNT_LOCATION_ERRORS1,Router,INPUT,,PAYMENT_TERMS_BDIV_CD_OUTPUT_JSON
RTR_IDENTIFY_ACCOUNT_LOCATION_ERRORS1,Router,INPUT,,K_NO_OUTPUT_JSON
RTR_IDENTIFY_ACCOUNT_LOCATION_ERRORS1,Router,INPUT,,CASH_CONTROL_NO_OUTPUT_JSON
RTR_IDENTIFY_ACCOUNT_LOCATION_ERRORS1,Router,INPUT,,CCN_ERR_FLG_HEADER_OUTPUT_JSON
RTR_SPLIT_LIABILITY,Router,LIABILITY,"SUBSTR(ACC_NO,1,5) = '01001' or ISNULL(ACC_NO)",BTC_REF_NO1
RTR_SPLIT_LIABILITY,Router,LIABILITY,"SUBSTR(ACC_NO,1,5) = '01001' or ISNULL(ACC_NO)",MGT_DIV_NO1
RTR_SPLIT_LIABILITY,Router,LIABILITY,"SUBSTR(ACC_NO,1,5) = '01001' or ISNULL(ACC_NO)",SYS_SRC_CD1
RTR_SPLIT_LIABILITY,Router,LIABILITY,"SUBSTR(ACC_NO,1,5) = '01001' or ISNULL(ACC_NO)",KAS_PRJ_CD1
RTR_SPLIT_LIABILITY,Router,LIABILITY,"SUBSTR(ACC_NO,1,5) = '01001' or ISNULL(ACC_NO)",KAS_DIV_NO1
RTR_SPLIT_LIABILITY,Router,LIABILITY,"SUBSTR(ACC_NO,1,5) = '01001' or ISNULL(ACC_NO)",ACC_NO1
RTR_SPLIT_LIABILITY,Router,LIABILITY,"SUBSTR(ACC_NO,1,5) = '01001' or ISNULL(ACC_NO)",DESC1
RTR_SPLIT_LIABILITY,Router,LIABILITY,"SUBSTR(ACC_NO,1,5) = '01001' or ISNULL(ACC_NO)",IDN_NO1
RTR_SPLIT_LIABILITY,Router,LIABILITY,"SUBSTR(ACC_NO,1,5) = '01001' or ISNULL(ACC_NO)",JRL_ENT_NO1
RTR_SPLIT_LIABILITY,Router,LIABILITY,"SUBSTR(ACC_NO,1,5) = '01001' or ISNULL(ACC_NO)",VENDOR_NAME1
RTR_SPLIT_LIABILITY,Router,LIABILITY,"SUBSTR(ACC_NO,1,5) = '01001' or ISNULL(ACC_NO)",OWNER1
RTR_SPLIT_LIABILITY,Router,LIABILITY,"SUBSTR(ACC_NO,1,5) = '01001' or ISNULL(ACC_NO)",YEAR_PERIOD1
RTR_SPLIT_LIABILITY,Router,LIABILITY,"SUBSTR(ACC_NO,1,5) = '01001' or ISNULL(ACC_NO)",STORE_NO1
RTR_SPLIT_LIABILITY,Router,LIABILITY,"SUBSTR(ACC_NO,1,5) = '01001' or ISNULL(ACC_NO)",INV_NO1
RTR_SPLIT_LIABILITY,Router,LIABILITY,"SUBSTR(ACC_NO,1,5) = '01001' or ISNULL(ACC_NO)",FISCAL_WEEK1
RTR_SPLIT_LIABILITY,Router,LIABILITY,"SUBSTR(ACC_NO,1,5) = '01001' or ISNULL(ACC_NO)",PO_NUM1
RTR_SPLIT_LIABILITY,Router,LIABILITY,"SUBSTR(ACC_NO,1,5) = '01001' or ISNULL(ACC_NO)",CA_NO1
RTR_SPLIT_LIABILITY,Router,LIABILITY,"SUBSTR(ACC_NO,1,5) = '01001' or ISNULL(ACC_NO)",DOLLAR_AMT1
RTR_SPLIT_LIABILITY,Router,LIABILITY,"SUBSTR(ACC_NO,1,5) = '01001' or ISNULL(ACC_NO)",DEPT_LOCATION1
RTR_SPLIT_LIABILITY,Router,LIABILITY,"SUBSTR(ACC_NO,1,5) = '01001' or ISNULL(ACC_NO)",SUB_CLASS1
RTR_SPLIT_LIABILITY,Router,LIABILITY,"SUBSTR(ACC_NO,1,5) = '01001' or ISNULL(ACC_NO)",RECEIVER_NUMBER1
RTR_SPLIT_LIABILITY,Router,LIABILITY,"SUBSTR(ACC_NO,1,5) = '01001' or ISNULL(ACC_NO)",UNIQUE_NUMBER1
RTR_SPLIT_LIABILITY,Router,LIABILITY,"SUBSTR(ACC_NO,1,5) = '01001' or ISNULL(ACC_NO)",FILLER1
RTR_SPLIT_LIABILITY,Router,LIABILITY,"SUBSTR(ACC_NO,1,5) = '01001' or ISNULL(ACC_NO)",INVOICE_ID1
RTR_SPLIT_LIABILITY,Router,LIABILITY,"SUBSTR(ACC_NO,1,5) = '01001' or ISNULL(ACC_NO)",agg_ORACLE_ACCOUNT_CNT1
RTR_SPLIT_LIABILITY,Router,LIABILITY,"SUBSTR(ACC_NO,1,5) = '01001' or ISNULL(ACC_NO)",agg_DLT_LOC_CNT1
RTR_SPLIT_LIABILITY,Router,LIABILITY,"SUBSTR(ACC_NO,1,5) = '01001' or ISNULL(ACC_NO)",agg_BATCH_ERROR_FLAG1
RTR_SPLIT_LIABILITY,Router,LIABILITY,"SUBSTR(ACC_NO,1,5) = '01001' or ISNULL(ACC_NO)",agg_ERROR_CNT1
RTR_SPLIT_LIABILITY,Router,LIABILITY,"SUBSTR(ACC_NO,1,5) = '01001' or ISNULL(ACC_NO)",agg_PROCESSED_CNT1
RTR_SPLIT_LIABILITY,Router,LIABILITY,"SUBSTR(ACC_NO,1,5) = '01001' or ISNULL(ACC_NO)",agg_CCN_CNT1
RTR_SPLIT_LIABILITY,Router,LIABILITY,"SUBSTR(ACC_NO,1,5) = '01001' or ISNULL(ACC_NO)",STO_NO1
RTR_SPLIT_LIABILITY,Router,LIABILITY,"SUBSTR(ACC_NO,1,5) = '01001' or ISNULL(ACC_NO)",BIL_DIV_NO1
RTR_SPLIT_LIABILITY,Router,LIABILITY,"SUBSTR(ACC_NO,1,5) = '01001' or ISNULL(ACC_NO)",GROUP_ID1
RTR_SPLIT_LIABILITY,Router,LIABILITY,"SUBSTR(ACC_NO,1,5) = '01001' or ISNULL(ACC_NO)",TYPE2_ACC_NO1
RTR_SPLIT_LIABILITY,Router,LIABILITY,"SUBSTR(ACC_NO,1,5) = '01001' or ISNULL(ACC_NO)",OPERATING_UNIT1
RTR_SPLIT_LIABILITY,Router,LIABILITY,"SUBSTR(ACC_NO,1,5) = '01001' or ISNULL(ACC_NO)",SOURCE1
RTR_SPLIT_LIABILITY,Router,LIABILITY,"SUBSTR(ACC_NO,1,5) = '01001' or ISNULL(ACC_NO)",INVOICE_NUM1
RTR_SPLIT_LIABILITY,Router,LIABILITY,"SUBSTR(ACC_NO,1,5) = '01001' or ISNULL(ACC_NO)",INVOICE_AMOUNT1
RTR_SPLIT_LIABILITY,Router,LIABILITY,"SUBSTR(ACC_NO,1,5) = '01001' or ISNULL(ACC_NO)",INVOICE_DATE1
RTR_SPLIT_LIABILITY,Router,LIABILITY,"SUBSTR(ACC_NO,1,5) = '01001' or ISNULL(ACC_NO)",VENDOR_NAME1
RTR_SPLIT_LIABILITY,Router,LIABILITY,"SUBSTR(ACC_NO,1,5) = '01001' or ISNULL(ACC_NO)",VENDOR_NUM1
RTR_SPLIT_LIABILITY,Router,LIABILITY,"SUBSTR(ACC_NO,1,5) = '01001' or ISNULL(ACC_NO)",VENDOR_SITE_CODE1
RTR_SPLIT_LIABILITY,Router,LIABILITY,"SUBSTR(ACC_NO,1,5) = '01001' or ISNULL(ACC_NO)",INVOICE_CURRENCY_CODE1
RTR_SPLIT_LIABILITY,Router,LIABILITY,"SUBSTR(ACC_NO,1,5) = '01001' or ISNULL(ACC_NO)",PAYMENT_CURRENCY_CODE1
RTR_SPLIT_LIABILITY,Router,LIABILITY,"SUBSTR(ACC_NO,1,5) = '01001' or ISNULL(ACC_NO)",DESCRIPTION1
RTR_SPLIT_LIABILITY,Router,LIABILITY,"SUBSTR(ACC_NO,1,5) = '01001' or ISNULL(ACC_NO)",INVOICE_TYPE_LOOKUP_CODE1
RTR_SPLIT_LIABILITY,Router,LIABILITY,"SUBSTR(ACC_NO,1,5) = '01001' or ISNULL(ACC_NO)",LEGAL_ENTITY_NAME1
RTR_SPLIT_LIABILITY,Router,LIABILITY,"SUBSTR(ACC_NO,1,5) = '01001' or ISNULL(ACC_NO)",TERMS_NAME1
RTR_SPLIT_LIABILITY,Router,LIABILITY,"SUBSTR(ACC_NO,1,5) = '01001' or ISNULL(ACC_NO)",TERMS_DATE1
RTR_SPLIT_LIABILITY,Router,LIABILITY,"SUBSTR(ACC_NO,1,5) = '01001' or ISNULL(ACC_NO)",ACCOUNTING_DATE1
RTR_SPLIT_LIABILITY,Router,LIABILITY,"SUBSTR(ACC_NO,1,5) = '01001' or ISNULL(ACC_NO)",PAYMENT_METHOD_CODE1
RTR_SPLIT_LIABILITY,Router,LIABILITY,"SUBSTR(ACC_NO,1,5) = '01001' or ISNULL(ACC_NO)",REMIT_TO_SUPPLIER_NAME1
RTR_SPLIT_LIABILITY,Router,LIABILITY,"SUBSTR(ACC_NO,1,5) = '01001' or ISNULL(ACC_NO)",REMIT_TO_SUPPLIER_NUM1
RTR_SPLIT_LIABILITY,Router,LIABILITY,"SUBSTR(ACC_NO,1,5) = '01001' or ISNULL(ACC_NO)",REMIT_TO_ADDRESS_NAME1
RTR_SPLIT_LIABILITY,Router,LIABILITY,"SUBSTR(ACC_NO,1,5) = '01001' or ISNULL(ACC_NO)",ATTRIBUTE_CATEGORY1
RTR_SPLIT_LIABILITY,Router,LIABILITY,"SUBSTR(ACC_NO,1,5) = '01001' or ISNULL(ACC_NO)",ATTRIBUTE11
RTR_SPLIT_LIABILITY,Router,LIABILITY,"SUBSTR(ACC_NO,1,5) = '01001' or ISNULL(ACC_NO)",ATTRIBUTE21
RTR_SPLIT_LIABILITY,Router,LIABILITY,"SUBSTR(ACC_NO,1,5) = '01001' or ISNULL(ACC_NO)",ATTRIBUTE31
RTR_SPLIT_LIABILITY,Router,LIABILITY,"SUBSTR(ACC_NO,1,5) = '01001' or ISNULL(ACC_NO)",ATTRIBUTE41
RTR_SPLIT_LIABILITY,Router,LIABILITY,"SUBSTR(ACC_NO,1,5) = '01001' or ISNULL(ACC_NO)",ATTRIBUTE51
RTR_SPLIT_LIABILITY,Router,LIABILITY,"SUBSTR(ACC_NO,1,5) = '01001' or ISNULL(ACC_NO)",ATTRIBUTE61
RTR_SPLIT_LIABILITY,Router,LIABILITY,"SUBSTR(ACC_NO,1,5) = '01001' or ISNULL(ACC_NO)",ATTRIBUTE71
RTR_SPLIT_LIABILITY,Router,LIABILITY,"SUBSTR(ACC_NO,1,5) = '01001' or ISNULL(ACC_NO)",ATTRIBUTE81
RTR_SPLIT_LIABILITY,Router,LIABILITY,"SUBSTR(ACC_NO,1,5) = '01001' or ISNULL(ACC_NO)",ATTRIBUTE91
RTR_SPLIT_LIABILITY,Router,LIABILITY,"SUBSTR(ACC_NO,1,5) = '01001' or ISNULL(ACC_NO)",ATTRIBUTE101
RTR_SPLIT_LIABILITY,Router,LIABILITY,"SUBSTR(ACC_NO,1,5) = '01001' or ISNULL(ACC_NO)",ATTRIBUTE1111
RTR_SPLIT_LIABILITY,Router,LIABILITY,"SUBSTR(ACC_NO,1,5) = '01001' or ISNULL(ACC_NO)",ATTRIBUTE1211
RTR_SPLIT_LIABILITY,Router,LIABILITY,"SUBSTR(ACC_NO,1,5) = '01001' or ISNULL(ACC_NO)",ATTRIBUTE1311
RTR_SPLIT_LIABILITY,Router,LIABILITY,"SUBSTR(ACC_NO,1,5) = '01001' or ISNULL(ACC_NO)",ATTRIBUTE1411
RTR_SPLIT_LIABILITY,Router,LIABILITY,"SUBSTR(ACC_NO,1,5) = '01001' or ISNULL(ACC_NO)",ATTRIBUTE151
RTR_SPLIT_LIABILITY,Router,LIABILITY,"SUBSTR(ACC_NO,1,5) = '01001' or ISNULL(ACC_NO)",ATTRIBUTE_NUMBER11
RTR_SPLIT_LIABILITY,Router,LIABILITY,"SUBSTR(ACC_NO,1,5) = '01001' or ISNULL(ACC_NO)",ATTRIBUTE_NUMBER21
RTR_SPLIT_LIABILITY,Router,LIABILITY,"SUBSTR(ACC_NO,1,5) = '01001' or ISNULL(ACC_NO)",ATTRIBUTE_NUMBER31
RTR_SPLIT_LIABILITY,Router,LIABILITY,"SUBSTR(ACC_NO,1,5) = '01001' or ISNULL(ACC_NO)",LINE_TYPE_LOOKUP_CODE1
RTR_SPLIT_LIABILITY,Router,LIABILITY,"SUBSTR(ACC_NO,1,5) = '01001' or ISNULL(ACC_NO)",TYPE2_KAS_PRJ_CD1
RTR_SPLIT_LIABILITY,Router,LIABILITY,"SUBSTR(ACC_NO,1,5) = '01001' or ISNULL(ACC_NO)",TYPE2_KAS_DIV_NO1
RTR_SPLIT_LIABILITY,Router,LIABILITY,"SUBSTR(ACC_NO,1,5) = '01001' or ISNULL(ACC_NO)",TYPE2_DESC1
RTR_SPLIT_LIABILITY,Router,LIABILITY,"SUBSTR(ACC_NO,1,5) = '01001' or ISNULL(ACC_NO)",TYPE2_IDN_NO1
RTR_SPLIT_LIABILITY,Router,LIABILITY,"SUBSTR(ACC_NO,1,5) = '01001' or ISNULL(ACC_NO)",TYPE2_INV_NO1
RTR_SPLIT_LIABILITY,Router,LIABILITY,"SUBSTR(ACC_NO,1,5) = '01001' or ISNULL(ACC_NO)",TYPE2_JRL_ENT_NO1
RTR_SPLIT_LIABILITY,Router,LIABILITY,"SUBSTR(ACC_NO,1,5) = '01001' or ISNULL(ACC_NO)",TYPE2_VENDOR_NAME1
RTR_SPLIT_LIABILITY,Router,LIABILITY,"SUBSTR(ACC_NO,1,5) = '01001' or ISNULL(ACC_NO)",TYPE2_OWNER1
RTR_SPLIT_LIABILITY,Router,LIABILITY,"SUBSTR(ACC_NO,1,5) = '01001' or ISNULL(ACC_NO)",TYPE2_YEAR_PERIOD1
RTR_SPLIT_LIABILITY,Router,LIABILITY,"SUBSTR(ACC_NO,1,5) = '01001' or ISNULL(ACC_NO)",TYPE2_STORE_NO1
RTR_SPLIT_LIABILITY,Router,LIABILITY,"SUBSTR(ACC_NO,1,5) = '01001' or ISNULL(ACC_NO)",TYPE2_FISCAL_WEEK1
RTR_SPLIT_LIABILITY,Router,LIABILITY,"SUBSTR(ACC_NO,1,5) = '01001' or ISNULL(ACC_NO)",TYPE2_PO_NUM1
RTR_SPLIT_LIABILITY,Router,LIABILITY,"SUBSTR(ACC_NO,1,5) = '01001' or ISNULL(ACC_NO)",TYPE2_CA_NO1
RTR_SPLIT_LIABILITY,Router,LIABILITY,"SUBSTR(ACC_NO,1,5) = '01001' or ISNULL(ACC_NO)",TYPE2_DOLLAR_AMT1
RTR_SPLIT_LIABILITY,Router,LIABILITY,"SUBSTR(ACC_NO,1,5) = '01001' or ISNULL(ACC_NO)",TYPE2_DEPT_LOCATION1
RTR_SPLIT_LIABILITY,Router,LIABILITY,"SUBSTR(ACC_NO,1,5) = '01001' or ISNULL(ACC_NO)",TYPE2_SUB_CLASS1
RTR_SPLIT_LIABILITY,Router,LIABILITY,"SUBSTR(ACC_NO,1,5) = '01001' or ISNULL(ACC_NO)",TYPE2_RECEIVER_NUMBER1
RTR_SPLIT_LIABILITY,Router,LIABILITY,"SUBSTR(ACC_NO,1,5) = '01001' or ISNULL(ACC_NO)",ORACLE_COA_CODE_CONCATENATED1
RTR_SPLIT_LIABILITY,Router,LIABILITY,"SUBSTR(ACC_NO,1,5) = '01001' or ISNULL(ACC_NO)",o_BILL_DIV_ERROR1
RTR_SPLIT_LIABILITY,Router,LIABILITY,"SUBSTR(ACC_NO,1,5) = '01001' or ISNULL(ACC_NO)",o_ORACLE_ACC_ERROR_FLAG1
RTR_SPLIT_LIABILITY,Router,LIABILITY,"SUBSTR(ACC_NO,1,5) = '01001' or ISNULL(ACC_NO)",o_DLT_LOC_ERROR_FLAG1
RTR_SPLIT_LIABILITY,Router,LIABILITY,"SUBSTR(ACC_NO,1,5) = '01001' or ISNULL(ACC_NO)",MANUFACTURING_v11
RTR_SPLIT_LIABILITY,Router,LIABILITY,"SUBSTR(ACC_NO,1,5) = '01001' or ISNULL(ACC_NO)",SEGMENT_111
RTR_SPLIT_LIABILITY,Router,LIABILITY,"SUBSTR(ACC_NO,1,5) = '01001' or ISNULL(ACC_NO)",SEGMENT_211
RTR_SPLIT_LIABILITY,Router,LIABILITY,"SUBSTR(ACC_NO,1,5) = '01001' or ISNULL(ACC_NO)",SEGMENT_311
RTR_SPLIT_LIABILITY,Router,LIABILITY,"SUBSTR(ACC_NO,1,5) = '01001' or ISNULL(ACC_NO)",SEGMENT_411
RTR_SPLIT_LIABILITY,Router,LIABILITY,"SUBSTR(ACC_NO,1,5) = '01001' or ISNULL(ACC_NO)",SEGMENT_511
RTR_SPLIT_LIABILITY,Router,LIABILITY,"SUBSTR(ACC_NO,1,5) = '01001' or ISNULL(ACC_NO)",SEGMENT_611
RTR_SPLIT_LIABILITY,Router,LIABILITY,"SUBSTR(ACC_NO,1,5) = '01001' or ISNULL(ACC_NO)",SEGMENT_711
RTR_SPLIT_LIABILITY,Router,LIABILITY,"SUBSTR(ACC_NO,1,5) = '01001' or ISNULL(ACC_NO)",SEGMENT_811
RTR_SPLIT_LIABILITY,Router,LIABILITY,"SUBSTR(ACC_NO,1,5) = '01001' or ISNULL(ACC_NO)",SEGMENT_911
RTR_SPLIT_LIABILITY,Router,LIABILITY,"SUBSTR(ACC_NO,1,5) = '01001' or ISNULL(ACC_NO)",lkp_PYMTTERMS_POV_TX1
RTR_SPLIT_LIABILITY,Router,LIABILITY,"SUBSTR(ACC_NO,1,5) = '01001' or ISNULL(ACC_NO)",lkp_PYMTTERMS_BDIV_TX1
RTR_SPLIT_LIABILITY,Router,LIABILITY,"SUBSTR(ACC_NO,1,5) = '01001' or ISNULL(ACC_NO)",o_CCN_ERROR_FLAG1
RTR_SPLIT_LIABILITY,Router,LIABILITY,"SUBSTR(ACC_NO,1,5) = '01001' or ISNULL(ACC_NO)",o_MGT_DIV_ERROR_FLAG1
RTR_LIAB_EXP,Router,LIABILITY,"agg_BATCH_ERROR_FLAG = 'N' AND 
(SUBSTR(TYPE2_ACC_NO,1,5) = '01001' or INVOICE_AMOUNT = 0)",BTC_REF_NO1
RTR_LIAB_EXP,Router,LIABILITY,"agg_BATCH_ERROR_FLAG = 'N' AND 
(SUBSTR(TYPE2_ACC_NO,1,5) = '01001' or INVOICE_AMOUNT = 0)",MGT_DIV_NO1
RTR_LIAB_EXP,Router,LIABILITY,"agg_BATCH_ERROR_FLAG = 'N' AND 
(SUBSTR(TYPE2_ACC_NO,1,5) = '01001' or INVOICE_AMOUNT = 0)",SYS_SRC_CD1
RTR_LIAB_EXP,Router,LIABILITY,"agg_BATCH_ERROR_FLAG = 'N' AND 
(SUBSTR(TYPE2_ACC_NO,1,5) = '01001' or INVOICE_AMOUNT = 0)",KAS_PRJ_CD1
RTR_LIAB_EXP,Router,LIABILITY,"agg_BATCH_ERROR_FLAG = 'N' AND 
(SUBSTR(TYPE2_ACC_NO,1,5) = '01001' or INVOICE_AMOUNT = 0)",KAS_DIV_NO1
RTR_LIAB_EXP,Router,LIABILITY,"agg_BATCH_ERROR_FLAG = 'N' AND 
(SUBSTR(TYPE2_ACC_NO,1,5) = '01001' or INVOICE_AMOUNT = 0)",ACC_NO1
RTR_LIAB_EXP,Router,LIABILITY,"agg_BATCH_ERROR_FLAG = 'N' AND 
(SUBSTR(TYPE2_ACC_NO,1,5) = '01001' or INVOICE_AMOUNT = 0)",DESC1
RTR_LIAB_EXP,Router,LIABILITY,"agg_BATCH_ERROR_FLAG = 'N' AND 
(SUBSTR(TYPE2_ACC_NO,1,5) = '01001' or INVOICE_AMOUNT = 0)",IDN_NO1
RTR_LIAB_EXP,Router,LIABILITY,"agg_BATCH_ERROR_FLAG = 'N' AND 
(SUBSTR(TYPE2_ACC_NO,1,5) = '01001' or INVOICE_AMOUNT = 0)",JRL_ENT_NO1
RTR_LIAB_EXP,Router,LIABILITY,"agg_BATCH_ERROR_FLAG = 'N' AND 
(SUBSTR(TYPE2_ACC_NO,1,5) = '01001' or INVOICE_AMOUNT = 0)",VENDOR_NAME1
RTR_LIAB_EXP,Router,LIABILITY,"agg_BATCH_ERROR_FLAG = 'N' AND 
(SUBSTR(TYPE2_ACC_NO,1,5) = '01001' or INVOICE_AMOUNT = 0)",OWNER1
RTR_LIAB_EXP,Router,LIABILITY,"agg_BATCH_ERROR_FLAG = 'N' AND 
(SUBSTR(TYPE2_ACC_NO,1,5) = '01001' or INVOICE_AMOUNT = 0)",YEAR_PERIOD1
RTR_LIAB_EXP,Router,LIABILITY,"agg_BATCH_ERROR_FLAG = 'N' AND 
(SUBSTR(TYPE2_ACC_NO,1,5) = '01001' or INVOICE_AMOUNT = 0)",STORE_NO1
RTR_LIAB_EXP,Router,LIABILITY,"agg_BATCH_ERROR_FLAG = 'N' AND 
(SUBSTR(TYPE2_ACC_NO,1,5) = '01001' or INVOICE_AMOUNT = 0)",INV_NO1
RTR_LIAB_EXP,Router,LIABILITY,"agg_BATCH_ERROR_FLAG = 'N' AND 
(SUBSTR(TYPE2_ACC_NO,1,5) = '01001' or INVOICE_AMOUNT = 0)",FISCAL_WEEK1
RTR_LIAB_EXP,Router,LIABILITY,"agg_BATCH_ERROR_FLAG = 'N' AND 
(SUBSTR(TYPE2_ACC_NO,1,5) = '01001' or INVOICE_AMOUNT = 0)",PO_NUM1
RTR_LIAB_EXP,Router,LIABILITY,"agg_BATCH_ERROR_FLAG = 'N' AND 
(SUBSTR(TYPE2_ACC_NO,1,5) = '01001' or INVOICE_AMOUNT = 0)",CA_NO1
RTR_LIAB_EXP,Router,LIABILITY,"agg_BATCH_ERROR_FLAG = 'N' AND 
(SUBSTR(TYPE2_ACC_NO,1,5) = '01001' or INVOICE_AMOUNT = 0)",DOLLAR_AMT1
RTR_LIAB_EXP,Router,LIABILITY,"agg_BATCH_ERROR_FLAG = 'N' AND 
(SUBSTR(TYPE2_ACC_NO,1,5) = '01001' or INVOICE_AMOUNT = 0)",DEPT_LOCATION1
RTR_LIAB_EXP,Router,LIABILITY,"agg_BATCH_ERROR_FLAG = 'N' AND 
(SUBSTR(TYPE2_ACC_NO,1,5) = '01001' or INVOICE_AMOUNT = 0)",SUB_CLASS1
RTR_LIAB_EXP,Router,LIABILITY,"agg_BATCH_ERROR_FLAG = 'N' AND 
(SUBSTR(TYPE2_ACC_NO,1,5) = '01001' or INVOICE_AMOUNT = 0)",RECEIVER_NUMBER1
RTR_LIAB_EXP,Router,LIABILITY,"agg_BATCH_ERROR_FLAG = 'N' AND 
(SUBSTR(TYPE2_ACC_NO,1,5) = '01001' or INVOICE_AMOUNT = 0)",UNIQUE_NUMBER1
RTR_LIAB_EXP,Router,LIABILITY,"agg_BATCH_ERROR_FLAG = 'N' AND 
(SUBSTR(TYPE2_ACC_NO,1,5) = '01001' or INVOICE_AMOUNT = 0)",FILLER1
RTR_LIAB_EXP,Router,LIABILITY,"agg_BATCH_ERROR_FLAG = 'N' AND 
(SUBSTR(TYPE2_ACC_NO,1,5) = '01001' or INVOICE_AMOUNT = 0)",INVOICE_ID1
RTR_LIAB_EXP,Router,LIABILITY,"agg_BATCH_ERROR_FLAG = 'N' AND 
(SUBSTR(TYPE2_ACC_NO,1,5) = '01001' or INVOICE_AMOUNT = 0)",agg_ORACLE_ACCOUNT_CNT1
RTR_LIAB_EXP,Router,LIABILITY,"agg_BATCH_ERROR_FLAG = 'N' AND 
(SUBSTR(TYPE2_ACC_NO,1,5) = '01001' or INVOICE_AMOUNT = 0)",agg_DLT_LOC_CNT1
RTR_LIAB_EXP,Router,LIABILITY,"agg_BATCH_ERROR_FLAG = 'N' AND 
(SUBSTR(TYPE2_ACC_NO,1,5) = '01001' or INVOICE_AMOUNT = 0)",agg_BATCH_ERROR_FLAG1
RTR_LIAB_EXP,Router,LIABILITY,"agg_BATCH_ERROR_FLAG = 'N' AND 
(SUBSTR(TYPE2_ACC_NO,1,5) = '01001' or INVOICE_AMOUNT = 0)",agg_ERROR_CNT1
RTR_LIAB_EXP,Router,LIABILITY,"agg_BATCH_ERROR_FLAG = 'N' AND 
(SUBSTR(TYPE2_ACC_NO,1,5) = '01001' or INVOICE_AMOUNT = 0)",agg_PROCESSED_CNT1
RTR_LIAB_EXP,Router,LIABILITY,"agg_BATCH_ERROR_FLAG = 'N' AND 
(SUBSTR(TYPE2_ACC_NO,1,5) = '01001' or INVOICE_AMOUNT = 0)",agg_CCN_CNT1
RTR_LIAB_EXP,Router,LIABILITY,"agg_BATCH_ERROR_FLAG = 'N' AND 
(SUBSTR(TYPE2_ACC_NO,1,5) = '01001' or INVOICE_AMOUNT = 0)",STO_NO1
RTR_LIAB_EXP,Router,LIABILITY,"agg_BATCH_ERROR_FLAG = 'N' AND 
(SUBSTR(TYPE2_ACC_NO,1,5) = '01001' or INVOICE_AMOUNT = 0)",BIL_DIV_NO1
RTR_LIAB_EXP,Router,LIABILITY,"agg_BATCH_ERROR_FLAG = 'N' AND 
(SUBSTR(TYPE2_ACC_NO,1,5) = '01001' or INVOICE_AMOUNT = 0)",GROUP_ID1
RTR_LIAB_EXP,Router,LIABILITY,"agg_BATCH_ERROR_FLAG = 'N' AND 
(SUBSTR(TYPE2_ACC_NO,1,5) = '01001' or INVOICE_AMOUNT = 0)",TYPE2_ACC_NO1
RTR_LIAB_EXP,Router,LIABILITY,"agg_BATCH_ERROR_FLAG = 'N' AND 
(SUBSTR(TYPE2_ACC_NO,1,5) = '01001' or INVOICE_AMOUNT = 0)",OPERATING_UNIT1
RTR_LIAB_EXP,Router,LIABILITY,"agg_BATCH_ERROR_FLAG = 'N' AND 
(SUBSTR(TYPE2_ACC_NO,1,5) = '01001' or INVOICE_AMOUNT = 0)",SOURCE1
RTR_LIAB_EXP,Router,LIABILITY,"agg_BATCH_ERROR_FLAG = 'N' AND 
(SUBSTR(TYPE2_ACC_NO,1,5) = '01001' or INVOICE_AMOUNT = 0)",INVOICE_NUM1
RTR_LIAB_EXP,Router,LIABILITY,"agg_BATCH_ERROR_FLAG = 'N' AND 
(SUBSTR(TYPE2_ACC_NO,1,5) = '01001' or INVOICE_AMOUNT = 0)",INVOICE_AMOUNT1
RTR_LIAB_EXP,Router,LIABILITY,"agg_BATCH_ERROR_FLAG = 'N' AND 
(SUBSTR(TYPE2_ACC_NO,1,5) = '01001' or INVOICE_AMOUNT = 0)",INVOICE_DATE1
RTR_LIAB_EXP,Router,LIABILITY,"agg_BATCH_ERROR_FLAG = 'N' AND 
(SUBSTR(TYPE2_ACC_NO,1,5) = '01001' or INVOICE_AMOUNT = 0)",VENDOR_NAME1
RTR_LIAB_EXP,Router,LIABILITY,"agg_BATCH_ERROR_FLAG = 'N' AND 
(SUBSTR(TYPE2_ACC_NO,1,5) = '01001' or INVOICE_AMOUNT = 0)",VENDOR_NUM1
RTR_LIAB_EXP,Router,LIABILITY,"agg_BATCH_ERROR_FLAG = 'N' AND 
(SUBSTR(TYPE2_ACC_NO,1,5) = '01001' or INVOICE_AMOUNT = 0)",VENDOR_SITE_CODE1
RTR_LIAB_EXP,Router,LIABILITY,"agg_BATCH_ERROR_FLAG = 'N' AND 
(SUBSTR(TYPE2_ACC_NO,1,5) = '01001' or INVOICE_AMOUNT = 0)",INVOICE_CURRENCY_CODE1
RTR_LIAB_EXP,Router,LIABILITY,"agg_BATCH_ERROR_FLAG = 'N' AND 
(SUBSTR(TYPE2_ACC_NO,1,5) = '01001' or INVOICE_AMOUNT = 0)",PAYMENT_CURRENCY_CODE1
RTR_LIAB_EXP,Router,LIABILITY,"agg_BATCH_ERROR_FLAG = 'N' AND 
(SUBSTR(TYPE2_ACC_NO,1,5) = '01001' or INVOICE_AMOUNT = 0)",DESCRIPTION1
RTR_LIAB_EXP,Router,LIABILITY,"agg_BATCH_ERROR_FLAG = 'N' AND 
(SUBSTR(TYPE2_ACC_NO,1,5) = '01001' or INVOICE_AMOUNT = 0)",INVOICE_TYPE_LOOKUP_CODE1
RTR_LIAB_EXP,Router,LIABILITY,"agg_BATCH_ERROR_FLAG = 'N' AND 
(SUBSTR(TYPE2_ACC_NO,1,5) = '01001' or INVOICE_AMOUNT = 0)",LEGAL_ENTITY_NAME1
RTR_LIAB_EXP,Router,LIABILITY,"agg_BATCH_ERROR_FLAG = 'N' AND 
(SUBSTR(TYPE2_ACC_NO,1,5) = '01001' or INVOICE_AMOUNT = 0)",TERMS_NAME1
RTR_LIAB_EXP,Router,LIABILITY,"agg_BATCH_ERROR_FLAG = 'N' AND 
(SUBSTR(TYPE2_ACC_NO,1,5) = '01001' or INVOICE_AMOUNT = 0)",TERMS_DATE1
RTR_LIAB_EXP,Router,LIABILITY,"agg_BATCH_ERROR_FLAG = 'N' AND 
(SUBSTR(TYPE2_ACC_NO,1,5) = '01001' or INVOICE_AMOUNT = 0)",ACCOUNTING_DATE1
RTR_LIAB_EXP,Router,LIABILITY,"agg_BATCH_ERROR_FLAG = 'N' AND 
(SUBSTR(TYPE2_ACC_NO,1,5) = '01001' or INVOICE_AMOUNT = 0)",PAYMENT_METHOD_CODE1
RTR_LIAB_EXP,Router,LIABILITY,"agg_BATCH_ERROR_FLAG = 'N' AND 
(SUBSTR(TYPE2_ACC_NO,1,5) = '01001' or INVOICE_AMOUNT = 0)",REMIT_TO_SUPPLIER_NAME1
RTR_LIAB_EXP,Router,LIABILITY,"agg_BATCH_ERROR_FLAG = 'N' AND 
(SUBSTR(TYPE2_ACC_NO,1,5) = '01001' or INVOICE_AMOUNT = 0)",REMIT_TO_SUPPLIER_NUM1
RTR_LIAB_EXP,Router,LIABILITY,"agg_BATCH_ERROR_FLAG = 'N' AND 
(SUBSTR(TYPE2_ACC_NO,1,5) = '01001' or INVOICE_AMOUNT = 0)",REMIT_TO_ADDRESS_NAME1
RTR_LIAB_EXP,Router,LIABILITY,"agg_BATCH_ERROR_FLAG = 'N' AND 
(SUBSTR(TYPE2_ACC_NO,1,5) = '01001' or INVOICE_AMOUNT = 0)",ATTRIBUTE_CATEGORY1
RTR_LIAB_EXP,Router,LIABILITY,"agg_BATCH_ERROR_FLAG = 'N' AND 
(SUBSTR(TYPE2_ACC_NO,1,5) = '01001' or INVOICE_AMOUNT = 0)",ATTRIBUTE11
RTR_LIAB_EXP,Router,LIABILITY,"agg_BATCH_ERROR_FLAG = 'N' AND 
(SUBSTR(TYPE2_ACC_NO,1,5) = '01001' or INVOICE_AMOUNT = 0)",ATTRIBUTE21
RTR_LIAB_EXP,Router,LIABILITY,"agg_BATCH_ERROR_FLAG = 'N' AND 
(SUBSTR(TYPE2_ACC_NO,1,5) = '01001' or INVOICE_AMOUNT = 0)",ATTRIBUTE31
RTR_LIAB_EXP,Router,LIABILITY,"agg_BATCH_ERROR_FLAG = 'N' AND 
(SUBSTR(TYPE2_ACC_NO,1,5) = '01001' or INVOICE_AMOUNT = 0)",ATTRIBUTE41
RTR_LIAB_EXP,Router,LIABILITY,"agg_BATCH_ERROR_FLAG = 'N' AND 
(SUBSTR(TYPE2_ACC_NO,1,5) = '01001' or INVOICE_AMOUNT = 0)",ATTRIBUTE51
RTR_LIAB_EXP,Router,LIABILITY,"agg_BATCH_ERROR_FLAG = 'N' AND 
(SUBSTR(TYPE2_ACC_NO,1,5) = '01001' or INVOICE_AMOUNT = 0)",ATTRIBUTE61
RTR_LIAB_EXP,Router,LIABILITY,"agg_BATCH_ERROR_FLAG = 'N' AND 
(SUBSTR(TYPE2_ACC_NO,1,5) = '01001' or INVOICE_AMOUNT = 0)",ATTRIBUTE71
RTR_LIAB_EXP,Router,LIABILITY,"agg_BATCH_ERROR_FLAG = 'N' AND 
(SUBSTR(TYPE2_ACC_NO,1,5) = '01001' or INVOICE_AMOUNT = 0)",ATTRIBUTE81
RTR_LIAB_EXP,Router,LIABILITY,"agg_BATCH_ERROR_FLAG = 'N' AND 
(SUBSTR(TYPE2_ACC_NO,1,5) = '01001' or INVOICE_AMOUNT = 0)",ATTRIBUTE91
RTR_LIAB_EXP,Router,LIABILITY,"agg_BATCH_ERROR_FLAG = 'N' AND 
(SUBSTR(TYPE2_ACC_NO,1,5) = '01001' or INVOICE_AMOUNT = 0)",ATTRIBUTE101
RTR_LIAB_EXP,Router,LIABILITY,"agg_BATCH_ERROR_FLAG = 'N' AND 
(SUBSTR(TYPE2_ACC_NO,1,5) = '01001' or INVOICE_AMOUNT = 0)",ATTRIBUTE1111
RTR_LIAB_EXP,Router,LIABILITY,"agg_BATCH_ERROR_FLAG = 'N' AND 
(SUBSTR(TYPE2_ACC_NO,1,5) = '01001' or INVOICE_AMOUNT = 0)",ATTRIBUTE1211
RTR_LIAB_EXP,Router,LIABILITY,"agg_BATCH_ERROR_FLAG = 'N' AND 
(SUBSTR(TYPE2_ACC_NO,1,5) = '01001' or INVOICE_AMOUNT = 0)",ATTRIBUTE1311
RTR_LIAB_EXP,Router,LIABILITY,"agg_BATCH_ERROR_FLAG = 'N' AND 
(SUBSTR(TYPE2_ACC_NO,1,5) = '01001' or INVOICE_AMOUNT = 0)",ATTRIBUTE1411
RTR_LIAB_EXP,Router,LIABILITY,"agg_BATCH_ERROR_FLAG = 'N' AND 
(SUBSTR(TYPE2_ACC_NO,1,5) = '01001' or INVOICE_AMOUNT = 0)",ATTRIBUTE151
RTR_LIAB_EXP,Router,LIABILITY,"agg_BATCH_ERROR_FLAG = 'N' AND 
(SUBSTR(TYPE2_ACC_NO,1,5) = '01001' or INVOICE_AMOUNT = 0)",ATTRIBUTE_NUMBER11
RTR_LIAB_EXP,Router,LIABILITY,"agg_BATCH_ERROR_FLAG = 'N' AND 
(SUBSTR(TYPE2_ACC_NO,1,5) = '01001' or INVOICE_AMOUNT = 0)",ATTRIBUTE_NUMBER21
RTR_LIAB_EXP,Router,LIABILITY,"agg_BATCH_ERROR_FLAG = 'N' AND 
(SUBSTR(TYPE2_ACC_NO,1,5) = '01001' or INVOICE_AMOUNT = 0)",ATTRIBUTE_NUMBER31
RTR_LIAB_EXP,Router,LIABILITY,"agg_BATCH_ERROR_FLAG = 'N' AND 
(SUBSTR(TYPE2_ACC_NO,1,5) = '01001' or INVOICE_AMOUNT = 0)",LINE_TYPE_LOOKUP_CODE1
RTR_LIAB_EXP,Router,LIABILITY,"agg_BATCH_ERROR_FLAG = 'N' AND 
(SUBSTR(TYPE2_ACC_NO,1,5) = '01001' or INVOICE_AMOUNT = 0)",TYPE2_KAS_PRJ_CD1
RTR_LIAB_EXP,Router,LIABILITY,"agg_BATCH_ERROR_FLAG = 'N' AND 
(SUBSTR(TYPE2_ACC_NO,1,5) = '01001' or INVOICE_AMOUNT = 0)",TYPE2_KAS_DIV_NO1
RTR_LIAB_EXP,Router,LIABILITY,"agg_BATCH_ERROR_FLAG = 'N' AND 
(SUBSTR(TYPE2_ACC_NO,1,5) = '01001' or INVOICE_AMOUNT = 0)",TYPE2_DESC1
RTR_LIAB_EXP,Router,LIABILITY,"agg_BATCH_ERROR_FLAG = 'N' AND 
(SUBSTR(TYPE2_ACC_NO,1,5) = '01001' or INVOICE_AMOUNT = 0)",TYPE2_IDN_NO1
RTR_LIAB_EXP,Router,LIABILITY,"agg_BATCH_ERROR_FLAG = 'N' AND 
(SUBSTR(TYPE2_ACC_NO,1,5) = '01001' or INVOICE_AMOUNT = 0)",TYPE2_INV_NO1
RTR_LIAB_EXP,Router,LIABILITY,"agg_BATCH_ERROR_FLAG = 'N' AND 
(SUBSTR(TYPE2_ACC_NO,1,5) = '01001' or INVOICE_AMOUNT = 0)",TYPE2_JRL_ENT_NO1
RTR_LIAB_EXP,Router,LIABILITY,"agg_BATCH_ERROR_FLAG = 'N' AND 
(SUBSTR(TYPE2_ACC_NO,1,5) = '01001' or INVOICE_AMOUNT = 0)",TYPE2_VENDOR_NAME1
RTR_LIAB_EXP,Router,LIABILITY,"agg_BATCH_ERROR_FLAG = 'N' AND 
(SUBSTR(TYPE2_ACC_NO,1,5) = '01001' or INVOICE_AMOUNT = 0)",TYPE2_OWNER1
RTR_LIAB_EXP,Router,LIABILITY,"agg_BATCH_ERROR_FLAG = 'N' AND 
(SUBSTR(TYPE2_ACC_NO,1,5) = '01001' or INVOICE_AMOUNT = 0)",TYPE2_YEAR_PERIOD1
RTR_LIAB_EXP,Router,LIABILITY,"agg_BATCH_ERROR_FLAG = 'N' AND 
(SUBSTR(TYPE2_ACC_NO,1,5) = '01001' or INVOICE_AMOUNT = 0)",TYPE2_STORE_NO1
RTR_LIAB_EXP,Router,LIABILITY,"agg_BATCH_ERROR_FLAG = 'N' AND 
(SUBSTR(TYPE2_ACC_NO,1,5) = '01001' or INVOICE_AMOUNT = 0)",TYPE2_FISCAL_WEEK1
RTR_LIAB_EXP,Router,LIABILITY,"agg_BATCH_ERROR_FLAG = 'N' AND 
(SUBSTR(TYPE2_ACC_NO,1,5) = '01001' or INVOICE_AMOUNT = 0)",TYPE2_PO_NUM1
RTR_LIAB_EXP,Router,LIABILITY,"agg_BATCH_ERROR_FLAG = 'N' AND 
(SUBSTR(TYPE2_ACC_NO,1,5) = '01001' or INVOICE_AMOUNT = 0)",TYPE2_CA_NO1
RTR_LIAB_EXP,Router,LIABILITY,"agg_BATCH_ERROR_FLAG = 'N' AND 
(SUBSTR(TYPE2_ACC_NO,1,5) = '01001' or INVOICE_AMOUNT = 0)",TYPE2_DOLLAR_AMT1
RTR_LIAB_EXP,Router,LIABILITY,"agg_BATCH_ERROR_FLAG = 'N' AND 
(SUBSTR(TYPE2_ACC_NO,1,5) = '01001' or INVOICE_AMOUNT = 0)",TYPE2_DEPT_LOCATION1
RTR_LIAB_EXP,Router,LIABILITY,"agg_BATCH_ERROR_FLAG = 'N' AND 
(SUBSTR(TYPE2_ACC_NO,1,5) = '01001' or INVOICE_AMOUNT = 0)",TYPE2_SUB_CLASS1
RTR_LIAB_EXP,Router,LIABILITY,"agg_BATCH_ERROR_FLAG = 'N' AND 
(SUBSTR(TYPE2_ACC_NO,1,5) = '01001' or INVOICE_AMOUNT = 0)",TYPE2_RECEIVER_NUMBER1
RTR_LIAB_EXP,Router,LIABILITY,"agg_BATCH_ERROR_FLAG = 'N' AND 
(SUBSTR(TYPE2_ACC_NO,1,5) = '01001' or INVOICE_AMOUNT = 0)",ORACLE_COA_CODE_CONCATENATED1
RTR_LIAB_EXP,Router,LIABILITY,"agg_BATCH_ERROR_FLAG = 'N' AND 
(SUBSTR(TYPE2_ACC_NO,1,5) = '01001' or INVOICE_AMOUNT = 0)",o_BILL_DIV_ERROR1
RTR_LIAB_EXP,Router,LIABILITY,"agg_BATCH_ERROR_FLAG = 'N' AND 
(SUBSTR(TYPE2_ACC_NO,1,5) = '01001' or INVOICE_AMOUNT = 0)",o_ORACLE_ACC_ERROR_FLAG1
RTR_LIAB_EXP,Router,LIABILITY,"agg_BATCH_ERROR_FLAG = 'N' AND 
(SUBSTR(TYPE2_ACC_NO,1,5) = '01001' or INVOICE_AMOUNT = 0)",o_DLT_LOC_ERROR_FLAG1
RTR_LIAB_EXP,Router,LIABILITY,"agg_BATCH_ERROR_FLAG = 'N' AND 
(SUBSTR(TYPE2_ACC_NO,1,5) = '01001' or INVOICE_AMOUNT = 0)",MANUFACTURING_v11
RTR_LIAB_EXP,Router,LIABILITY,"agg_BATCH_ERROR_FLAG = 'N' AND 
(SUBSTR(TYPE2_ACC_NO,1,5) = '01001' or INVOICE_AMOUNT = 0)",SEGMENT_111
RTR_LIAB_EXP,Router,LIABILITY,"agg_BATCH_ERROR_FLAG = 'N' AND 
(SUBSTR(TYPE2_ACC_NO,1,5) = '01001' or INVOICE_AMOUNT = 0)",SEGMENT_211
RTR_LIAB_EXP,Router,LIABILITY,"agg_BATCH_ERROR_FLAG = 'N' AND 
(SUBSTR(TYPE2_ACC_NO,1,5) = '01001' or INVOICE_AMOUNT = 0)",SEGMENT_311
RTR_LIAB_EXP,Router,LIABILITY,"agg_BATCH_ERROR_FLAG = 'N' AND 
(SUBSTR(TYPE2_ACC_NO,1,5) = '01001' or INVOICE_AMOUNT = 0)",SEGMENT_411
RTR_LIAB_EXP,Router,LIABILITY,"agg_BATCH_ERROR_FLAG = 'N' AND 
(SUBSTR(TYPE2_ACC_NO,1,5) = '01001' or INVOICE_AMOUNT = 0)",SEGMENT_511
RTR_LIAB_EXP,Router,LIABILITY,"agg_BATCH_ERROR_FLAG = 'N' AND 
(SUBSTR(TYPE2_ACC_NO,1,5) = '01001' or INVOICE_AMOUNT = 0)",SEGMENT_611
RTR_LIAB_EXP,Router,LIABILITY,"agg_BATCH_ERROR_FLAG = 'N' AND 
(SUBSTR(TYPE2_ACC_NO,1,5) = '01001' or INVOICE_AMOUNT = 0)",SEGMENT_711
RTR_LIAB_EXP,Router,LIABILITY,"agg_BATCH_ERROR_FLAG = 'N' AND 
(SUBSTR(TYPE2_ACC_NO,1,5) = '01001' or INVOICE_AMOUNT = 0)",SEGMENT_811
RTR_LIAB_EXP,Router,LIABILITY,"agg_BATCH_ERROR_FLAG = 'N' AND 
(SUBSTR(TYPE2_ACC_NO,1,5) = '01001' or INVOICE_AMOUNT = 0)",SEGMENT_911
RTR_LIAB_EXP,Router,LIABILITY,"agg_BATCH_ERROR_FLAG = 'N' AND 
(SUBSTR(TYPE2_ACC_NO,1,5) = '01001' or INVOICE_AMOUNT = 0)",lkp_PYMTTERMS_POV_TX1
RTR_LIAB_EXP,Router,LIABILITY,"agg_BATCH_ERROR_FLAG = 'N' AND 
(SUBSTR(TYPE2_ACC_NO,1,5) = '01001' or INVOICE_AMOUNT = 0)",lkp_PYMTTERMS_BDIV_TX1
RTR_LIAB_EXP,Router,LIABILITY,"agg_BATCH_ERROR_FLAG = 'N' AND 
(SUBSTR(TYPE2_ACC_NO,1,5) = '01001' or INVOICE_AMOUNT = 0)",o_CCN_ERROR_FLAG1
RTR_LIAB_EXP,Router,LIABILITY,"agg_BATCH_ERROR_FLAG = 'N' AND 
(SUBSTR(TYPE2_ACC_NO,1,5) = '01001' or INVOICE_AMOUNT = 0)",o_MGT_DIV_ERROR_FLAG1
RTR_SPLIT_LIABILITY,Router,DEFAULT1,,BTC_REF_NO2
RTR_SPLIT_LIABILITY,Router,DEFAULT1,,MGT_DIV_NO2
RTR_SPLIT_LIABILITY,Router,DEFAULT1,,SYS_SRC_CD2
RTR_SPLIT_LIABILITY,Router,DEFAULT1,,KAS_PRJ_CD2
RTR_SPLIT_LIABILITY,Router,DEFAULT1,,KAS_DIV_NO2
RTR_SPLIT_LIABILITY,Router,DEFAULT1,,ACC_NO2
RTR_SPLIT_LIABILITY,Router,DEFAULT1,,DESC2
RTR_SPLIT_LIABILITY,Router,DEFAULT1,,IDN_NO2
RTR_SPLIT_LIABILITY,Router,DEFAULT1,,JRL_ENT_NO2
RTR_SPLIT_LIABILITY,Router,DEFAULT1,,VENDOR_NAME2
RTR_SPLIT_LIABILITY,Router,DEFAULT1,,OWNER2
RTR_SPLIT_LIABILITY,Router,DEFAULT1,,YEAR_PERIOD2
RTR_SPLIT_LIABILITY,Router,DEFAULT1,,STORE_NO2
RTR_SPLIT_LIABILITY,Router,DEFAULT1,,INV_NO2
RTR_SPLIT_LIABILITY,Router,DEFAULT1,,FISCAL_WEEK2
RTR_SPLIT_LIABILITY,Router,DEFAULT1,,PO_NUM2
RTR_SPLIT_LIABILITY,Router,DEFAULT1,,CA_NO2
RTR_SPLIT_LIABILITY,Router,DEFAULT1,,DOLLAR_AMT2
RTR_SPLIT_LIABILITY,Router,DEFAULT1,,DEPT_LOCATION2
RTR_SPLIT_LIABILITY,Router,DEFAULT1,,SUB_CLASS2
RTR_SPLIT_LIABILITY,Router,DEFAULT1,,RECEIVER_NUMBER2
RTR_SPLIT_LIABILITY,Router,DEFAULT1,,UNIQUE_NUMBER2
RTR_SPLIT_LIABILITY,Router,DEFAULT1,,FILLER2
RTR_SPLIT_LIABILITY,Router,DEFAULT1,,INVOICE_ID2
RTR_SPLIT_LIABILITY,Router,DEFAULT1,,agg_ORACLE_ACCOUNT_CNT2
RTR_SPLIT_LIABILITY,Router,DEFAULT1,,agg_DLT_LOC_CNT2
RTR_SPLIT_LIABILITY,Router,DEFAULT1,,agg_BATCH_ERROR_FLAG2
RTR_SPLIT_LIABILITY,Router,DEFAULT1,,agg_ERROR_CNT2
RTR_SPLIT_LIABILITY,Router,DEFAULT1,,agg_PROCESSED_CNT2
RTR_SPLIT_LIABILITY,Router,DEFAULT1,,agg_CCN_CNT2
RTR_SPLIT_LIABILITY,Router,DEFAULT1,,STO_NO2
RTR_SPLIT_LIABILITY,Router,DEFAULT1,,BIL_DIV_NO2
RTR_SPLIT_LIABILITY,Router,DEFAULT1,,GROUP_ID2
RTR_SPLIT_LIABILITY,Router,DEFAULT1,,TYPE2_ACC_NO2
RTR_SPLIT_LIABILITY,Router,DEFAULT1,,OPERATING_UNIT2
RTR_SPLIT_LIABILITY,Router,DEFAULT1,,SOURCE2
RTR_SPLIT_LIABILITY,Router,DEFAULT1,,INVOICE_NUM2
RTR_SPLIT_LIABILITY,Router,DEFAULT1,,INVOICE_AMOUNT2
RTR_SPLIT_LIABILITY,Router,DEFAULT1,,INVOICE_DATE2
RTR_SPLIT_LIABILITY,Router,DEFAULT1,,VENDOR_NAME2
RTR_SPLIT_LIABILITY,Router,DEFAULT1,,VENDOR_NUM2
RTR_SPLIT_LIABILITY,Router,DEFAULT1,,VENDOR_SITE_CODE2
RTR_SPLIT_LIABILITY,Router,DEFAULT1,,INVOICE_CURRENCY_CODE2
RTR_SPLIT_LIABILITY,Router,DEFAULT1,,PAYMENT_CURRENCY_CODE2
RTR_SPLIT_LIABILITY,Router,DEFAULT1,,DESCRIPTION2
RTR_SPLIT_LIABILITY,Router,DEFAULT1,,INVOICE_TYPE_LOOKUP_CODE2
RTR_SPLIT_LIABILITY,Router,DEFAULT1,,LEGAL_ENTITY_NAME2
RTR_SPLIT_LIABILITY,Router,DEFAULT1,,TERMS_NAME2
RTR_SPLIT_LIABILITY,Router,DEFAULT1,,TERMS_DATE2
RTR_SPLIT_LIABILITY,Router,DEFAULT1,,ACCOUNTING_DATE2
RTR_SPLIT_LIABILITY,Router,DEFAULT1,,PAYMENT_METHOD_CODE2
RTR_SPLIT_LIABILITY,Router,DEFAULT1,,REMIT_TO_SUPPLIER_NAME2
RTR_SPLIT_LIABILITY,Router,DEFAULT1,,REMIT_TO_SUPPLIER_NUM2
RTR_SPLIT_LIABILITY,Router,DEFAULT1,,REMIT_TO_ADDRESS_NAME2
RTR_SPLIT_LIABILITY,Router,DEFAULT1,,ATTRIBUTE_CATEGORY2
RTR_SPLIT_LIABILITY,Router,DEFAULT1,,ATTRIBUTE12
RTR_SPLIT_LIABILITY,Router,DEFAULT1,,ATTRIBUTE22
RTR_SPLIT_LIABILITY,Router,DEFAULT1,,ATTRIBUTE32
RTR_SPLIT_LIABILITY,Router,DEFAULT1,,ATTRIBUTE42
RTR_SPLIT_LIABILITY,Router,DEFAULT1,,ATTRIBUTE52
RTR_SPLIT_LIABILITY,Router,DEFAULT1,,ATTRIBUTE62
RTR_SPLIT_LIABILITY,Router,DEFAULT1,,ATTRIBUTE72
RTR_SPLIT_LIABILITY,Router,DEFAULT1,,ATTRIBUTE82
RTR_SPLIT_LIABILITY,Router,DEFAULT1,,ATTRIBUTE92
RTR_SPLIT_LIABILITY,Router,DEFAULT1,,ATTRIBUTE102
RTR_SPLIT_LIABILITY,Router,DEFAULT1,,ATTRIBUTE1112
RTR_SPLIT_LIABILITY,Router,DEFAULT1,,ATTRIBUTE1212
RTR_SPLIT_LIABILITY,Router,DEFAULT1,,ATTRIBUTE1312
RTR_SPLIT_LIABILITY,Router,DEFAULT1,,ATTRIBUTE1412
RTR_SPLIT_LIABILITY,Router,DEFAULT1,,ATTRIBUTE152
RTR_SPLIT_LIABILITY,Router,DEFAULT1,,ATTRIBUTE_NUMBER12
RTR_SPLIT_LIABILITY,Router,DEFAULT1,,ATTRIBUTE_NUMBER22
RTR_SPLIT_LIABILITY,Router,DEFAULT1,,ATTRIBUTE_NUMBER32
RTR_SPLIT_LIABILITY,Router,DEFAULT1,,LINE_TYPE_LOOKUP_CODE2
RTR_SPLIT_LIABILITY,Router,DEFAULT1,,TYPE2_KAS_PRJ_CD2
RTR_SPLIT_LIABILITY,Router,DEFAULT1,,TYPE2_KAS_DIV_NO2
RTR_SPLIT_LIABILITY,Router,DEFAULT1,,TYPE2_DESC2
RTR_SPLIT_LIABILITY,Router,DEFAULT1,,TYPE2_IDN_NO2
RTR_SPLIT_LIABILITY,Router,DEFAULT1,,TYPE2_INV_NO2
RTR_SPLIT_LIABILITY,Router,DEFAULT1,,TYPE2_JRL_ENT_NO2
RTR_SPLIT_LIABILITY,Router,DEFAULT1,,TYPE2_VENDOR_NAME2
RTR_SPLIT_LIABILITY,Router,DEFAULT1,,TYPE2_OWNER2
RTR_SPLIT_LIABILITY,Router,DEFAULT1,,TYPE2_YEAR_PERIOD2
RTR_SPLIT_LIABILITY,Router,DEFAULT1,,TYPE2_STORE_NO2
RTR_SPLIT_LIABILITY,Router,DEFAULT1,,TYPE2_FISCAL_WEEK2
RTR_SPLIT_LIABILITY,Router,DEFAULT1,,TYPE2_PO_NUM2
RTR_SPLIT_LIABILITY,Router,DEFAULT1,,TYPE2_CA_NO2
RTR_SPLIT_LIABILITY,Router,DEFAULT1,,TYPE2_DOLLAR_AMT2
RTR_SPLIT_LIABILITY,Router,DEFAULT1,,TYPE2_DEPT_LOCATION2
RTR_SPLIT_LIABILITY,Router,DEFAULT1,,TYPE2_SUB_CLASS2
RTR_SPLIT_LIABILITY,Router,DEFAULT1,,TYPE2_RECEIVER_NUMBER2
RTR_SPLIT_LIABILITY,Router,DEFAULT1,,ORACLE_COA_CODE_CONCATENATED2
RTR_SPLIT_LIABILITY,Router,DEFAULT1,,o_BILL_DIV_ERROR2
RTR_SPLIT_LIABILITY,Router,DEFAULT1,,o_ORACLE_ACC_ERROR_FLAG2
RTR_SPLIT_LIABILITY,Router,DEFAULT1,,o_DLT_LOC_ERROR_FLAG2
RTR_SPLIT_LIABILITY,Router,DEFAULT1,,MANUFACTURING_v12
RTR_SPLIT_LIABILITY,Router,DEFAULT1,,SEGMENT_112
RTR_SPLIT_LIABILITY,Router,DEFAULT1,,SEGMENT_212
RTR_SPLIT_LIABILITY,Router,DEFAULT1,,SEGMENT_312
RTR_SPLIT_LIABILITY,Router,DEFAULT1,,SEGMENT_412
RTR_SPLIT_LIABILITY,Router,DEFAULT1,,SEGMENT_512
RTR_SPLIT_LIABILITY,Router,DEFAULT1,,SEGMENT_612
RTR_SPLIT_LIABILITY,Router,DEFAULT1,,SEGMENT_712
RTR_SPLIT_LIABILITY,Router,DEFAULT1,,SEGMENT_812
RTR_SPLIT_LIABILITY,Router,DEFAULT1,,SEGMENT_912
RTR_SPLIT_LIABILITY,Router,DEFAULT1,,lkp_PYMTTERMS_POV_TX2
RTR_SPLIT_LIABILITY,Router,DEFAULT1,,lkp_PYMTTERMS_BDIV_TX2
RTR_SPLIT_LIABILITY,Router,DEFAULT1,,o_CCN_ERROR_FLAG2
RTR_SPLIT_LIABILITY,Router,DEFAULT1,,o_MGT_DIV_ERROR_FLAG2
RTR_SPLIT_LIABILITY,Router,DEFAULT1,,SRC_DIVISION_SEGMENT_HEADER42
RTR_SPLIT_LIABILITY,Router,DEFAULT1,,SRC_ACCOUNT_SEGMENT_HEADER42
RTR_SPLIT_LIABILITY,Router,DEFAULT1,,SRC_LOCATION_SEGMENT_HEADER42
RTR_SPLIT_LIABILITY,Router,DEFAULT1,,o_SEGMENT_1_HEADER42
RTR_SPLIT_LIABILITY,Router,DEFAULT1,,o_SEGMENT_2_HEADER42
RTR_SPLIT_LIABILITY,Router,DEFAULT1,,o_SEGMENT_3_HEADER42
RTR_SPLIT_LIABILITY,Router,DEFAULT1,,o_SEGMENT_4_HEADER42
RTR_SPLIT_LIABILITY,Router,DEFAULT1,,o_SEGMENT_5_HEADER42
RTR_SPLIT_LIABILITY,Router,DEFAULT1,,o_SEGMENT_6_HEADER42
RTR_SPLIT_LIABILITY,Router,DEFAULT1,,o_ACC_ERR_FLG_HEADER42
RTR_SPLIT_LIABILITY,Router,DEFAULT1,,o_LOC_ERR_FLG_HEADER42
RTR_SPLIT_LIABILITY,Router,DEFAULT1,,o_DIV_ERROR_HEADER42
RTR_SPLIT_LIABILITY,Router,DEFAULT1,,STAGE_ID2
RTR_SPLIT_LIABILITY,Router,DEFAULT1,,BATCH_CONTROL_ID12
RTR_SPLIT_LIABILITY,Router,DEFAULT1,,FEED_ID2
RTR_SPLIT_LIABILITY,Router,DEFAULT1,,JSON_OUTPUT_OUTPUT_JSON2
RTR_SPLIT_LIABILITY,Router,DEFAULT1,,PAYMENT_TERMS_POV_CD_OUTPUT_JSON2
RTR_SPLIT_LIABILITY,Router,DEFAULT1,,PAYMENT_TERMS_BDIV_CD_OUTPUT_JSON2
RTR_SPLIT_LIABILITY,Router,DEFAULT1,,K_NO_OUTPUT_JSON2
RTR_SPLIT_LIABILITY,Router,DEFAULT1,,CASH_CONTROL_NO_OUTPUT_JSON2
RTR_SPLIT_LIABILITY,Router,DEFAULT1,,CCN_ERR_FLG_HEADER_OUTPUT_JSON2
RTR_LIAB_EXP,Router,DEFAULT1,,BTC_REF_NO2
RTR_LIAB_EXP,Router,DEFAULT1,,MGT_DIV_NO2
RTR_LIAB_EXP,Router,DEFAULT1,,SYS_SRC_CD2
RTR_LIAB_EXP,Router,DEFAULT1,,KAS_PRJ_CD2
RTR_LIAB_EXP,Router,DEFAULT1,,KAS_DIV_NO2
RTR_LIAB_EXP,Router,DEFAULT1,,ACC_NO2
RTR_LIAB_EXP,Router,DEFAULT1,,DESC2
RTR_LIAB_EXP,Router,DEFAULT1,,IDN_NO2
RTR_LIAB_EXP,Router,DEFAULT1,,JRL_ENT_NO2
RTR_LIAB_EXP,Router,DEFAULT1,,VENDOR_NAME2
RTR_LIAB_EXP,Router,DEFAULT1,,OWNER2
RTR_LIAB_EXP,Router,DEFAULT1,,YEAR_PERIOD2
RTR_LIAB_EXP,Router,DEFAULT1,,STORE_NO2
RTR_LIAB_EXP,Router,DEFAULT1,,INV_NO2
RTR_LIAB_EXP,Router,DEFAULT1,,FISCAL_WEEK2
RTR_LIAB_EXP,Router,DEFAULT1,,PO_NUM2
RTR_LIAB_EXP,Router,DEFAULT1,,CA_NO2
RTR_LIAB_EXP,Router,DEFAULT1,,DOLLAR_AMT2
RTR_LIAB_EXP,Router,DEFAULT1,,DEPT_LOCATION2
RTR_LIAB_EXP,Router,DEFAULT1,,SUB_CLASS2
RTR_LIAB_EXP,Router,DEFAULT1,,RECEIVER_NUMBER2
RTR_LIAB_EXP,Router,DEFAULT1,,UNIQUE_NUMBER2
RTR_LIAB_EXP,Router,DEFAULT1,,FILLER2
RTR_LIAB_EXP,Router,DEFAULT1,,INVOICE_ID2
RTR_LIAB_EXP,Router,DEFAULT1,,agg_ORACLE_ACCOUNT_CNT2
RTR_LIAB_EXP,Router,DEFAULT1,,agg_DLT_LOC_CNT2
RTR_LIAB_EXP,Router,DEFAULT1,,agg_BATCH_ERROR_FLAG2
RTR_LIAB_EXP,Router,DEFAULT1,,agg_ERROR_CNT2
RTR_LIAB_EXP,Router,DEFAULT1,,agg_PROCESSED_CNT2
RTR_LIAB_EXP,Router,DEFAULT1,,agg_CCN_CNT2
RTR_LIAB_EXP,Router,DEFAULT1,,STO_NO2
RTR_LIAB_EXP,Router,DEFAULT1,,BIL_DIV_NO2
RTR_LIAB_EXP,Router,DEFAULT1,,GROUP_ID2
RTR_LIAB_EXP,Router,DEFAULT1,,TYPE2_ACC_NO2
RTR_LIAB_EXP,Router,DEFAULT1,,OPERATING_UNIT2
RTR_LIAB_EXP,Router,DEFAULT1,,SOURCE2
RTR_LIAB_EXP,Router,DEFAULT1,,INVOICE_NUM2
RTR_LIAB_EXP,Router,DEFAULT1,,INVOICE_AMOUNT2
RTR_LIAB_EXP,Router,DEFAULT1,,INVOICE_DATE2
RTR_LIAB_EXP,Router,DEFAULT1,,VENDOR_NAME2
RTR_LIAB_EXP,Router,DEFAULT1,,VENDOR_NUM2
RTR_LIAB_EXP,Router,DEFAULT1,,VENDOR_SITE_CODE2
RTR_LIAB_EXP,Router,DEFAULT1,,INVOICE_CURRENCY_CODE2
RTR_LIAB_EXP,Router,DEFAULT1,,PAYMENT_CURRENCY_CODE2
RTR_LIAB_EXP,Router,DEFAULT1,,DESCRIPTION2
RTR_LIAB_EXP,Router,DEFAULT1,,INVOICE_TYPE_LOOKUP_CODE2
RTR_LIAB_EXP,Router,DEFAULT1,,LEGAL_ENTITY_NAME2
RTR_LIAB_EXP,Router,DEFAULT1,,TERMS_NAME2
RTR_LIAB_EXP,Router,DEFAULT1,,TERMS_DATE2
RTR_LIAB_EXP,Router,DEFAULT1,,ACCOUNTING_DATE2
RTR_LIAB_EXP,Router,DEFAULT1,,PAYMENT_METHOD_CODE2
RTR_LIAB_EXP,Router,DEFAULT1,,REMIT_TO_SUPPLIER_NAME2
RTR_LIAB_EXP,Router,DEFAULT1,,REMIT_TO_SUPPLIER_NUM2
RTR_LIAB_EXP,Router,DEFAULT1,,REMIT_TO_ADDRESS_NAME2
RTR_LIAB_EXP,Router,DEFAULT1,,ATTRIBUTE_CATEGORY2
RTR_LIAB_EXP,Router,DEFAULT1,,ATTRIBUTE12
RTR_LIAB_EXP,Router,DEFAULT1,,ATTRIBUTE22
RTR_LIAB_EXP,Router,DEFAULT1,,ATTRIBUTE32
RTR_LIAB_EXP,Router,DEFAULT1,,ATTRIBUTE42
RTR_LIAB_EXP,Router,DEFAULT1,,ATTRIBUTE52
RTR_LIAB_EXP,Router,DEFAULT1,,ATTRIBUTE62
RTR_LIAB_EXP,Router,DEFAULT1,,ATTRIBUTE72
RTR_LIAB_EXP,Router,DEFAULT1,,ATTRIBUTE82
RTR_LIAB_EXP,Router,DEFAULT1,,ATTRIBUTE92
RTR_LIAB_EXP,Router,DEFAULT1,,ATTRIBUTE102
RTR_LIAB_EXP,Router,DEFAULT1,,ATTRIBUTE1112
RTR_LIAB_EXP,Router,DEFAULT1,,ATTRIBUTE1212
RTR_LIAB_EXP,Router,DEFAULT1,,ATTRIBUTE1312
RTR_LIAB_EXP,Router,DEFAULT1,,ATTRIBUTE1412
RTR_LIAB_EXP,Router,DEFAULT1,,ATTRIBUTE152
RTR_LIAB_EXP,Router,DEFAULT1,,ATTRIBUTE_NUMBER12
RTR_LIAB_EXP,Router,DEFAULT1,,ATTRIBUTE_NUMBER22
RTR_LIAB_EXP,Router,DEFAULT1,,ATTRIBUTE_NUMBER32
RTR_LIAB_EXP,Router,DEFAULT1,,LINE_TYPE_LOOKUP_CODE2
RTR_LIAB_EXP,Router,DEFAULT1,,TYPE2_KAS_PRJ_CD2
RTR_LIAB_EXP,Router,DEFAULT1,,TYPE2_KAS_DIV_NO2
RTR_LIAB_EXP,Router,DEFAULT1,,TYPE2_DESC2
RTR_LIAB_EXP,Router,DEFAULT1,,TYPE2_IDN_NO2
RTR_LIAB_EXP,Router,DEFAULT1,,TYPE2_INV_NO2
RTR_LIAB_EXP,Router,DEFAULT1,,TYPE2_JRL_ENT_NO2
RTR_LIAB_EXP,Router,DEFAULT1,,TYPE2_VENDOR_NAME2
RTR_LIAB_EXP,Router,DEFAULT1,,TYPE2_OWNER2
RTR_LIAB_EXP,Router,DEFAULT1,,TYPE2_YEAR_PERIOD2
RTR_LIAB_EXP,Router,DEFAULT1,,TYPE2_STORE_NO2
RTR_LIAB_EXP,Router,DEFAULT1,,TYPE2_FISCAL_WEEK2
RTR_LIAB_EXP,Router,DEFAULT1,,TYPE2_PO_NUM2
RTR_LIAB_EXP,Router,DEFAULT1,,TYPE2_CA_NO2
RTR_LIAB_EXP,Router,DEFAULT1,,TYPE2_DOLLAR_AMT2
RTR_LIAB_EXP,Router,DEFAULT1,,TYPE2_DEPT_LOCATION2
RTR_LIAB_EXP,Router,DEFAULT1,,TYPE2_SUB_CLASS2
RTR_LIAB_EXP,Router,DEFAULT1,,TYPE2_RECEIVER_NUMBER2
RTR_LIAB_EXP,Router,DEFAULT1,,ORACLE_COA_CODE_CONCATENATED2
RTR_LIAB_EXP,Router,DEFAULT1,,o_BILL_DIV_ERROR2
RTR_LIAB_EXP,Router,DEFAULT1,,o_ORACLE_ACC_ERROR_FLAG2
RTR_LIAB_EXP,Router,DEFAULT1,,o_DLT_LOC_ERROR_FLAG2
RTR_LIAB_EXP,Router,DEFAULT1,,MANUFACTURING_v12
RTR_LIAB_EXP,Router,DEFAULT1,,SEGMENT_112
RTR_LIAB_EXP,Router,DEFAULT1,,SEGMENT_212
RTR_LIAB_EXP,Router,DEFAULT1,,SEGMENT_312
RTR_LIAB_EXP,Router,DEFAULT1,,SEGMENT_412
RTR_LIAB_EXP,Router,DEFAULT1,,SEGMENT_512
RTR_LIAB_EXP,Router,DEFAULT1,,SEGMENT_612
RTR_LIAB_EXP,Router,DEFAULT1,,SEGMENT_712
RTR_LIAB_EXP,Router,DEFAULT1,,SEGMENT_812
RTR_LIAB_EXP,Router,DEFAULT1,,SEGMENT_912
RTR_LIAB_EXP,Router,DEFAULT1,,lkp_PYMTTERMS_POV_TX2
RTR_LIAB_EXP,Router,DEFAULT1,,lkp_PYMTTERMS_BDIV_TX2
RTR_LIAB_EXP,Router,DEFAULT1,,o_CCN_ERROR_FLAG2
RTR_LIAB_EXP,Router,DEFAULT1,,o_MGT_DIV_ERROR_FLAG2
RTR_LIAB_EXP,Router,DEFAULT1,,SRC_DIVISION_SEGMENT_HEADER42
RTR_LIAB_EXP,Router,DEFAULT1,,SRC_ACCOUNT_SEGMENT_HEADER42
RTR_LIAB_EXP,Router,DEFAULT1,,SRC_LOCATION_SEGMENT_HEADER42
RTR_LIAB_EXP,Router,DEFAULT1,,o_SEGMENT_1_HEADER42
RTR_LIAB_EXP,Router,DEFAULT1,,o_SEGMENT_2_HEADER42
RTR_LIAB_EXP,Router,DEFAULT1,,o_SEGMENT_3_HEADER42
RTR_LIAB_EXP,Router,DEFAULT1,,o_SEGMENT_4_HEADER42
RTR_LIAB_EXP,Router,DEFAULT1,,o_SEGMENT_5_HEADER42
RTR_LIAB_EXP,Router,DEFAULT1,,o_SEGMENT_6_HEADER42
RTR_LIAB_EXP,Router,DEFAULT1,,o_ACC_ERR_FLG_HEADER42
RTR_LIAB_EXP,Router,DEFAULT1,,o_LOC_ERR_FLG_HEADER42
RTR_LIAB_EXP,Router,DEFAULT1,,o_DIV_ERROR_HEADER42
RTR_LIAB_EXP,Router,DEFAULT1,,STAGE_ID2
RTR_LIAB_EXP,Router,DEFAULT1,,BATCH_CONTROL_ID12
RTR_LIAB_EXP,Router,DEFAULT1,,FEED_ID2
RTR_LIAB_EXP,Router,DEFAULT1,,JSON_OUTPUT_OUTPUT_JSON2
RTR_LIAB_EXP,Router,DEFAULT1,,PAYMENT_TERMS_POV_CD_OUTPUT_JSON2
RTR_LIAB_EXP,Router,DEFAULT1,,PAYMENT_TERMS_BDIV_CD_OUTPUT_JSON2
RTR_LIAB_EXP,Router,DEFAULT1,,K_NO_OUTPUT_JSON2
RTR_LIAB_EXP,Router,DEFAULT1,,CASH_CONTROL_NO_OUTPUT_JSON2
RTR_LIAB_EXP,Router,DEFAULT1,,CCN_ERR_FLG_HEADER_OUTPUT_JSON2
RTR_IDENTIFY_ACCOUNT_LOCATION_ERRORS1,Router,DEFAULT1,,BTC_REF_NO2
RTR_IDENTIFY_ACCOUNT_LOCATION_ERRORS1,Router,DEFAULT1,,MGT_DIV_NO2
RTR_IDENTIFY_ACCOUNT_LOCATION_ERRORS1,Router,DEFAULT1,,SYS_SRC_CD2
RTR_IDENTIFY_ACCOUNT_LOCATION_ERRORS1,Router,DEFAULT1,,KAS_PRJ_CD2
RTR_IDENTIFY_ACCOUNT_LOCATION_ERRORS1,Router,DEFAULT1,,KAS_DIV_NO2
RTR_IDENTIFY_ACCOUNT_LOCATION_ERRORS1,Router,DEFAULT1,,ACC_NO2
RTR_IDENTIFY_ACCOUNT_LOCATION_ERRORS1,Router,DEFAULT1,,DESC2
RTR_IDENTIFY_ACCOUNT_LOCATION_ERRORS1,Router,DEFAULT1,,IDN_NO2
RTR_IDENTIFY_ACCOUNT_LOCATION_ERRORS1,Router,DEFAULT1,,JRL_ENT_NO2
RTR_IDENTIFY_ACCOUNT_LOCATION_ERRORS1,Router,DEFAULT1,,VENDOR_NAME2
RTR_IDENTIFY_ACCOUNT_LOCATION_ERRORS1,Router,DEFAULT1,,OWNER2
RTR_IDENTIFY_ACCOUNT_LOCATION_ERRORS1,Router,DEFAULT1,,YEAR_PERIOD2
RTR_IDENTIFY_ACCOUNT_LOCATION_ERRORS1,Router,DEFAULT1,,STORE_NO2
RTR_IDENTIFY_ACCOUNT_LOCATION_ERRORS1,Router,DEFAULT1,,INV_NO2
RTR_IDENTIFY_ACCOUNT_LOCATION_ERRORS1,Router,DEFAULT1,,FISCAL_WEEK2
RTR_IDENTIFY_ACCOUNT_LOCATION_ERRORS1,Router,DEFAULT1,,PO_NUM2
RTR_IDENTIFY_ACCOUNT_LOCATION_ERRORS1,Router,DEFAULT1,,CA_NO2
RTR_IDENTIFY_ACCOUNT_LOCATION_ERRORS1,Router,DEFAULT1,,DOLLAR_AMT2
RTR_IDENTIFY_ACCOUNT_LOCATION_ERRORS1,Router,DEFAULT1,,DEPT_LOCATION2
RTR_IDENTIFY_ACCOUNT_LOCATION_ERRORS1,Router,DEFAULT1,,SUB_CLASS2
RTR_IDENTIFY_ACCOUNT_LOCATION_ERRORS1,Router,DEFAULT1,,RECEIVER_NUMBER2
RTR_IDENTIFY_ACCOUNT_LOCATION_ERRORS1,Router,DEFAULT1,,UNIQUE_NUMBER2
RTR_IDENTIFY_ACCOUNT_LOCATION_ERRORS1,Router,DEFAULT1,,FILLER2
RTR_IDENTIFY_ACCOUNT_LOCATION_ERRORS1,Router,DEFAULT1,,INVOICE_ID2
RTR_IDENTIFY_ACCOUNT_LOCATION_ERRORS1,Router,DEFAULT1,,agg_ORACLE_ACCOUNT_CNT2
RTR_IDENTIFY_ACCOUNT_LOCATION_ERRORS1,Router,DEFAULT1,,agg_DLT_LOC_CNT2
RTR_IDENTIFY_ACCOUNT_LOCATION_ERRORS1,Router,DEFAULT1,,agg_BATCH_ERROR_FLAG2
RTR_IDENTIFY_ACCOUNT_LOCATION_ERRORS1,Router,DEFAULT1,,agg_ERROR_CNT2
RTR_IDENTIFY_ACCOUNT_LOCATION_ERRORS1,Router,DEFAULT1,,agg_PROCESSED_CNT2
RTR_IDENTIFY_ACCOUNT_LOCATION_ERRORS1,Router,DEFAULT1,,agg_CCN_CNT2
RTR_IDENTIFY_ACCOUNT_LOCATION_ERRORS1,Router,DEFAULT1,,STO_NO2
RTR_IDENTIFY_ACCOUNT_LOCATION_ERRORS1,Router,DEFAULT1,,BIL_DIV_NO2
RTR_IDENTIFY_ACCOUNT_LOCATION_ERRORS1,Router,DEFAULT1,,GROUP_ID2
RTR_IDENTIFY_ACCOUNT_LOCATION_ERRORS1,Router,DEFAULT1,,TYPE2_ACC_NO2
RTR_IDENTIFY_ACCOUNT_LOCATION_ERRORS1,Router,DEFAULT1,,OPERATING_UNIT2
RTR_IDENTIFY_ACCOUNT_LOCATION_ERRORS1,Router,DEFAULT1,,SOURCE2
RTR_IDENTIFY_ACCOUNT_LOCATION_ERRORS1,Router,DEFAULT1,,INVOICE_NUM2
RTR_IDENTIFY_ACCOUNT_LOCATION_ERRORS1,Router,DEFAULT1,,INVOICE_AMOUNT2
RTR_IDENTIFY_ACCOUNT_LOCATION_ERRORS1,Router,DEFAULT1,,INVOICE_DATE2
RTR_IDENTIFY_ACCOUNT_LOCATION_ERRORS1,Router,DEFAULT1,,VENDOR_NAME2
RTR_IDENTIFY_ACCOUNT_LOCATION_ERRORS1,Router,DEFAULT1,,VENDOR_NUM2
RTR_IDENTIFY_ACCOUNT_LOCATION_ERRORS1,Router,DEFAULT1,,VENDOR_SITE_CODE2
RTR_IDENTIFY_ACCOUNT_LOCATION_ERRORS1,Router,DEFAULT1,,INVOICE_CURRENCY_CODE2
RTR_IDENTIFY_ACCOUNT_LOCATION_ERRORS1,Router,DEFAULT1,,PAYMENT_CURRENCY_CODE2
RTR_IDENTIFY_ACCOUNT_LOCATION_ERRORS1,Router,DEFAULT1,,DESCRIPTION2
RTR_IDENTIFY_ACCOUNT_LOCATION_ERRORS1,Router,DEFAULT1,,INVOICE_TYPE_LOOKUP_CODE2
RTR_IDENTIFY_ACCOUNT_LOCATION_ERRORS1,Router,DEFAULT1,,LEGAL_ENTITY_NAME2
RTR_IDENTIFY_ACCOUNT_LOCATION_ERRORS1,Router,DEFAULT1,,TERMS_NAME2
RTR_IDENTIFY_ACCOUNT_LOCATION_ERRORS1,Router,DEFAULT1,,TERMS_DATE2
RTR_IDENTIFY_ACCOUNT_LOCATION_ERRORS1,Router,DEFAULT1,,ACCOUNTING_DATE2
RTR_IDENTIFY_ACCOUNT_LOCATION_ERRORS1,Router,DEFAULT1,,PAYMENT_METHOD_CODE2
RTR_IDENTIFY_ACCOUNT_LOCATION_ERRORS1,Router,DEFAULT1,,REMIT_TO_SUPPLIER_NAME2
RTR_IDENTIFY_ACCOUNT_LOCATION_ERRORS1,Router,DEFAULT1,,REMIT_TO_SUPPLIER_NUM2
RTR_IDENTIFY_ACCOUNT_LOCATION_ERRORS1,Router,DEFAULT1,,REMIT_TO_ADDRESS_NAME2
RTR_IDENTIFY_ACCOUNT_LOCATION_ERRORS1,Router,DEFAULT1,,ATTRIBUTE_CATEGORY2
RTR_IDENTIFY_ACCOUNT_LOCATION_ERRORS1,Router,DEFAULT1,,ATTRIBUTE12
RTR_IDENTIFY_ACCOUNT_LOCATION_ERRORS1,Router,DEFAULT1,,ATTRIBUTE22
RTR_IDENTIFY_ACCOUNT_LOCATION_ERRORS1,Router,DEFAULT1,,ATTRIBUTE32
RTR_IDENTIFY_ACCOUNT_LOCATION_ERRORS1,Router,DEFAULT1,,ATTRIBUTE42
RTR_IDENTIFY_ACCOUNT_LOCATION_ERRORS1,Router,DEFAULT1,,ATTRIBUTE52
RTR_IDENTIFY_ACCOUNT_LOCATION_ERRORS1,Router,DEFAULT1,,ATTRIBUTE62
RTR_IDENTIFY_ACCOUNT_LOCATION_ERRORS1,Router,DEFAULT1,,ATTRIBUTE72
RTR_IDENTIFY_ACCOUNT_LOCATION_ERRORS1,Router,DEFAULT1,,ATTRIBUTE82
RTR_IDENTIFY_ACCOUNT_LOCATION_ERRORS1,Router,DEFAULT1,,ATTRIBUTE92
RTR_IDENTIFY_ACCOUNT_LOCATION_ERRORS1,Router,DEFAULT1,,ATTRIBUTE102
RTR_IDENTIFY_ACCOUNT_LOCATION_ERRORS1,Router,DEFAULT1,,ATTRIBUTE1112
RTR_IDENTIFY_ACCOUNT_LOCATION_ERRORS1,Router,DEFAULT1,,ATTRIBUTE1212
RTR_IDENTIFY_ACCOUNT_LOCATION_ERRORS1,Router,DEFAULT1,,ATTRIBUTE1312
RTR_IDENTIFY_ACCOUNT_LOCATION_ERRORS1,Router,DEFAULT1,,ATTRIBUTE1412
RTR_IDENTIFY_ACCOUNT_LOCATION_ERRORS1,Router,DEFAULT1,,ATTRIBUTE152
RTR_IDENTIFY_ACCOUNT_LOCATION_ERRORS1,Router,DEFAULT1,,ATTRIBUTE_NUMBER12
RTR_IDENTIFY_ACCOUNT_LOCATION_ERRORS1,Router,DEFAULT1,,ATTRIBUTE_NUMBER22
RTR_IDENTIFY_ACCOUNT_LOCATION_ERRORS1,Router,DEFAULT1,,ATTRIBUTE_NUMBER32
RTR_IDENTIFY_ACCOUNT_LOCATION_ERRORS1,Router,DEFAULT1,,LINE_TYPE_LOOKUP_CODE2
RTR_IDENTIFY_ACCOUNT_LOCATION_ERRORS1,Router,DEFAULT1,,TYPE2_KAS_PRJ_CD2
RTR_IDENTIFY_ACCOUNT_LOCATION_ERRORS1,Router,DEFAULT1,,TYPE2_KAS_DIV_NO2
RTR_IDENTIFY_ACCOUNT_LOCATION_ERRORS1,Router,DEFAULT1,,TYPE2_DESC2
RTR_IDENTIFY_ACCOUNT_LOCATION_ERRORS1,Router,DEFAULT1,,TYPE2_IDN_NO2
RTR_IDENTIFY_ACCOUNT_LOCATION_ERRORS1,Router,DEFAULT1,,TYPE2_INV_NO2
RTR_IDENTIFY_ACCOUNT_LOCATION_ERRORS1,Router,DEFAULT1,,TYPE2_JRL_ENT_NO2
RTR_IDENTIFY_ACCOUNT_LOCATION_ERRORS1,Router,DEFAULT1,,TYPE2_VENDOR_NAME2
RTR_IDENTIFY_ACCOUNT_LOCATION_ERRORS1,Router,DEFAULT1,,TYPE2_OWNER2
RTR_IDENTIFY_ACCOUNT_LOCATION_ERRORS1,Router,DEFAULT1,,TYPE2_YEAR_PERIOD2
RTR_IDENTIFY_ACCOUNT_LOCATION_ERRORS1,Router,DEFAULT1,,TYPE2_STORE_NO2
RTR_IDENTIFY_ACCOUNT_LOCATION_ERRORS1,Router,DEFAULT1,,TYPE2_FISCAL_WEEK2
RTR_IDENTIFY_ACCOUNT_LOCATION_ERRORS1,Router,DEFAULT1,,TYPE2_PO_NUM2
RTR_IDENTIFY_ACCOUNT_LOCATION_ERRORS1,Router,DEFAULT1,,TYPE2_CA_NO2
RTR_IDENTIFY_ACCOUNT_LOCATION_ERRORS1,Router,DEFAULT1,,TYPE2_DOLLAR_AMT2
RTR_IDENTIFY_ACCOUNT_LOCATION_ERRORS1,Router,DEFAULT1,,TYPE2_DEPT_LOCATION2
RTR_IDENTIFY_ACCOUNT_LOCATION_ERRORS1,Router,DEFAULT1,,TYPE2_SUB_CLASS2
RTR_IDENTIFY_ACCOUNT_LOCATION_ERRORS1,Router,DEFAULT1,,TYPE2_RECEIVER_NUMBER2
RTR_IDENTIFY_ACCOUNT_LOCATION_ERRORS1,Router,DEFAULT1,,ORACLE_COA_CODE_CONCATENATED2
RTR_IDENTIFY_ACCOUNT_LOCATION_ERRORS1,Router,DEFAULT1,,o_BILL_DIV_ERROR2
RTR_IDENTIFY_ACCOUNT_LOCATION_ERRORS1,Router,DEFAULT1,,o_ORACLE_ACC_ERROR_FLAG2
RTR_IDENTIFY_ACCOUNT_LOCATION_ERRORS1,Router,DEFAULT1,,o_DLT_LOC_ERROR_FLAG2
RTR_IDENTIFY_ACCOUNT_LOCATION_ERRORS1,Router,DEFAULT1,,MANUFACTURING_v12
RTR_IDENTIFY_ACCOUNT_LOCATION_ERRORS1,Router,DEFAULT1,,SEGMENT_112
RTR_IDENTIFY_ACCOUNT_LOCATION_ERRORS1,Router,DEFAULT1,,SEGMENT_212
RTR_IDENTIFY_ACCOUNT_LOCATION_ERRORS1,Router,DEFAULT1,,SEGMENT_312
RTR_IDENTIFY_ACCOUNT_LOCATION_ERRORS1,Router,DEFAULT1,,SEGMENT_412
RTR_IDENTIFY_ACCOUNT_LOCATION_ERRORS1,Router,DEFAULT1,,SEGMENT_512
RTR_IDENTIFY_ACCOUNT_LOCATION_ERRORS1,Router,DEFAULT1,,SEGMENT_612
RTR_IDENTIFY_ACCOUNT_LOCATION_ERRORS1,Router,DEFAULT1,,SEGMENT_712
RTR_IDENTIFY_ACCOUNT_LOCATION_ERRORS1,Router,DEFAULT1,,SEGMENT_812
RTR_IDENTIFY_ACCOUNT_LOCATION_ERRORS1,Router,DEFAULT1,,SEGMENT_912
RTR_IDENTIFY_ACCOUNT_LOCATION_ERRORS1,Router,DEFAULT1,,lkp_PYMTTERMS_POV_TX2
RTR_IDENTIFY_ACCOUNT_LOCATION_ERRORS1,Router,DEFAULT1,,lkp_PYMTTERMS_BDIV_TX2
RTR_IDENTIFY_ACCOUNT_LOCATION_ERRORS1,Router,DEFAULT1,,o_CCN_ERROR_FLAG2
RTR_IDENTIFY_ACCOUNT_LOCATION_ERRORS1,Router,DEFAULT1,,o_MGT_DIV_ERROR_FLAG2
RTR_IDENTIFY_ACCOUNT_LOCATION_ERRORS1,Router,DEFAULT1,,SRC_DIVISION_SEGMENT_HEADER42
RTR_IDENTIFY_ACCOUNT_LOCATION_ERRORS1,Router,DEFAULT1,,SRC_ACCOUNT_SEGMENT_HEADER42
RTR_IDENTIFY_ACCOUNT_LOCATION_ERRORS1,Router,DEFAULT1,,SRC_LOCATION_SEGMENT_HEADER42
RTR_IDENTIFY_ACCOUNT_LOCATION_ERRORS1,Router,DEFAULT1,,o_SEGMENT_1_HEADER42
RTR_IDENTIFY_ACCOUNT_LOCATION_ERRORS1,Router,DEFAULT1,,o_SEGMENT_2_HEADER42
RTR_IDENTIFY_ACCOUNT_LOCATION_ERRORS1,Router,DEFAULT1,,o_SEGMENT_3_HEADER42
RTR_IDENTIFY_ACCOUNT_LOCATION_ERRORS1,Router,DEFAULT1,,o_SEGMENT_4_HEADER42
RTR_IDENTIFY_ACCOUNT_LOCATION_ERRORS1,Router,DEFAULT1,,o_SEGMENT_5_HEADER42
RTR_IDENTIFY_ACCOUNT_LOCATION_ERRORS1,Router,DEFAULT1,,o_SEGMENT_6_HEADER42
RTR_IDENTIFY_ACCOUNT_LOCATION_ERRORS1,Router,DEFAULT1,,o_ACC_ERR_FLG_HEADER42
RTR_IDENTIFY_ACCOUNT_LOCATION_ERRORS1,Router,DEFAULT1,,o_LOC_ERR_FLG_HEADER42
RTR_IDENTIFY_ACCOUNT_LOCATION_ERRORS1,Router,DEFAULT1,,o_DIV_ERROR_HEADER42
RTR_IDENTIFY_ACCOUNT_LOCATION_ERRORS1,Router,DEFAULT1,,STAGE_ID2
RTR_IDENTIFY_ACCOUNT_LOCATION_ERRORS1,Router,DEFAULT1,,BATCH_CONTROL_ID12
RTR_IDENTIFY_ACCOUNT_LOCATION_ERRORS1,Router,DEFAULT1,,FEED_ID2
RTR_IDENTIFY_ACCOUNT_LOCATION_ERRORS1,Router,DEFAULT1,,JSON_OUTPUT_OUTPUT_JSON2
RTR_IDENTIFY_ACCOUNT_LOCATION_ERRORS1,Router,DEFAULT1,,PAYMENT_TERMS_POV_CD_OUTPUT_JSON2
RTR_IDENTIFY_ACCOUNT_LOCATION_ERRORS1,Router,DEFAULT1,,PAYMENT_TERMS_BDIV_CD_OUTPUT_JSON2
RTR_IDENTIFY_ACCOUNT_LOCATION_ERRORS1,Router,DEFAULT1,,K_NO_OUTPUT_JSON2
RTR_IDENTIFY_ACCOUNT_LOCATION_ERRORS1,Router,DEFAULT1,,CASH_CONTROL_NO_OUTPUT_JSON2
RTR_IDENTIFY_ACCOUNT_LOCATION_ERRORS1,Router,DEFAULT1,,CCN_ERR_FLG_HEADER_OUTPUT_JSON2
RTR_SPLIT_LIABILITY,Router,OTHER_RECORDS,"SUBSTR(ACC_NO,1,5) <> '01001' OR NOT ISNULL(ACC_NO)",BTC_REF_NO3
RTR_SPLIT_LIABILITY,Router,OTHER_RECORDS,"SUBSTR(ACC_NO,1,5) <> '01001' OR NOT ISNULL(ACC_NO)",MGT_DIV_NO3
RTR_SPLIT_LIABILITY,Router,OTHER_RECORDS,"SUBSTR(ACC_NO,1,5) <> '01001' OR NOT ISNULL(ACC_NO)",SYS_SRC_CD3
RTR_SPLIT_LIABILITY,Router,OTHER_RECORDS,"SUBSTR(ACC_NO,1,5) <> '01001' OR NOT ISNULL(ACC_NO)",KAS_PRJ_CD3
RTR_SPLIT_LIABILITY,Router,OTHER_RECORDS,"SUBSTR(ACC_NO,1,5) <> '01001' OR NOT ISNULL(ACC_NO)",KAS_DIV_NO3
RTR_SPLIT_LIABILITY,Router,OTHER_RECORDS,"SUBSTR(ACC_NO,1,5) <> '01001' OR NOT ISNULL(ACC_NO)",ACC_NO3
RTR_SPLIT_LIABILITY,Router,OTHER_RECORDS,"SUBSTR(ACC_NO,1,5) <> '01001' OR NOT ISNULL(ACC_NO)",DESC3
RTR_SPLIT_LIABILITY,Router,OTHER_RECORDS,"SUBSTR(ACC_NO,1,5) <> '01001' OR NOT ISNULL(ACC_NO)",IDN_NO3
RTR_SPLIT_LIABILITY,Router,OTHER_RECORDS,"SUBSTR(ACC_NO,1,5) <> '01001' OR NOT ISNULL(ACC_NO)",JRL_ENT_NO3
RTR_SPLIT_LIABILITY,Router,OTHER_RECORDS,"SUBSTR(ACC_NO,1,5) <> '01001' OR NOT ISNULL(ACC_NO)",VENDOR_NAME3
RTR_SPLIT_LIABILITY,Router,OTHER_RECORDS,"SUBSTR(ACC_NO,1,5) <> '01001' OR NOT ISNULL(ACC_NO)",OWNER3
RTR_SPLIT_LIABILITY,Router,OTHER_RECORDS,"SUBSTR(ACC_NO,1,5) <> '01001' OR NOT ISNULL(ACC_NO)",YEAR_PERIOD3
RTR_SPLIT_LIABILITY,Router,OTHER_RECORDS,"SUBSTR(ACC_NO,1,5) <> '01001' OR NOT ISNULL(ACC_NO)",STORE_NO3
RTR_SPLIT_LIABILITY,Router,OTHER_RECORDS,"SUBSTR(ACC_NO,1,5) <> '01001' OR NOT ISNULL(ACC_NO)",INV_NO3
RTR_SPLIT_LIABILITY,Router,OTHER_RECORDS,"SUBSTR(ACC_NO,1,5) <> '01001' OR NOT ISNULL(ACC_NO)",FISCAL_WEEK3
RTR_SPLIT_LIABILITY,Router,OTHER_RECORDS,"SUBSTR(ACC_NO,1,5) <> '01001' OR NOT ISNULL(ACC_NO)",PO_NUM3
RTR_SPLIT_LIABILITY,Router,OTHER_RECORDS,"SUBSTR(ACC_NO,1,5) <> '01001' OR NOT ISNULL(ACC_NO)",CA_NO3
RTR_SPLIT_LIABILITY,Router,OTHER_RECORDS,"SUBSTR(ACC_NO,1,5) <> '01001' OR NOT ISNULL(ACC_NO)",DOLLAR_AMT3
RTR_SPLIT_LIABILITY,Router,OTHER_RECORDS,"SUBSTR(ACC_NO,1,5) <> '01001' OR NOT ISNULL(ACC_NO)",DEPT_LOCATION3
RTR_SPLIT_LIABILITY,Router,OTHER_RECORDS,"SUBSTR(ACC_NO,1,5) <> '01001' OR NOT ISNULL(ACC_NO)",SUB_CLASS3
RTR_SPLIT_LIABILITY,Router,OTHER_RECORDS,"SUBSTR(ACC_NO,1,5) <> '01001' OR NOT ISNULL(ACC_NO)",RECEIVER_NUMBER3
RTR_SPLIT_LIABILITY,Router,OTHER_RECORDS,"SUBSTR(ACC_NO,1,5) <> '01001' OR NOT ISNULL(ACC_NO)",UNIQUE_NUMBER3
RTR_SPLIT_LIABILITY,Router,OTHER_RECORDS,"SUBSTR(ACC_NO,1,5) <> '01001' OR NOT ISNULL(ACC_NO)",FILLER3
RTR_LIAB_EXP,Router,EXPENSE,"SUBSTR(TYPE2_ACC_NO,1,5) <> '01001' AND agg_BATCH_ERROR_FLAG = 'N'",INVOICE_ID3
RTR_LIAB_EXP,Router,EXPENSE,"SUBSTR(TYPE2_ACC_NO,1,5) <> '01001' AND agg_BATCH_ERROR_FLAG = 'N'",agg_ORACLE_ACCOUNT_CNT3
RTR_LIAB_EXP,Router,EXPENSE,"SUBSTR(TYPE2_ACC_NO,1,5) <> '01001' AND agg_BATCH_ERROR_FLAG = 'N'",agg_DLT_LOC_CNT3
RTR_LIAB_EXP,Router,EXPENSE,"SUBSTR(TYPE2_ACC_NO,1,5) <> '01001' AND agg_BATCH_ERROR_FLAG = 'N'",agg_BATCH_ERROR_FLAG3
RTR_LIAB_EXP,Router,EXPENSE,"SUBSTR(TYPE2_ACC_NO,1,5) <> '01001' AND agg_BATCH_ERROR_FLAG = 'N'",agg_ERROR_CNT3
RTR_LIAB_EXP,Router,EXPENSE,"SUBSTR(TYPE2_ACC_NO,1,5) <> '01001' AND agg_BATCH_ERROR_FLAG = 'N'",agg_PROCESSED_CNT3
RTR_LIAB_EXP,Router,EXPENSE,"SUBSTR(TYPE2_ACC_NO,1,5) <> '01001' AND agg_BATCH_ERROR_FLAG = 'N'",agg_CCN_CNT3
RTR_LIAB_EXP,Router,EXPENSE,"SUBSTR(TYPE2_ACC_NO,1,5) <> '01001' AND agg_BATCH_ERROR_FLAG = 'N'",STO_NO3
RTR_LIAB_EXP,Router,EXPENSE,"SUBSTR(TYPE2_ACC_NO,1,5) <> '01001' AND agg_BATCH_ERROR_FLAG = 'N'",BIL_DIV_NO3
RTR_LIAB_EXP,Router,EXPENSE,"SUBSTR(TYPE2_ACC_NO,1,5) <> '01001' AND agg_BATCH_ERROR_FLAG = 'N'",GROUP_ID3
RTR_LIAB_EXP,Router,EXPENSE,"SUBSTR(TYPE2_ACC_NO,1,5) <> '01001' AND agg_BATCH_ERROR_FLAG = 'N'",TYPE2_ACC_NO3
RTR_LIAB_EXP,Router,EXPENSE,"SUBSTR(TYPE2_ACC_NO,1,5) <> '01001' AND agg_BATCH_ERROR_FLAG = 'N'",OPERATING_UNIT3
RTR_LIAB_EXP,Router,EXPENSE,"SUBSTR(TYPE2_ACC_NO,1,5) <> '01001' AND agg_BATCH_ERROR_FLAG = 'N'",SOURCE3
RTR_LIAB_EXP,Router,EXPENSE,"SUBSTR(TYPE2_ACC_NO,1,5) <> '01001' AND agg_BATCH_ERROR_FLAG = 'N'",INVOICE_NUM3
RTR_LIAB_EXP,Router,EXPENSE,"SUBSTR(TYPE2_ACC_NO,1,5) <> '01001' AND agg_BATCH_ERROR_FLAG = 'N'",INVOICE_AMOUNT3
RTR_LIAB_EXP,Router,EXPENSE,"SUBSTR(TYPE2_ACC_NO,1,5) <> '01001' AND agg_BATCH_ERROR_FLAG = 'N'",INVOICE_DATE3
RTR_LIAB_EXP,Router,EXPENSE,"SUBSTR(TYPE2_ACC_NO,1,5) <> '01001' AND agg_BATCH_ERROR_FLAG = 'N'",VENDOR_NAME3
RTR_LIAB_EXP,Router,EXPENSE,"SUBSTR(TYPE2_ACC_NO,1,5) <> '01001' AND agg_BATCH_ERROR_FLAG = 'N'",VENDOR_NUM3
RTR_LIAB_EXP,Router,EXPENSE,"SUBSTR(TYPE2_ACC_NO,1,5) <> '01001' AND agg_BATCH_ERROR_FLAG = 'N'",VENDOR_SITE_CODE3
RTR_LIAB_EXP,Router,EXPENSE,"SUBSTR(TYPE2_ACC_NO,1,5) <> '01001' AND agg_BATCH_ERROR_FLAG = 'N'",INVOICE_CURRENCY_CODE3
RTR_LIAB_EXP,Router,EXPENSE,"SUBSTR(TYPE2_ACC_NO,1,5) <> '01001' AND agg_BATCH_ERROR_FLAG = 'N'",PAYMENT_CURRENCY_CODE3
RTR_LIAB_EXP,Router,EXPENSE,"SUBSTR(TYPE2_ACC_NO,1,5) <> '01001' AND agg_BATCH_ERROR_FLAG = 'N'",DESCRIPTION3
RTR_LIAB_EXP,Router,EXPENSE,"SUBSTR(TYPE2_ACC_NO,1,5) <> '01001' AND agg_BATCH_ERROR_FLAG = 'N'",INVOICE_TYPE_LOOKUP_CODE3
RTR_LIAB_EXP,Router,EXPENSE,"SUBSTR(TYPE2_ACC_NO,1,5) <> '01001' AND agg_BATCH_ERROR_FLAG = 'N'",LEGAL_ENTITY_NAME3
RTR_LIAB_EXP,Router,EXPENSE,"SUBSTR(TYPE2_ACC_NO,1,5) <> '01001' AND agg_BATCH_ERROR_FLAG = 'N'",TERMS_NAME3
RTR_LIAB_EXP,Router,EXPENSE,"SUBSTR(TYPE2_ACC_NO,1,5) <> '01001' AND agg_BATCH_ERROR_FLAG = 'N'",TERMS_DATE3
RTR_LIAB_EXP,Router,EXPENSE,"SUBSTR(TYPE2_ACC_NO,1,5) <> '01001' AND agg_BATCH_ERROR_FLAG = 'N'",ACCOUNTING_DATE3
RTR_LIAB_EXP,Router,EXPENSE,"SUBSTR(TYPE2_ACC_NO,1,5) <> '01001' AND agg_BATCH_ERROR_FLAG = 'N'",PAYMENT_METHOD_CODE3
RTR_LIAB_EXP,Router,EXPENSE,"SUBSTR(TYPE2_ACC_NO,1,5) <> '01001' AND agg_BATCH_ERROR_FLAG = 'N'",REMIT_TO_SUPPLIER_NAME3
RTR_LIAB_EXP,Router,EXPENSE,"SUBSTR(TYPE2_ACC_NO,1,5) <> '01001' AND agg_BATCH_ERROR_FLAG = 'N'",REMIT_TO_SUPPLIER_NUM3
RTR_LIAB_EXP,Router,EXPENSE,"SUBSTR(TYPE2_ACC_NO,1,5) <> '01001' AND agg_BATCH_ERROR_FLAG = 'N'",REMIT_TO_ADDRESS_NAME3
RTR_LIAB_EXP,Router,EXPENSE,"SUBSTR(TYPE2_ACC_NO,1,5) <> '01001' AND agg_BATCH_ERROR_FLAG = 'N'",ATTRIBUTE_CATEGORY3
RTR_LIAB_EXP,Router,EXPENSE,"SUBSTR(TYPE2_ACC_NO,1,5) <> '01001' AND agg_BATCH_ERROR_FLAG = 'N'",ATTRIBUTE13
RTR_LIAB_EXP,Router,EXPENSE,"SUBSTR(TYPE2_ACC_NO,1,5) <> '01001' AND agg_BATCH_ERROR_FLAG = 'N'",ATTRIBUTE23
RTR_LIAB_EXP,Router,EXPENSE,"SUBSTR(TYPE2_ACC_NO,1,5) <> '01001' AND agg_BATCH_ERROR_FLAG = 'N'",ATTRIBUTE33
RTR_LIAB_EXP,Router,EXPENSE,"SUBSTR(TYPE2_ACC_NO,1,5) <> '01001' AND agg_BATCH_ERROR_FLAG = 'N'",ATTRIBUTE43
RTR_LIAB_EXP,Router,EXPENSE,"SUBSTR(TYPE2_ACC_NO,1,5) <> '01001' AND agg_BATCH_ERROR_FLAG = 'N'",ATTRIBUTE53
RTR_LIAB_EXP,Router,EXPENSE,"SUBSTR(TYPE2_ACC_NO,1,5) <> '01001' AND agg_BATCH_ERROR_FLAG = 'N'",ATTRIBUTE63
RTR_LIAB_EXP,Router,EXPENSE,"SUBSTR(TYPE2_ACC_NO,1,5) <> '01001' AND agg_BATCH_ERROR_FLAG = 'N'",ATTRIBUTE73
RTR_LIAB_EXP,Router,EXPENSE,"SUBSTR(TYPE2_ACC_NO,1,5) <> '01001' AND agg_BATCH_ERROR_FLAG = 'N'",ATTRIBUTE83
RTR_LIAB_EXP,Router,EXPENSE,"SUBSTR(TYPE2_ACC_NO,1,5) <> '01001' AND agg_BATCH_ERROR_FLAG = 'N'",ATTRIBUTE93
RTR_LIAB_EXP,Router,EXPENSE,"SUBSTR(TYPE2_ACC_NO,1,5) <> '01001' AND agg_BATCH_ERROR_FLAG = 'N'",ATTRIBUTE103
RTR_LIAB_EXP,Router,EXPENSE,"SUBSTR(TYPE2_ACC_NO,1,5) <> '01001' AND agg_BATCH_ERROR_FLAG = 'N'",ATTRIBUTE1113
RTR_LIAB_EXP,Router,EXPENSE,"SUBSTR(TYPE2_ACC_NO,1,5) <> '01001' AND agg_BATCH_ERROR_FLAG = 'N'",ATTRIBUTE1213
RTR_LIAB_EXP,Router,EXPENSE,"SUBSTR(TYPE2_ACC_NO,1,5) <> '01001' AND agg_BATCH_ERROR_FLAG = 'N'",ATTRIBUTE1313
RTR_LIAB_EXP,Router,EXPENSE,"SUBSTR(TYPE2_ACC_NO,1,5) <> '01001' AND agg_BATCH_ERROR_FLAG = 'N'",ATTRIBUTE1413
RTR_LIAB_EXP,Router,EXPENSE,"SUBSTR(TYPE2_ACC_NO,1,5) <> '01001' AND agg_BATCH_ERROR_FLAG = 'N'",ATTRIBUTE153
RTR_LIAB_EXP,Router,EXPENSE,"SUBSTR(TYPE2_ACC_NO,1,5) <> '01001' AND agg_BATCH_ERROR_FLAG = 'N'",ATTRIBUTE_NUMBER13
RTR_LIAB_EXP,Router,EXPENSE,"SUBSTR(TYPE2_ACC_NO,1,5) <> '01001' AND agg_BATCH_ERROR_FLAG = 'N'",ATTRIBUTE_NUMBER23
RTR_LIAB_EXP,Router,EXPENSE,"SUBSTR(TYPE2_ACC_NO,1,5) <> '01001' AND agg_BATCH_ERROR_FLAG = 'N'",ATTRIBUTE_NUMBER33
RTR_LIAB_EXP,Router,EXPENSE,"SUBSTR(TYPE2_ACC_NO,1,5) <> '01001' AND agg_BATCH_ERROR_FLAG = 'N'",LINE_TYPE_LOOKUP_CODE3
RTR_LIAB_EXP,Router,EXPENSE,"SUBSTR(TYPE2_ACC_NO,1,5) <> '01001' AND agg_BATCH_ERROR_FLAG = 'N'",TYPE2_KAS_PRJ_CD3
RTR_LIAB_EXP,Router,EXPENSE,"SUBSTR(TYPE2_ACC_NO,1,5) <> '01001' AND agg_BATCH_ERROR_FLAG = 'N'",TYPE2_KAS_DIV_NO3
RTR_LIAB_EXP,Router,EXPENSE,"SUBSTR(TYPE2_ACC_NO,1,5) <> '01001' AND agg_BATCH_ERROR_FLAG = 'N'",TYPE2_DESC3
RTR_LIAB_EXP,Router,EXPENSE,"SUBSTR(TYPE2_ACC_NO,1,5) <> '01001' AND agg_BATCH_ERROR_FLAG = 'N'",TYPE2_IDN_NO3
RTR_LIAB_EXP,Router,EXPENSE,"SUBSTR(TYPE2_ACC_NO,1,5) <> '01001' AND agg_BATCH_ERROR_FLAG = 'N'",TYPE2_INV_NO3
RTR_LIAB_EXP,Router,EXPENSE,"SUBSTR(TYPE2_ACC_NO,1,5) <> '01001' AND agg_BATCH_ERROR_FLAG = 'N'",TYPE2_JRL_ENT_NO3
RTR_LIAB_EXP,Router,EXPENSE,"SUBSTR(TYPE2_ACC_NO,1,5) <> '01001' AND agg_BATCH_ERROR_FLAG = 'N'",TYPE2_VENDOR_NAME3
RTR_LIAB_EXP,Router,EXPENSE,"SUBSTR(TYPE2_ACC_NO,1,5) <> '01001' AND agg_BATCH_ERROR_FLAG = 'N'",TYPE2_OWNER3
RTR_LIAB_EXP,Router,EXPENSE,"SUBSTR(TYPE2_ACC_NO,1,5) <> '01001' AND agg_BATCH_ERROR_FLAG = 'N'",TYPE2_YEAR_PERIOD3
RTR_LIAB_EXP,Router,EXPENSE,"SUBSTR(TYPE2_ACC_NO,1,5) <> '01001' AND agg_BATCH_ERROR_FLAG = 'N'",TYPE2_STORE_NO3
RTR_LIAB_EXP,Router,EXPENSE,"SUBSTR(TYPE2_ACC_NO,1,5) <> '01001' AND agg_BATCH_ERROR_FLAG = 'N'",TYPE2_FISCAL_WEEK3
RTR_LIAB_EXP,Router,EXPENSE,"SUBSTR(TYPE2_ACC_NO,1,5) <> '01001' AND agg_BATCH_ERROR_FLAG = 'N'",TYPE2_PO_NUM3
RTR_LIAB_EXP,Router,EXPENSE,"SUBSTR(TYPE2_ACC_NO,1,5) <> '01001' AND agg_BATCH_ERROR_FLAG = 'N'",TYPE2_CA_NO3
RTR_LIAB_EXP,Router,EXPENSE,"SUBSTR(TYPE2_ACC_NO,1,5) <> '01001' AND agg_BATCH_ERROR_FLAG = 'N'",TYPE2_DOLLAR_AMT3
RTR_LIAB_EXP,Router,EXPENSE,"SUBSTR(TYPE2_ACC_NO,1,5) <> '01001' AND agg_BATCH_ERROR_FLAG = 'N'",TYPE2_DEPT_LOCATION3
RTR_LIAB_EXP,Router,EXPENSE,"SUBSTR(TYPE2_ACC_NO,1,5) <> '01001' AND agg_BATCH_ERROR_FLAG = 'N'",TYPE2_SUB_CLASS3
RTR_LIAB_EXP,Router,EXPENSE,"SUBSTR(TYPE2_ACC_NO,1,5) <> '01001' AND agg_BATCH_ERROR_FLAG = 'N'",TYPE2_RECEIVER_NUMBER3
RTR_LIAB_EXP,Router,EXPENSE,"SUBSTR(TYPE2_ACC_NO,1,5) <> '01001' AND agg_BATCH_ERROR_FLAG = 'N'",ORACLE_COA_CODE_CONCATENATED3
RTR_LIAB_EXP,Router,EXPENSE,"SUBSTR(TYPE2_ACC_NO,1,5) <> '01001' AND agg_BATCH_ERROR_FLAG = 'N'",o_BILL_DIV_ERROR3
RTR_LIAB_EXP,Router,EXPENSE,"SUBSTR(TYPE2_ACC_NO,1,5) <> '01001' AND agg_BATCH_ERROR_FLAG = 'N'",o_ORACLE_ACC_ERROR_FLAG3
RTR_LIAB_EXP,Router,EXPENSE,"SUBSTR(TYPE2_ACC_NO,1,5) <> '01001' AND agg_BATCH_ERROR_FLAG = 'N'",o_DLT_LOC_ERROR_FLAG3
RTR_LIAB_EXP,Router,EXPENSE,"SUBSTR(TYPE2_ACC_NO,1,5) <> '01001' AND agg_BATCH_ERROR_FLAG = 'N'",MANUFACTURING_v13
RTR_LIAB_EXP,Router,EXPENSE,"SUBSTR(TYPE2_ACC_NO,1,5) <> '01001' AND agg_BATCH_ERROR_FLAG = 'N'",SEGMENT_113
RTR_LIAB_EXP,Router,EXPENSE,"SUBSTR(TYPE2_ACC_NO,1,5) <> '01001' AND agg_BATCH_ERROR_FLAG = 'N'",SEGMENT_213
RTR_LIAB_EXP,Router,EXPENSE,"SUBSTR(TYPE2_ACC_NO,1,5) <> '01001' AND agg_BATCH_ERROR_FLAG = 'N'",SEGMENT_313
RTR_LIAB_EXP,Router,EXPENSE,"SUBSTR(TYPE2_ACC_NO,1,5) <> '01001' AND agg_BATCH_ERROR_FLAG = 'N'",SEGMENT_413
RTR_LIAB_EXP,Router,EXPENSE,"SUBSTR(TYPE2_ACC_NO,1,5) <> '01001' AND agg_BATCH_ERROR_FLAG = 'N'",SEGMENT_513
RTR_LIAB_EXP,Router,EXPENSE,"SUBSTR(TYPE2_ACC_NO,1,5) <> '01001' AND agg_BATCH_ERROR_FLAG = 'N'",SEGMENT_613
RTR_LIAB_EXP,Router,EXPENSE,"SUBSTR(TYPE2_ACC_NO,1,5) <> '01001' AND agg_BATCH_ERROR_FLAG = 'N'",SEGMENT_713
RTR_LIAB_EXP,Router,EXPENSE,"SUBSTR(TYPE2_ACC_NO,1,5) <> '01001' AND agg_BATCH_ERROR_FLAG = 'N'",SEGMENT_813
RTR_LIAB_EXP,Router,EXPENSE,"SUBSTR(TYPE2_ACC_NO,1,5) <> '01001' AND agg_BATCH_ERROR_FLAG = 'N'",SEGMENT_913
RTR_LIAB_EXP,Router,EXPENSE,"SUBSTR(TYPE2_ACC_NO,1,5) <> '01001' AND agg_BATCH_ERROR_FLAG = 'N'",lkp_PYMTTERMS_POV_TX3
RTR_LIAB_EXP,Router,EXPENSE,"SUBSTR(TYPE2_ACC_NO,1,5) <> '01001' AND agg_BATCH_ERROR_FLAG = 'N'",lkp_PYMTTERMS_BDIV_TX3
RTR_LIAB_EXP,Router,EXPENSE,"SUBSTR(TYPE2_ACC_NO,1,5) <> '01001' AND agg_BATCH_ERROR_FLAG = 'N'",o_CCN_ERROR_FLAG3
RTR_LIAB_EXP,Router,EXPENSE,"SUBSTR(TYPE2_ACC_NO,1,5) <> '01001' AND agg_BATCH_ERROR_FLAG = 'N'",o_MGT_DIV_ERROR_FLAG3
RTR_LIAB_EXP,Router,ERROR,agg_BATCH_ERROR_FLAG = 'Y',INVOICE_ID4
RTR_LIAB_EXP,Router,ERROR,agg_BATCH_ERROR_FLAG = 'Y',agg_ORACLE_ACCOUNT_CNT4
RTR_LIAB_EXP,Router,ERROR,agg_BATCH_ERROR_FLAG = 'Y',agg_DLT_LOC_CNT4
RTR_LIAB_EXP,Router,ERROR,agg_BATCH_ERROR_FLAG = 'Y',agg_BATCH_ERROR_FLAG4
RTR_LIAB_EXP,Router,ERROR,agg_BATCH_ERROR_FLAG = 'Y',agg_ERROR_CNT4
RTR_LIAB_EXP,Router,ERROR,agg_BATCH_ERROR_FLAG = 'Y',agg_PROCESSED_CNT4
RTR_LIAB_EXP,Router,ERROR,agg_BATCH_ERROR_FLAG = 'Y',agg_CCN_CNT4
RTR_LIAB_EXP,Router,ERROR,agg_BATCH_ERROR_FLAG = 'Y',STO_NO4
RTR_LIAB_EXP,Router,ERROR,agg_BATCH_ERROR_FLAG = 'Y',BIL_DIV_NO4
RTR_LIAB_EXP,Router,ERROR,agg_BATCH_ERROR_FLAG = 'Y',GROUP_ID4
RTR_LIAB_EXP,Router,ERROR,agg_BATCH_ERROR_FLAG = 'Y',TYPE2_ACC_NO4
RTR_LIAB_EXP,Router,ERROR,agg_BATCH_ERROR_FLAG = 'Y',OPERATING_UNIT4
RTR_LIAB_EXP,Router,ERROR,agg_BATCH_ERROR_FLAG = 'Y',SOURCE4
RTR_LIAB_EXP,Router,ERROR,agg_BATCH_ERROR_FLAG = 'Y',INVOICE_NUM4
RTR_LIAB_EXP,Router,ERROR,agg_BATCH_ERROR_FLAG = 'Y',INVOICE_AMOUNT4
RTR_LIAB_EXP,Router,ERROR,agg_BATCH_ERROR_FLAG = 'Y',INVOICE_DATE4
RTR_LIAB_EXP,Router,ERROR,agg_BATCH_ERROR_FLAG = 'Y',VENDOR_NAME4
RTR_LIAB_EXP,Router,ERROR,agg_BATCH_ERROR_FLAG = 'Y',VENDOR_NUM4
RTR_LIAB_EXP,Router,ERROR,agg_BATCH_ERROR_FLAG = 'Y',VENDOR_SITE_CODE4
RTR_LIAB_EXP,Router,ERROR,agg_BATCH_ERROR_FLAG = 'Y',INVOICE_CURRENCY_CODE4
RTR_LIAB_EXP,Router,ERROR,agg_BATCH_ERROR_FLAG = 'Y',PAYMENT_CURRENCY_CODE4
RTR_LIAB_EXP,Router,ERROR,agg_BATCH_ERROR_FLAG = 'Y',DESCRIPTION4
RTR_LIAB_EXP,Router,ERROR,agg_BATCH_ERROR_FLAG = 'Y',INVOICE_TYPE_LOOKUP_CODE4
RTR_LIAB_EXP,Router,ERROR,agg_BATCH_ERROR_FLAG = 'Y',LEGAL_ENTITY_NAME4
RTR_LIAB_EXP,Router,ERROR,agg_BATCH_ERROR_FLAG = 'Y',TERMS_NAME4
RTR_LIAB_EXP,Router,ERROR,agg_BATCH_ERROR_FLAG = 'Y',TERMS_DATE4
RTR_LIAB_EXP,Router,ERROR,agg_BATCH_ERROR_FLAG = 'Y',ACCOUNTING_DATE4
RTR_LIAB_EXP,Router,ERROR,agg_BATCH_ERROR_FLAG = 'Y',PAYMENT_METHOD_CODE4
RTR_LIAB_EXP,Router,ERROR,agg_BATCH_ERROR_FLAG = 'Y',REMIT_TO_SUPPLIER_NAME4
RTR_LIAB_EXP,Router,ERROR,agg_BATCH_ERROR_FLAG = 'Y',REMIT_TO_SUPPLIER_NUM4
RTR_LIAB_EXP,Router,ERROR,agg_BATCH_ERROR_FLAG = 'Y',REMIT_TO_ADDRESS_NAME4
RTR_LIAB_EXP,Router,ERROR,agg_BATCH_ERROR_FLAG = 'Y',ATTRIBUTE_CATEGORY4
RTR_LIAB_EXP,Router,ERROR,agg_BATCH_ERROR_FLAG = 'Y',ATTRIBUTE14
RTR_LIAB_EXP,Router,ERROR,agg_BATCH_ERROR_FLAG = 'Y',ATTRIBUTE24
RTR_LIAB_EXP,Router,ERROR,agg_BATCH_ERROR_FLAG = 'Y',ATTRIBUTE34
RTR_LIAB_EXP,Router,ERROR,agg_BATCH_ERROR_FLAG = 'Y',ATTRIBUTE44
RTR_LIAB_EXP,Router,ERROR,agg_BATCH_ERROR_FLAG = 'Y',ATTRIBUTE54
RTR_LIAB_EXP,Router,ERROR,agg_BATCH_ERROR_FLAG = 'Y',ATTRIBUTE64
RTR_LIAB_EXP,Router,ERROR,agg_BATCH_ERROR_FLAG = 'Y',ATTRIBUTE74
RTR_LIAB_EXP,Router,ERROR,agg_BATCH_ERROR_FLAG = 'Y',ATTRIBUTE84
RTR_LIAB_EXP,Router,ERROR,agg_BATCH_ERROR_FLAG = 'Y',ATTRIBUTE94
RTR_LIAB_EXP,Router,ERROR,agg_BATCH_ERROR_FLAG = 'Y',ATTRIBUTE104
RTR_LIAB_EXP,Router,ERROR,agg_BATCH_ERROR_FLAG = 'Y',ATTRIBUTE1114
RTR_LIAB_EXP,Router,ERROR,agg_BATCH_ERROR_FLAG = 'Y',ATTRIBUTE1214
RTR_LIAB_EXP,Router,ERROR,agg_BATCH_ERROR_FLAG = 'Y',ATTRIBUTE1314
RTR_LIAB_EXP,Router,ERROR,agg_BATCH_ERROR_FLAG = 'Y',ATTRIBUTE1414
RTR_LIAB_EXP,Router,ERROR,agg_BATCH_ERROR_FLAG = 'Y',ATTRIBUTE154
RTR_LIAB_EXP,Router,ERROR,agg_BATCH_ERROR_FLAG = 'Y',ATTRIBUTE_NUMBER14
RTR_LIAB_EXP,Router,ERROR,agg_BATCH_ERROR_FLAG = 'Y',ATTRIBUTE_NUMBER24
RTR_LIAB_EXP,Router,ERROR,agg_BATCH_ERROR_FLAG = 'Y',ATTRIBUTE_NUMBER34
RTR_LIAB_EXP,Router,ERROR,agg_BATCH_ERROR_FLAG = 'Y',LINE_TYPE_LOOKUP_CODE4
RTR_LIAB_EXP,Router,ERROR,agg_BATCH_ERROR_FLAG = 'Y',TYPE2_KAS_PRJ_CD4
RTR_LIAB_EXP,Router,ERROR,agg_BATCH_ERROR_FLAG = 'Y',TYPE2_KAS_DIV_NO4
RTR_LIAB_EXP,Router,ERROR,agg_BATCH_ERROR_FLAG = 'Y',TYPE2_DESC4
RTR_LIAB_EXP,Router,ERROR,agg_BATCH_ERROR_FLAG = 'Y',TYPE2_IDN_NO4
RTR_LIAB_EXP,Router,ERROR,agg_BATCH_ERROR_FLAG = 'Y',TYPE2_INV_NO4
RTR_LIAB_EXP,Router,ERROR,agg_BATCH_ERROR_FLAG = 'Y',TYPE2_JRL_ENT_NO4
RTR_LIAB_EXP,Router,ERROR,agg_BATCH_ERROR_FLAG = 'Y',TYPE2_VENDOR_NAME4
RTR_LIAB_EXP,Router,ERROR,agg_BATCH_ERROR_FLAG = 'Y',TYPE2_OWNER4
RTR_LIAB_EXP,Router,ERROR,agg_BATCH_ERROR_FLAG = 'Y',TYPE2_YEAR_PERIOD4
RTR_LIAB_EXP,Router,ERROR,agg_BATCH_ERROR_FLAG = 'Y',TYPE2_STORE_NO4
RTR_LIAB_EXP,Router,ERROR,agg_BATCH_ERROR_FLAG = 'Y',TYPE2_FISCAL_WEEK4
RTR_LIAB_EXP,Router,ERROR,agg_BATCH_ERROR_FLAG = 'Y',TYPE2_PO_NUM4
RTR_LIAB_EXP,Router,ERROR,agg_BATCH_ERROR_FLAG = 'Y',TYPE2_CA_NO4
RTR_LIAB_EXP,Router,ERROR,agg_BATCH_ERROR_FLAG = 'Y',TYPE2_DOLLAR_AMT4
RTR_LIAB_EXP,Router,ERROR,agg_BATCH_ERROR_FLAG = 'Y',TYPE2_DEPT_LOCATION4
RTR_LIAB_EXP,Router,ERROR,agg_BATCH_ERROR_FLAG = 'Y',TYPE2_SUB_CLASS4
RTR_LIAB_EXP,Router,ERROR,agg_BATCH_ERROR_FLAG = 'Y',TYPE2_RECEIVER_NUMBER4
RTR_LIAB_EXP,Router,ERROR,agg_BATCH_ERROR_FLAG = 'Y',ORACLE_COA_CODE_CONCATENATED4
RTR_LIAB_EXP,Router,ERROR,agg_BATCH_ERROR_FLAG = 'Y',o_BILL_DIV_ERROR4
RTR_LIAB_EXP,Router,ERROR,agg_BATCH_ERROR_FLAG = 'Y',o_ORACLE_ACC_ERROR_FLAG4
RTR_LIAB_EXP,Router,ERROR,agg_BATCH_ERROR_FLAG = 'Y',o_DLT_LOC_ERROR_FLAG4
RTR_LIAB_EXP,Router,ERROR,agg_BATCH_ERROR_FLAG = 'Y',MANUFACTURING_v14
RTR_LIAB_EXP,Router,ERROR,agg_BATCH_ERROR_FLAG = 'Y',SEGMENT_114
RTR_LIAB_EXP,Router,ERROR,agg_BATCH_ERROR_FLAG = 'Y',SEGMENT_214
RTR_LIAB_EXP,Router,ERROR,agg_BATCH_ERROR_FLAG = 'Y',SEGMENT_314
RTR_LIAB_EXP,Router,ERROR,agg_BATCH_ERROR_FLAG = 'Y',SEGMENT_414
RTR_LIAB_EXP,Router,ERROR,agg_BATCH_ERROR_FLAG = 'Y',SEGMENT_514
RTR_LIAB_EXP,Router,ERROR,agg_BATCH_ERROR_FLAG = 'Y',SEGMENT_614
RTR_LIAB_EXP,Router,ERROR,agg_BATCH_ERROR_FLAG = 'Y',SEGMENT_714
RTR_LIAB_EXP,Router,ERROR,agg_BATCH_ERROR_FLAG = 'Y',SEGMENT_814
RTR_LIAB_EXP,Router,ERROR,agg_BATCH_ERROR_FLAG = 'Y',SEGMENT_914
RTR_LIAB_EXP,Router,ERROR,agg_BATCH_ERROR_FLAG = 'Y',lkp_PYMTTERMS_POV_TX4
RTR_LIAB_EXP,Router,ERROR,agg_BATCH_ERROR_FLAG = 'Y',lkp_PYMTTERMS_BDIV_TX4
RTR_LIAB_EXP,Router,ERROR,agg_BATCH_ERROR_FLAG = 'Y',o_CCN_ERROR_FLAG4
RTR_LIAB_EXP,Router,ERROR,agg_BATCH_ERROR_FLAG = 'Y',o_MGT_DIV_ERROR_FLAG4
RTR_IDENTIFY_ACCOUNT_LOCATION_ERRORS1,Router,ACCOUNT_ERROR,o_ACC_ERR_FLG_HEADER4='Y',SRC_DIVISION_SEGMENT_HEADER41
RTR_IDENTIFY_ACCOUNT_LOCATION_ERRORS1,Router,ACCOUNT_ERROR,o_ACC_ERR_FLG_HEADER4='Y',SRC_ACCOUNT_SEGMENT_HEADER41
RTR_IDENTIFY_ACCOUNT_LOCATION_ERRORS1,Router,ACCOUNT_ERROR,o_ACC_ERR_FLG_HEADER4='Y',SRC_LOCATION_SEGMENT_HEADER41
RTR_IDENTIFY_ACCOUNT_LOCATION_ERRORS1,Router,ACCOUNT_ERROR,o_ACC_ERR_FLG_HEADER4='Y',o_SEGMENT_1_HEADER41
RTR_IDENTIFY_ACCOUNT_LOCATION_ERRORS1,Router,ACCOUNT_ERROR,o_ACC_ERR_FLG_HEADER4='Y',o_SEGMENT_2_HEADER41
RTR_IDENTIFY_ACCOUNT_LOCATION_ERRORS1,Router,ACCOUNT_ERROR,o_ACC_ERR_FLG_HEADER4='Y',o_SEGMENT_3_HEADER41
RTR_IDENTIFY_ACCOUNT_LOCATION_ERRORS1,Router,ACCOUNT_ERROR,o_ACC_ERR_FLG_HEADER4='Y',o_SEGMENT_4_HEADER41
RTR_IDENTIFY_ACCOUNT_LOCATION_ERRORS1,Router,ACCOUNT_ERROR,o_ACC_ERR_FLG_HEADER4='Y',o_SEGMENT_5_HEADER41
RTR_IDENTIFY_ACCOUNT_LOCATION_ERRORS1,Router,ACCOUNT_ERROR,o_ACC_ERR_FLG_HEADER4='Y',o_SEGMENT_6_HEADER41
RTR_IDENTIFY_ACCOUNT_LOCATION_ERRORS1,Router,ACCOUNT_ERROR,o_ACC_ERR_FLG_HEADER4='Y',o_ACC_ERR_FLG_HEADER41
RTR_IDENTIFY_ACCOUNT_LOCATION_ERRORS1,Router,ACCOUNT_ERROR,o_ACC_ERR_FLG_HEADER4='Y',o_LOC_ERR_FLG_HEADER41
RTR_IDENTIFY_ACCOUNT_LOCATION_ERRORS1,Router,ACCOUNT_ERROR,o_ACC_ERR_FLG_HEADER4='Y',o_DIV_ERROR_HEADER41
RTR_IDENTIFY_ACCOUNT_LOCATION_ERRORS1,Router,ACCOUNT_ERROR,o_ACC_ERR_FLG_HEADER4='Y',STAGE_ID1
RTR_IDENTIFY_ACCOUNT_LOCATION_ERRORS1,Router,ACCOUNT_ERROR,o_ACC_ERR_FLG_HEADER4='Y',BATCH_CONTROL_ID11
RTR_IDENTIFY_ACCOUNT_LOCATION_ERRORS1,Router,ACCOUNT_ERROR,o_ACC_ERR_FLG_HEADER4='Y',FEED_ID1
RTR_IDENTIFY_ACCOUNT_LOCATION_ERRORS1,Router,ACCOUNT_ERROR,o_ACC_ERR_FLG_HEADER4='Y',JSON_OUTPUT_OUTPUT_JSON1
RTR_IDENTIFY_ACCOUNT_LOCATION_ERRORS1,Router,ACCOUNT_ERROR,o_ACC_ERR_FLG_HEADER4='Y',PAYMENT_TERMS_POV_CD_OUTPUT_JSON1
RTR_IDENTIFY_ACCOUNT_LOCATION_ERRORS1,Router,ACCOUNT_ERROR,o_ACC_ERR_FLG_HEADER4='Y',PAYMENT_TERMS_BDIV_CD_OUTPUT_JSON1
RTR_IDENTIFY_ACCOUNT_LOCATION_ERRORS1,Router,ACCOUNT_ERROR,o_ACC_ERR_FLG_HEADER4='Y',K_NO_OUTPUT_JSON1
RTR_IDENTIFY_ACCOUNT_LOCATION_ERRORS1,Router,ACCOUNT_ERROR,o_ACC_ERR_FLG_HEADER4='Y',CASH_CONTROL_NO_OUTPUT_JSON1
RTR_IDENTIFY_ACCOUNT_LOCATION_ERRORS1,Router,ACCOUNT_ERROR,o_ACC_ERR_FLG_HEADER4='Y',CCN_ERR_FLG_HEADER_OUTPUT_JSON1
RTR_IDENTIFY_ACCOUNT_LOCATION_ERRORS1,Router,LOCATION_ERROR,o_LOC_ERR_FLG_HEADER4='Y',SRC_DIVISION_SEGMENT_HEADER43
RTR_IDENTIFY_ACCOUNT_LOCATION_ERRORS1,Router,LOCATION_ERROR,o_LOC_ERR_FLG_HEADER4='Y',SRC_ACCOUNT_SEGMENT_HEADER43
RTR_IDENTIFY_ACCOUNT_LOCATION_ERRORS1,Router,LOCATION_ERROR,o_LOC_ERR_FLG_HEADER4='Y',SRC_LOCATION_SEGMENT_HEADER43
RTR_IDENTIFY_ACCOUNT_LOCATION_ERRORS1,Router,LOCATION_ERROR,o_LOC_ERR_FLG_HEADER4='Y',o_SEGMENT_1_HEADER43
RTR_IDENTIFY_ACCOUNT_LOCATION_ERRORS1,Router,LOCATION_ERROR,o_LOC_ERR_FLG_HEADER4='Y',o_SEGMENT_2_HEADER43
RTR_IDENTIFY_ACCOUNT_LOCATION_ERRORS1,Router,LOCATION_ERROR,o_LOC_ERR_FLG_HEADER4='Y',o_SEGMENT_3_HEADER43
RTR_IDENTIFY_ACCOUNT_LOCATION_ERRORS1,Router,LOCATION_ERROR,o_LOC_ERR_FLG_HEADER4='Y',o_SEGMENT_4_HEADER43
RTR_IDENTIFY_ACCOUNT_LOCATION_ERRORS1,Router,LOCATION_ERROR,o_LOC_ERR_FLG_HEADER4='Y',o_SEGMENT_5_HEADER43
RTR_IDENTIFY_ACCOUNT_LOCATION_ERRORS1,Router,LOCATION_ERROR,o_LOC_ERR_FLG_HEADER4='Y',o_SEGMENT_6_HEADER43
RTR_IDENTIFY_ACCOUNT_LOCATION_ERRORS1,Router,LOCATION_ERROR,o_LOC_ERR_FLG_HEADER4='Y',o_ACC_ERR_FLG_HEADER43
RTR_IDENTIFY_ACCOUNT_LOCATION_ERRORS1,Router,LOCATION_ERROR,o_LOC_ERR_FLG_HEADER4='Y',o_LOC_ERR_FLG_HEADER43
RTR_IDENTIFY_ACCOUNT_LOCATION_ERRORS1,Router,LOCATION_ERROR,o_LOC_ERR_FLG_HEADER4='Y',o_DIV_ERROR_HEADER43
RTR_IDENTIFY_ACCOUNT_LOCATION_ERRORS1,Router,LOCATION_ERROR,o_LOC_ERR_FLG_HEADER4='Y',STAGE_ID3
RTR_IDENTIFY_ACCOUNT_LOCATION_ERRORS1,Router,LOCATION_ERROR,o_LOC_ERR_FLG_HEADER4='Y',BATCH_CONTROL_ID13
RTR_IDENTIFY_ACCOUNT_LOCATION_ERRORS1,Router,LOCATION_ERROR,o_LOC_ERR_FLG_HEADER4='Y',FEED_ID3
RTR_IDENTIFY_ACCOUNT_LOCATION_ERRORS1,Router,LOCATION_ERROR,o_LOC_ERR_FLG_HEADER4='Y',JSON_OUTPUT_OUTPUT_JSON3
RTR_IDENTIFY_ACCOUNT_LOCATION_ERRORS1,Router,LOCATION_ERROR,o_LOC_ERR_FLG_HEADER4='Y',PAYMENT_TERMS_POV_CD_OUTPUT_JSON3
RTR_IDENTIFY_ACCOUNT_LOCATION_ERRORS1,Router,LOCATION_ERROR,o_LOC_ERR_FLG_HEADER4='Y',PAYMENT_TERMS_BDIV_CD_OUTPUT_JSON3
RTR_IDENTIFY_ACCOUNT_LOCATION_ERRORS1,Router,LOCATION_ERROR,o_LOC_ERR_FLG_HEADER4='Y',K_NO_OUTPUT_JSON3
RTR_IDENTIFY_ACCOUNT_LOCATION_ERRORS1,Router,LOCATION_ERROR,o_LOC_ERR_FLG_HEADER4='Y',CASH_CONTROL_NO_OUTPUT_JSON3
RTR_IDENTIFY_ACCOUNT_LOCATION_ERRORS1,Router,LOCATION_ERROR,o_LOC_ERR_FLG_HEADER4='Y',CCN_ERR_FLG_HEADER_OUTPUT_JSON3
RTR_IDENTIFY_ACCOUNT_LOCATION_ERRORS1,Router,CCN_ERROR,CCN_ERR_FLG_HEADER_OUTPUT_JSON = 'Y',SRC_DIVISION_SEGMENT_HEADER44
RTR_IDENTIFY_ACCOUNT_LOCATION_ERRORS1,Router,CCN_ERROR,CCN_ERR_FLG_HEADER_OUTPUT_JSON = 'Y',SRC_ACCOUNT_SEGMENT_HEADER44
RTR_IDENTIFY_ACCOUNT_LOCATION_ERRORS1,Router,CCN_ERROR,CCN_ERR_FLG_HEADER_OUTPUT_JSON = 'Y',SRC_LOCATION_SEGMENT_HEADER44
RTR_IDENTIFY_ACCOUNT_LOCATION_ERRORS1,Router,CCN_ERROR,CCN_ERR_FLG_HEADER_OUTPUT_JSON = 'Y',o_SEGMENT_1_HEADER44
RTR_IDENTIFY_ACCOUNT_LOCATION_ERRORS1,Router,CCN_ERROR,CCN_ERR_FLG_HEADER_OUTPUT_JSON = 'Y',o_SEGMENT_2_HEADER44
RTR_IDENTIFY_ACCOUNT_LOCATION_ERRORS1,Router,CCN_ERROR,CCN_ERR_FLG_HEADER_OUTPUT_JSON = 'Y',o_SEGMENT_3_HEADER44
RTR_IDENTIFY_ACCOUNT_LOCATION_ERRORS1,Router,CCN_ERROR,CCN_ERR_FLG_HEADER_OUTPUT_JSON = 'Y',o_SEGMENT_4_HEADER44
RTR_IDENTIFY_ACCOUNT_LOCATION_ERRORS1,Router,CCN_ERROR,CCN_ERR_FLG_HEADER_OUTPUT_JSON = 'Y',o_SEGMENT_5_HEADER44
RTR_IDENTIFY_ACCOUNT_LOCATION_ERRORS1,Router,CCN_ERROR,CCN_ERR_FLG_HEADER_OUTPUT_JSON = 'Y',o_SEGMENT_6_HEADER44
RTR_IDENTIFY_ACCOUNT_LOCATION_ERRORS1,Router,CCN_ERROR,CCN_ERR_FLG_HEADER_OUTPUT_JSON = 'Y',o_ACC_ERR_FLG_HEADER44
RTR_IDENTIFY_ACCOUNT_LOCATION_ERRORS1,Router,CCN_ERROR,CCN_ERR_FLG_HEADER_OUTPUT_JSON = 'Y',o_LOC_ERR_FLG_HEADER44
RTR_IDENTIFY_ACCOUNT_LOCATION_ERRORS1,Router,CCN_ERROR,CCN_ERR_FLG_HEADER_OUTPUT_JSON = 'Y',o_DIV_ERROR_HEADER44
RTR_IDENTIFY_ACCOUNT_LOCATION_ERRORS1,Router,CCN_ERROR,CCN_ERR_FLG_HEADER_OUTPUT_JSON = 'Y',STAGE_ID4
RTR_IDENTIFY_ACCOUNT_LOCATION_ERRORS1,Router,CCN_ERROR,CCN_ERR_FLG_HEADER_OUTPUT_JSON = 'Y',BATCH_CONTROL_ID14
RTR_IDENTIFY_ACCOUNT_LOCATION_ERRORS1,Router,CCN_ERROR,CCN_ERR_FLG_HEADER_OUTPUT_JSON = 'Y',FEED_ID4
RTR_IDENTIFY_ACCOUNT_LOCATION_ERRORS1,Router,CCN_ERROR,CCN_ERR_FLG_HEADER_OUTPUT_JSON = 'Y',JSON_OUTPUT_OUTPUT_JSON4
RTR_IDENTIFY_ACCOUNT_LOCATION_ERRORS1,Router,CCN_ERROR,CCN_ERR_FLG_HEADER_OUTPUT_JSON = 'Y',PAYMENT_TERMS_POV_CD_OUTPUT_JSON4
RTR_IDENTIFY_ACCOUNT_LOCATION_ERRORS1,Router,CCN_ERROR,CCN_ERR_FLG_HEADER_OUTPUT_JSON = 'Y',PAYMENT_TERMS_BDIV_CD_OUTPUT_JSON4
RTR_IDENTIFY_ACCOUNT_LOCATION_ERRORS1,Router,CCN_ERROR,CCN_ERR_FLG_HEADER_OUTPUT_JSON = 'Y',K_NO_OUTPUT_JSON4
RTR_IDENTIFY_ACCOUNT_LOCATION_ERRORS1,Router,CCN_ERROR,CCN_ERR_FLG_HEADER_OUTPUT_JSON = 'Y',CASH_CONTROL_NO_OUTPUT_JSON4
RTR_IDENTIFY_ACCOUNT_LOCATION_ERRORS1,Router,CCN_ERROR,CCN_ERR_FLG_HEADER_OUTPUT_JSON = 'Y',CCN_ERR_FLG_HEADER_OUTPUT_JSON4
